Timestamp,User Count,Type,Name,Requests/s,Failures/s,50%,66%,75%,80%,90%,95%,98%,99%,99.9%,99.99%,100%,Total Request Count,Total Failure Count,Total Median Response Time,Total Average Response Time,Total Min Response Time,Total Max Response Time,Total Average Content Size
1783267937,0,,Aggregated,0.000000,0.000000,N/A,N/A,N/A,N/A,N/A,N/A,N/A,N/A,N/A,N/A,N/A,0,0,0,0.0,0,0,0
1783267938,2,,Aggregated,0.000000,0.000000,360,360,360,360,360,360,360,360,360,360,360,2,0,180,265.7047499960754,175.63280000467785,355.77669998747297,825.0
1783267939,4,,Aggregated,0.000000,0.000000,360,360,510,510,610,610,610,610,610,610,610,6,0,300,355.79174999535707,175.63280000467785,609.9325999966823,825.0
1783267940,6,,Aggregated,2.000000,0.000000,600,610,820,820,820,890,890,890,890,890,890,12,0,510,532.0952916614866,175.63280000467785,894.1318999859504,755.8333333333334
1783267941,8,,Aggregated,2.000000,0.000000,600,650,810,820,890,960,960,960,960,960,960,18,0,510,544.3734666623641,175.63280000467785,955.3756999957841,778.6111111111111
1783267942,10,,Aggregated,2.333333,0.000000,600,670,810,820,890,960,1100,1100,1100,1100,1100,24,0,590,571.0742708288308,175.63280000467785,1119.471700018039,790.0
1783267943,10,,Aggregated,3.750000,0.000000,650,800,820,890,1000,1200,2300,2300,2300,2300,2300,31,0,650,681.9177741896466,175.63280000467785,2342.3085999966133,797.741935483871
1783267944,10,,Aggregated,4.200000,0.000000,670,810,830,960,1100,2300,2300,2300,2300,2300,2300,37,0,670,734.5452675646221,175.63280000467785,2342.3085999966133,757.5675675675676
1783267945,10,,Aggregated,4.666667,0.000000,740,820,960,1000,2000,2300,3200,3200,3200,3200,3200,43,0,740,862.0065023227822,175.63280000467785,3174.5603999879677,766.8837209302326
1783267946,10,,Aggregated,4.857143,0.000000,740,830,970,1100,2300,2600,3200,3200,3200,3200,3200,49,0,740,916.7304632630513,175.63280000467785,3174.5603999879677,740.1020408163265
1783267947,10,,Aggregated,5.000000,0.000000,780,850,1000,1500,2300,3200,3400,4100,4100,4100,4100,57,0,780,1025.2218771911748,175.63280000467785,4102.315700001782,737.140350877193
1783267948,10,,Aggregated,4.888889,0.000000,780,960,1200,1600,2300,2700,3400,4100,4100,4100,4100,64,0,780,1031.5789781234344,175.63280000467785,4102.315700001782,746.484375
1783267949,10,,Aggregated,5.300000,0.000000,780,960,1100,1600,2300,2700,3400,4100,4100,4100,4100,69,0,780,1023.586475360376,175.63280000467785,4102.315700001782,740.1014492753624
1783267950,10,,Aggregated,5.800000,0.000000,800,1000,1300,1800,2300,3000,3400,4100,4100,4100,4100,75,0,800,1076.8872173316777,175.63280000467785,4102.315700001782,746.7333333333333
1783267951,10,,Aggregated,6.300000,0.000000,800,1000,1300,1700,2300,2900,3400,4100,4100,4100,4100,83,0,800,1078.0767506007414,175.63280000467785,4102.315700001782,754.0240963855422
1783267952,10,,Aggregated,6.500000,0.000000,800,1000,1300,1700,2600,3000,4100,4300,4300,4300,4300,88,0,780,1096.7070034077385,175.63280000467785,4298.076599981869,739.2159090909091
1783267953,10,,Aggregated,6.400000,0.000000,800,1000,1300,1700,2600,3000,4100,4300,4300,4300,4300,95,0,800,1109.814448419983,175.63280000467785,4298.076599981869,736.7684210526315
1783267954,10,,Aggregated,6.400000,0.000000,800,1000,1300,1700,2600,2900,3400,4100,4300,4300,4300,101,0,800,1115.4517495041105,175.63280000467785,4298.076599981869,733.7128712871287
1783267955,10,,Aggregated,6.300000,0.000000,810,1100,1300,1700,2800,3100,4100,4300,6100,6100,6100,108,0,800,1164.2228546285576,175.63280000467785,6071.299200004432,731.8425925925926
1783267956,10,,Aggregated,6.400000,0.000000,810,1100,1500,1800,2800,3100,4100,4300,6100,6100,6100,115,0,810,1185.8563643470204,175.63280000467785,6071.299200004432,730.2260869565217
1783267957,10,,Aggregated,6.500000,0.000000,810,1100,1300,1800,2700,3100,4100,4300,6100,6100,6100,121,0,810,1178.4700611562946,175.63280000467785,6071.299200004432,728.0413223140496
1783267958,10,,Aggregated,6.700000,0.000000,820,1100,1500,1800,2800,3100,4100,4300,6100,6100,6100,128,0,810,1188.4419414059266,175.63280000467785,6071.299200004432,733.2265625
1783267959,10,,Aggregated,6.500000,0.000000,820,1100,1500,1800,2700,3100,4100,4300,6100,6100,6100,133,0,820,1186.9917533833523,175.63280000467785,6071.299200004432,730.390977443609
1783267960,10,,Aggregated,6.400000,0.000000,820,1100,1500,1900,2800,3100,4100,4300,6100,6100,6100,139,0,820,1199.560419424343,175.63280000467785,6071.299200004432,728.5035971223022
1783267961,10,,Aggregated,6.300000,0.000000,820,1100,1500,1900,2700,3100,4100,4300,6100,6100,6100,145,0,820,1192.6176427584544,175.63280000467785,6071.299200004432,732.4965517241379
1783267962,10,,Aggregated,6.300000,0.000000,830,1100,1600,1900,2800,3200,4100,6100,6300,6300,6300,151,0,830,1241.6433317880517,175.63280000467785,6346.177700004773,736.1192052980133
1783267963,10,,Aggregated,6.300000,0.000000,830,1100,1600,2000,2800,3300,4100,6100,6300,6300,6300,159,0,830,1248.618565408627,175.63280000467785,6346.177700004773,735.37106918239
1783267964,10,,Aggregated,6.300000,0.000000,850,1200,1700,2000,2800,3200,4100,6100,6300,6300,6300,164,0,850,1251.4702963412785,175.63280000467785,6346.177700004773,738.1036585365854
1783267965,10,,Aggregated,6.300000,0.000000,850,1200,1700,2000,2800,3200,4100,6100,6300,6300,6300,172,0,850,1261.3050220930154,175.63280000467785,6346.177700004773,742.1337209302326
1783267966,10,,Aggregated,6.300000,0.000000,850,1200,1700,1900,2800,3200,4100,6100,6300,6300,6300,178,0,850,1260.0956859549094,175.63280000467785,6346.177700004773,735.6573033707865
1783267967,10,,Aggregated,6.200000,0.000000,850,1200,1700,2000,2700,3100,4100,6100,6300,6300,6300,185,0,850,1257.8043713515965,175.63280000467785,6346.177700004773,730.1189189189189
1783267968,11,,Aggregated,6.300000,0.000000,850,1200,1700,2000,2700,3200,4300,6100,6300,6300,6300,191,0,850,1271.920192670394,175.63280000467785,6346.177700004773,733.0732984293194
1783267969,12,,Aggregated,6.100000,0.000000,880,1200,1700,1900,2700,3200,4300,6100,6300,6300,6300,196,0,850,1268.2982790818419,175.63280000467785,6346.177700004773,723.6632653061224
1783267970,13,,Aggregated,6.300000,0.000000,930,1200,1800,2000,2700,3200,4100,4400,6300,6300,6300,204,0,890,1281.9407240200305,175.63280000467785,6346.177700004773,723.5539215686274
1783267971,14,,Aggregated,6.200000,0.000000,930,1300,1800,1900,2700,3200,4100,4400,6300,6300,6300,211,0,930,1286.3002099530988,175.63280000467785,6346.177700004773,726.8625592417062
1783267972,15,,Aggregated,6.400000,0.000000,890,1300,1800,1900,2700,3200,4100,4400,6300,6300,6300,217,0,890,1277.9777096780253,175.63280000467785,6346.177700004773,729.5483870967741
1783267973,16,,Aggregated,6.400000,0.000000,960,1300,1800,1900,2700,3100,4100,4400,6300,6300,6300,222,0,930,1284.68694279339,175.63280000467785,6346.177700004773,724.2522522522522
1783267974,17,,Aggregated,6.500000,0.000000,990,1300,1800,2000,2700,3200,4100,4400,6300,6300,6300,229,0,990,1301.1029711796132,175.63280000467785,6346.177700004773,720.1091703056769
1783267975,18,,Aggregated,6.500000,0.000000,1000,1500,1900,2100,2800,3400,5100,6100,7400,7400,7400,236,0,1000,1369.7687669496113,175.63280000467785,7414.339800016023,720.3474576271186
1783267976,20,,Aggregated,6.300000,0.000000,1000,1500,1900,2100,2800,3400,5100,6300,7400,7400,7400,243,0,1000,1381.1225938277057,16.938299988396466,7414.339800016023,717.9012345679013
1783267977,20,,Aggregated,6.300000,0.000000,1000,1500,1900,2100,2900,3700,5100,6300,7400,7400,7400,253,0,1000,1434.5736932813552,16.938299988396466,7414.339800016023,714.3359683794466
1783267978,20,,Aggregated,6.500000,0.000000,1000,1500,1900,2100,2900,3700,5100,6300,7400,7400,7400,259,0,1000,1419.7693177613269,16.64159999927506,7414.339800016023,714.3359073359073
1783267979,20,,Aggregated,6.900000,0.000000,1000,1600,2000,2200,2900,3600,5100,6300,7400,7400,7400,266,0,1000,1437.7172353390351,16.64159999927506,7414.339800016023,711.0413533834586
1783267980,20,,Aggregated,6.700000,0.000000,1000,1600,2000,2200,2800,3600,5100,6300,7400,7400,7400,272,0,1000,1439.6168665447049,16.64159999927506,7414.339800016023,713.4816176470588
1783267981,20,,Aggregated,6.900000,0.000000,1000,1700,2000,2300,3000,3900,5300,6900,7400,7400,7400,280,0,1000,1477.8680217862918,16.42060000449419,7414.339800016023,708.3142857142857
1783267982,20,,Aggregated,6.800000,0.000000,1000,1700,2000,2300,3100,4100,6300,7300,8400,8400,8400,288,0,1000,1524.9482024310055,16.42060000449419,8440.13430000632,706.28125
1783267983,20,,Aggregated,6.900000,0.000000,1000,1700,2100,2300,3100,4300,6300,7300,8400,8400,8400,293,0,1000,1548.6802238911994,16.42060000449419,8440.13430000632,708.1877133105802
1783267984,20,,Aggregated,6.900000,0.000000,1000,1700,2100,2300,3300,5100,6500,7400,11000,11000,11000,300,0,1000,1599.7081196671934,16.42060000449419,10513.959000003524,710.7766666666666
1783267985,20,,Aggregated,7.000000,0.000000,1100,1800,2200,2300,3300,5100,6300,7300,11000,11000,11000,308,0,1100,1618.6220094163004,15.949299995554611,10513.959000003524,711.4707792207793
1783267986,20,,Aggregated,7.000000,0.000000,1100,1700,2200,2300,3200,5100,6300,7300,11000,11000,11000,313,0,1100,1616.4905517579639,15.949299995554611,10513.959000003524,708.4760383386581
1783267987,20,,Aggregated,7.200000,0.000000,1100,1800,2300,2400,3400,5100,6900,7500,11000,11000,11000,322,0,1100,1678.4719574541398,15.949299995554611,10513.959000003524,709.5186335403727
1783267988,20,,Aggregated,7.000000,0.000000,1100,1800,2300,2400,3600,5200,7300,8200,11000,11000,11000,330,0,1100,1722.6450569704564,15.949299995554611,10513.959000003524,709.6909090909091
1783267989,20,,Aggregated,6.800000,0.000000,1100,1800,2300,2400,3500,5200,7300,8200,11000,11000,11000,334,0,1100,1716.4251808391489,15.949299995554611,10513.959000003524,708.5479041916168
1783267990,20,,Aggregated,6.900000,0.000000,1100,1800,2300,2400,3600,5300,7300,8200,11000,11000,11000,340,0,1100,1736.355570000802,15.949299995554611,10513.959000003524,710.5264705882353
1783267991,20,,Aggregated,7.000000,0.000000,1100,1800,2300,2500,3800,5200,7300,8200,11000,11000,11000,348,0,1100,1753.7030497133155,15.949299995554611,10513.959000003524,707.014367816092
1783267992,20,,Aggregated,6.800000,0.000000,1100,1900,2300,2500,3900,5300,7300,8200,11000,11000,11000,356,0,1100,1796.9666019668562,15.949299995554611,10513.959000003524,707.806179775281
1783267993,20,,Aggregated,6.700000,0.000000,1100,1900,2300,2600,3900,5300,7300,8200,11000,11000,11000,360,0,1100,1794.8232986116232,15.949299995554611,10513.959000003524,709.1027777777778
1783267994,20,,Aggregated,6.700000,0.000000,1100,1900,2300,2500,3900,5300,7400,8400,13000,13000,13000,366,0,1100,1826.4355912574476,15.949299995554611,12815.780700009782,708.7486338797814
1783267995,20,,Aggregated,6.800000,0.000000,1200,1900,2300,2600,3900,5400,7500,8400,13000,13000,13000,375,0,1200,1860.4745954673272,15.949299995554611,12815.780700009782,701.4346666666667
1783267996,20,,Aggregated,6.700000,0.000000,1200,1900,2300,2600,3900,5300,7500,8400,13000,13000,13000,382,0,1200,1860.9477534037783,15.949299995554611,12815.780700009782,701.5392670157069
1783267997,20,,Aggregated,6.600000,0.000000,1200,1900,2300,2600,4100,5800,8100,10000,13000,13000,13000,390,0,1200,1888.6951479493664,15.446500008692965,12815.780700009782,702.3692307692307
1783267998,20,,Aggregated,6.700000,0.000000,1200,1900,2300,2600,4100,5800,8100,10000,13000,13000,13000,396,0,1200,1897.4229782835769,15.446500008692965,12815.780700009782,702.1439393939394
1783267999,20,,Aggregated,6.600000,0.000000,1200,1900,2300,2600,4100,5400,7600,8400,13000,13000,13000,403,0,1200,1896.2116012414433,15.446500008692965,12815.780700009782,700.5856079404466
1783268000,20,,Aggregated,6.800000,0.000000,1300,1900,2400,2700,4300,5900,8200,9400,13000,13000,13000,409,0,1300,1939.4462134482449,15.446500008692965,12815.780700009782,696.7652811735941
1783268001,20,,Aggregated,6.500000,0.000000,1300,2000,2400,2800,4300,6000,8400,9400,13000,13000,13000,415,0,1300,1961.5790551815867,15.446500008692965,12815.780700009782,698.6072289156626
1783268002,20,,Aggregated,6.800000,0.000000,1300,1900,2400,2700,4300,6000,8400,9400,13000,13000,13000,421,0,1300,1967.4957368179028,15.446500008692965,12815.780700009782,700.396674584323
1783268003,20,,Aggregated,6.700000,0.000000,1300,1900,2400,2800,4300,6100,8400,9400,13000,13000,13000,429,0,1300,1968.9929349657848,15.446500008692965,12815.780700009782,699.2494172494172
1783268004,20,,Aggregated,6.600000,0.000000,1300,2000,2400,2800,4300,6100,8400,9400,13000,13000,13000,434,0,1300,1988.775681798099,15.446500008692965,12815.780700009782,698.7972350230415
1783268005,20,,Aggregated,6.400000,0.000000,1400,2000,2400,2800,4400,6100,8400,9400,13000,13000,13000,441,0,1400,2006.9052707491671,15.446500008692965,12815.780700009782,700.7868480725624
1783268006,20,,Aggregated,6.800000,0.000000,1400,2000,2400,2800,4600,6300,8700,9400,13000,13000,13000,447,0,1400,2036.4788639830176,15.446500008692965,12815.780700009782,700.9686800894855
1783268007,20,,Aggregated,6.600000,0.000000,1400,2000,2400,2900,4600,6300,8400,9400,13000,13000,13000,453,0,1400,2036.0667496698238,15.446500008692965,12815.780700009782,702.5894039735099
1783268008,20,,Aggregated,6.500000,0.000000,1400,2000,2500,3000,4600,6300,8400,9400,13000,13000,13000,460,0,1400,2036.4870632618397,15.446500008692965,12815.780700009782,704.3934782608695
1783268010,20,,Aggregated,6.500000,0.000000,1500,2100,2500,3000,4600,6300,8700,10000,13000,13000,13000,469,0,1500,2067.0186358218916,15.446500008692965,12815.780700009782,703.8955223880597
1783268011,20,,Aggregated,6.300000,0.000000,1500,2100,2500,3000,4600,6500,9300,10000,13000,13000,13000,477,0,1500,2099.187268344837,15.446500008692965,12815.780700009782,702.4549266247379
1783268012,20,,Aggregated,6.400000,0.000000,1500,2100,2500,3000,4600,6300,9300,10000,13000,13000,13000,486,0,1500,2088.8246534990003,15.446500008692965,12815.780700009782,698.6172839506173
1783268013,20,,Aggregated,6.600000,0.000000,1500,2100,2500,3000,4600,6500,9300,10000,13000,13000,13000,491,0,1500,2106.142791446992,15.446500008692965,12815.780700009782,699.8961303462322
1783268014,20,,Aggregated,6.800000,0.000000,1500,2100,2500,3100,4600,6500,9300,10000,13000,13000,13000,498,0,1500,2113.349467270082,15.446500008692965,12815.780700009782,696.6767068273092
1783268015,20,,Aggregated,7.000000,0.000000,1500,2200,2600,3100,4600,6300,9300,10000,13000,13000,13000,507,0,1500,2117.0760656814796,15.446500008692965,12815.780700009782,696.3431952662722
1783268016,20,,Aggregated,6.900000,0.000000,1500,2200,2600,3100,4600,6300,9300,10000,13000,13000,13000,516,0,1500,2109.056988954551,15.446500008692965,12815.780700009782,696.0116279069767
1783268017,20,,Aggregated,6.900000,0.000000,1500,2200,2600,3100,4600,6300,9300,10000,13000,13000,13000,523,0,1500,2116.8262200775275,15.446500008692965,12815.780700009782,697.7284894837476
1783268018,20,,Aggregated,7.400000,0.000000,1500,2200,2600,3100,4600,6300,9300,10000,13000,13000,13000,532,0,1500,2102.9540345874634,15.446500008692965,12815.780700009782,693.0733082706766
1783268019,20,,Aggregated,7.400000,0.000000,1500,2200,2600,3100,4600,6300,9300,10000,13000,13000,13000,538,0,1500,2109.273628811393,15.237799991155043,12815.780700009782,692.089219330855
1783268020,20,,Aggregated,7.700000,0.000000,1500,2200,2600,3100,4600,6300,9300,10000,13000,13000,13000,545,0,1500,2107.6471192670406,15.237799991155043,12815.780700009782,688.051376146789
1783268021,20,,Aggregated,7.800000,0.000000,1600,2200,2700,3100,4600,6500,8700,10000,13000,13000,13000,554,0,1600,2130.211874549662,15.237799991155043,12815.780700009782,689.0938628158844
1783268022,20,,Aggregated,7.800000,0.000000,1600,2200,2700,3100,4600,6500,9300,10000,17000,17000,17000,561,0,1600,2154.2320860972204,15.237799991155043,16589.437800023006,685.2067736185384
1783268023,20,,Aggregated,7.600000,0.000000,1600,2300,2800,3100,4700,6600,9300,10000,17000,17000,17000,570,0,1600,2166.7806280710993,15.237799991155043,16589.437800023006,683.6368421052632
1783268024,20,,Aggregated,7.500000,0.000000,1600,2300,2800,3100,4700,6600,9300,10000,17000,17000,17000,576,0,1600,2170.080902257824,15.237799991155043,16589.437800023006,685.0902777777778
1783268025,20,,Aggregated,7.800000,0.000000,1600,2300,2800,3100,4700,6500,9300,10000,17000,17000,17000,584,0,1600,2168.165547261084,15.237799991155043,16589.437800023006,683.0513698630137
1783268026,20,,Aggregated,7.700000,0.000000,1600,2300,2800,3200,4700,6500,9300,10000,17000,17000,17000,590,0,1600,2175.001665424522,15.237799991155043,16589.437800023006,681.977966101695
1783268027,20,,Aggregated,7.700000,0.000000,1600,2300,2800,3200,4700,6600,9300,10000,17000,17000,17000,597,0,1600,2189.4168767177575,15.237799991155043,16589.437800023006,679.787269681742
1783268028,20,,Aggregated,7.400000,0.000000,1600,2300,2900,3200,4900,6500,8900,10000,17000,17000,17000,605,0,1600,2198.876980000776,15.237799991155043,16589.437800023006,678.1636363636363
1783268029,20,,Aggregated,7.300000,0.000000,1600,2300,2900,3200,4700,6500,8900,10000,17000,17000,17000,613,0,1600,2196.121540131322,14.770900015719235,16589.437800023006,679.0097879282218
1783268030,20,,Aggregated,7.300000,0.000000,1600,2300,2900,3200,5000,6500,8900,10000,17000,17000,17000,620,0,1600,2203.2014233878845,14.770900015719235,16589.437800023006,679.5903225806452
1783268031,20,,Aggregated,7.300000,0.000000,1600,2300,2900,3300,4900,6300,8900,10000,17000,17000,17000,625,0,1600,2213.190770080872,14.770900015719235,16589.437800023006,679.4336
1783268032,20,,Aggregated,7.600000,0.000000,1600,2300,2900,3300,4900,6300,8900,10000,17000,17000,17000,630,0,1600,2211.974395715192,14.770900015719235,16589.437800023006,678.2412698412699
1783268033,20,,Aggregated,7.100000,0.000000,1600,2300,2900,3200,4700,6300,8900,10000,17000,17000,17000,637,0,1600,2210.9116020416777,14.770900015719235,16589.437800023006,679.8540031397174
1783268034,20,,Aggregated,6.800000,0.000000,1600,2300,2900,3300,5000,6600,8900,10000,17000,17000,17000,644,0,1600,2233.71057624303,14.770900015719235,16589.437800023006,681.4239130434783
1783268035,20,,Aggregated,6.600000,0.000000,1600,2300,3000,3300,5000,6600,8700,10000,17000,17000,17000,652,0,1600,2237.7139360437163,14.770900015719235,16589.437800023006,680.9171779141104
1783268036,20,,Aggregated,6.800000,0.000000,1600,2300,3000,3300,5100,6600,8700,10000,17000,17000,17000,659,0,1600,2246.0363558429517,14.770900015719235,16589.437800023006,679.9438543247345
1783268037,20,,Aggregated,6.700000,0.000000,1600,2300,3000,3300,5100,6600,8700,10000,17000,17000,17000,667,0,1600,2251.808664618364,14.770900015719235,16589.437800023006,679.7031484257872
1783268038,20,,Aggregated,6.800000,0.000000,1600,2300,3000,3300,5100,6600,8700,10000,17000,17000,17000,673,0,1600,2257.707551560821,14.770900015719235,16589.437800023006,679.7578008915305
1783268039,20,,Aggregated,6.900000,0.000000,1600,2300,3000,3400,5100,6600,8700,10000,17000,17000,17000,679,0,1600,2267.5956546398656,14.770900015719235,16589.437800023006,681.0338733431516
1783268040,20,,Aggregated,6.900000,0.000000,1600,2400,3000,3400,5100,6600,8700,10000,17000,17000,17000,686,0,1600,2274.5109123914162,14.770900015719235,16589.437800023006,682.4883381924199
1783268041,20,,Aggregated,6.700000,0.000000,1600,2400,3000,3400,5100,6600,8700,10000,17000,17000,17000,693,0,1600,2270.4006125549095,14.770900015719235,16589.437800023006,682.9249639249639
1783268042,20,,Aggregated,6.700000,0.000000,1600,2300,3000,3400,5100,6600,8700,10000,17000,17000,17000,699,0,1600,2263.0298145930865,14.770900015719235,16589.437800023006,684.0872675250357
1783268043,20,,Aggregated,6.700000,0.000000,1600,2400,3000,3500,5100,6600,8700,10000,17000,17000,17000,706,0,1600,2276.1187468846765,14.770900015719235,16589.437800023006,685.4348441926346
1783268044,20,,Aggregated,7.000000,0.000000,1600,2400,3000,3500,5100,6900,8700,10000,17000,17000,17000,713,0,1600,2292.246525526748,14.770900015719235,16589.437800023006,685.6058906030855
1783268045,20,,Aggregated,6.800000,0.000000,1600,2400,3000,3500,5100,6800,8700,10000,17000,17000,17000,722,0,1600,2286.2222716073607,14.770900015719235,16589.437800023006,683.2049861495844
1783268046,20,,Aggregated,6.900000,0.000000,1600,2400,3000,3500,5100,6800,8700,10000,17000,17000,17000,729,0,1600,2288.838539369719,14.770900015719235,16589.437800023006,683.6282578875172
1783268047,20,,Aggregated,6.800000,0.000000,1600,2400,3100,3500,5100,7100,8900,10000,17000,17000,17000,736,0,1600,2301.4287354626504,14.770900015719235,16589.437800023006,682.6902173913044
1783268048,20,,Aggregated,6.900000,0.000000,1600,2400,3100,3500,5100,6900,8900,10000,17000,17000,17000,745,0,1600,2299.5194558396424,14.770900015719235,16589.437800023006,683.4644295302013
1783268049,20,,Aggregated,7.000000,0.000000,1600,2400,3100,3500,5100,6900,8700,10000,17000,17000,17000,751,0,1600,2300.6873800273247,14.770900015719235,16589.437800023006,683.6830892143809
1783268050,20,,Aggregated,7.000000,0.000000,1600,2400,3100,3500,5100,6900,8700,10000,17000,17000,17000,756,0,1600,2298.0662739424374,14.770900015719235,16589.437800023006,681.5449735449736
1783268051,20,,Aggregated,7.100000,0.000000,1600,2400,3100,3600,5100,6900,8700,10000,17000,17000,17000,767,0,1600,2312.80974224313,14.770900015719235,16589.437800023006,681.857887874837
1783268052,20,,Aggregated,7.100000,0.000000,1600,2400,3100,3600,5100,7100,8900,10000,17000,17000,17000,773,0,1600,2316.8550593796413,14.770900015719235,16589.437800023006,681.895213454075
1783268053,20,,Aggregated,7.100000,0.000000,1600,2400,3100,3600,5100,6900,8900,10000,17000,17000,17000,781,0,1600,2311.119334059539,14.770900015719235,16589.437800023006,680.6299615877081
1783268054,20,,Aggregated,7.200000,0.000000,1600,2400,3100,3600,5100,7100,8900,10000,17000,17000,17000,788,0,1600,2319.027085279859,14.770900015719235,16589.437800023006,681.9124365482234
1783268055,20,,Aggregated,7.600000,0.000000,1600,2400,3100,3600,5100,7100,8900,10000,17000,17000,17000,795,0,1600,2329.789458491339,14.770900015719235,16589.437800023006,683.1723270440251
1783268056,20,,Aggregated,7.400000,0.000000,1600,2400,3100,3700,5100,7100,8700,10000,17000,17000,17000,803,0,1600,2341.5703281451706,14.770900015719235,16589.437800023006,684.5728518057285
1783268057,20,,Aggregated,7.500000,0.000000,1700,2400,3100,3600,5100,7100,8700,10000,17000,17000,17000,810,0,1600,2339.262630494511,14.770900015719235,16589.437800023006,684.9728395061728
1783268058,21,,Aggregated,7.400000,0.000000,1700,2400,3100,3600,5100,7100,8700,10000,17000,17000,17000,819,0,1700,2336.293873016527,14.770900015719235,16589.437800023006,684.8913308913309
1783268059,22,,Aggregated,7.200000,0.000000,1600,2400,3100,3600,5100,6900,8700,10000,17000,17000,17000,830,0,1600,2317.799136024782,14.770900015719235,16589.437800023006,681.5975903614458
1783268060,23,,Aggregated,7.300000,0.000000,1600,2400,3100,3600,5100,6900,8700,10000,17000,17000,17000,839,0,1600,2310.5708456503035,14.770900015719235,16589.437800023006,679.0238379022646
1783268061,24,,Aggregated,7.800000,0.000000,1600,2400,3100,3700,5100,6900,8700,10000,17000,17000,17000,845,0,1600,2319.876767811331,14.770900015719235,16589.437800023006,677.3337278106509
1783268062,25,,Aggregated,7.900000,0.000000,1600,2400,3100,3700,5200,7000,8700,10000,17000,17000,17000,855,0,1600,2326.493169708254,14.770900015719235,16589.437800023006,677.514619883041
1783268063,26,,Aggregated,8.000000,0.000000,1600,2400,3100,3700,5100,6900,8700,10000,17000,17000,17000,867,0,1600,2315.210894695008,14.770900015719235,16589.437800023006,674.2722029988466
1783268064,27,,Aggregated,7.800000,0.000000,1600,2400,3100,3700,5100,6900,8700,10000,17000,17000,17000,877,0,1600,2313.803889738411,14.770900015719235,16589.437800023006,672.7867730900798
1783268065,28,,Aggregated,8.200000,0.000000,1600,2400,3100,3700,5100,6900,8700,10000,17000,17000,17000,881,0,1600,2310.8027140755867,14.770900015719235,16589.437800023006,673.472190692395
1783268066,29,,Aggregated,8.600000,0.000000,1700,2400,3100,3700,5200,6900,8700,10000,17000,17000,17000,886,0,1600,2324.96057844307,14.770900015719235,16589.437800023006,673.3905191873589
1783268067,30,,Aggregated,8.700000,0.000000,1700,2400,3100,3700,5100,6800,8700,10000,17000,17000,17000,922,1,1700,2324.454215076616,14.770900015719235,16589.437800023006,654.736442516269
1783268068,31,,Aggregated,8.300000,0.000000,1600,2400,3100,3600,5100,6800,8500,10000,17000,17000,17000,952,1,1600,2268.5878837191394,14.770900015719235,16589.437800023006,648.2605042016806
1783268069,32,,Aggregated,8.300000,0.000000,1600,2400,3100,3500,5100,6600,8500,10000,17000,17000,17000,976,1,1600,2226.734261066191,14.770900015719235,16589.437800023006,644.5379098360655
1783268070,33,,Aggregated,11.900000,0.100000,1600,2300,3000,3400,5000,6600,8400,9500,13000,17000,17000,1001,1,1600,2186.510013586934,14.770900015719235,16589.437800023006,640.4265734265734
1783268071,34,,Aggregated,13.500000,0.100000,1600,2300,3000,3400,4800,6500,8400,9500,13000,17000,17000,1025,1,1600,2150.2227238052883,14.770900015719235,16589.437800023006,636.8351219512195
1783268072,35,,Aggregated,15.200000,0.100000,1600,2300,3000,3300,4800,6500,8400,9500,13000,17000,17000,1038,1,1600,2134.30828333375,14.770900015719235,16589.437800023006,636.4624277456647
1783268073,36,,Aggregated,17.200000,0.100000,1600,2300,2900,3300,4700,6400,8400,9500,13000,17000,17000,1063,1,1600,2106.480352211151,14.770900015719235,16589.437800023006,633.1448730009407
1783268074,37,,Aggregated,18.200000,0.100000,1500,2300,2900,3200,4700,6300,8400,9500,13000,17000,17000,1093,1,1500,2076.1734396161223,14.770900015719235,16589.437800023006,627.964318389753
1783268075,38,,Aggregated,19.000000,0.100000,1500,2300,2900,3200,4700,6300,8300,9400,13000,17000,17000,1119,1,1500,2046.4560451299765,14.770900015719235,16589.437800023006,624.1787310098302
1783268076,39,,Aggregated,20.400000,0.100000,1500,2200,2800,3200,4700,6300,8300,9400,13000,17000,17000,1149,1,1500,2014.066022541665,14.770900015719235,16589.437800023006,620.0809399477807
1783268077,40,,Aggregated,22.400000,0.100000,1400,2200,2800,3100,4600,6200,8300,9400,13000,17000,17000,1173,1,1400,1989.0616636831792,14.770900015719235,16589.437800023006,616.923273657289
1783268078,40,,Aggregated,24.900000,0.100000,1400,2100,2800,3100,4600,6200,8200,9400,13000,17000,17000,1201,1,1400,1963.148375687256,14.770900015719235,16589.437800023006,613.3713572023314
1783268079,40,,Aggregated,27.000000,0.100000,1300,2100,2700,3100,4600,6100,8200,9400,13000,17000,17000,1226,1,1300,1939.4597736544395,14.770900015719235,16589.437800023006,610.5285481239804
1783268080,40,,Aggregated,25.300000,0.000000,1300,2100,2700,3100,4600,6100,8200,9400,13000,17000,17000,1250,1,1300,1918.419467360297,14.770900015719235,16589.437800023006,606.4616
1783268081,40,,Aggregated,25.200000,0.000000,1200,2000,2600,3100,4600,6000,8100,9400,13000,17000,17000,1277,1,1200,1898.1337914646876,14.770900015719235,16589.437800023006,602.4964761158966
1783268082,40,,Aggregated,25.200000,0.000000,1200,2000,2600,3100,4600,6000,8100,9400,13000,17000,17000,1299,1,1200,1884.2755338725417,14.770900015719235,16589.437800023006,600.526558891455
1783268083,40,,Aggregated,25.300000,0.000000,1200,1900,2600,3100,4600,5900,7800,9300,13000,17000,17000,1329,1,1200,1863.9401723854805,14.770900015719235,16589.437800023006,598.0970654627539
1783268084,40,,Aggregated,25.700000,0.000000,1200,1900,2500,3100,4600,5900,7800,9300,13000,17000,17000,1354,1,1200,1849.307131757941,14.770900015719235,16589.437800023006,594.5901033973412
1783268085,40,,Aggregated,26.100000,0.000000,1200,1900,2500,3100,4500,5900,7800,9300,13000,17000,17000,1375,1,1200,1836.5834695274837,14.770900015719235,16589.437800023006,593.7381818181818
1783268086,40,,Aggregated,26.200000,0.000000,1200,1900,2500,3000,4500,5900,7800,9400,13000,17000,17000,1399,1,1200,1828.1909907079073,14.770900015719235,16589.437800023006,591.9220872051466
1783268087,40,,Aggregated,25.600000,0.000000,1100,1900,2500,3000,4500,5800,7800,9300,13000,17000,17000,1426,1,1100,1814.7840990886552,14.770900015719235,16589.437800023006,589.2608695652174
1783268088,40,,Aggregated,25.000000,0.000000,1100,1900,2500,3000,4500,5800,7800,9300,13000,17000,17000,1448,1,1100,1804.8147263814797,14.770900015719235,16589.437800023006,587.2472375690608
1783268089,40,,Aggregated,24.800000,0.000000,1100,1800,2500,3000,4400,5800,7700,9300,13000,17000,17000,1476,1,1100,1790.526926694087,14.770900015719235,16589.437800023006,585.4749322493225
1783268090,40,,Aggregated,24.400000,0.000000,1100,1800,2500,3000,4400,5700,7600,9300,13000,17000,17000,1503,1,1100,1781.4275883570235,14.770900015719235,16589.437800023006,584.4278110445775
1783268091,40,,Aggregated,24.100000,0.000000,1100,1800,2500,3000,4400,5700,7700,9300,13000,17000,17000,1527,1,1100,1777.5584624104379,14.770900015719235,16589.437800023006,581.9246889325475
1783268092,40,,Aggregated,24.400000,0.000000,1100,1800,2400,3000,4300,5700,7600,9300,13000,17000,17000,1551,1,1100,1761.4372064479278,14.770900015719235,16589.437800023006,579.5886524822695
1783268093,40,,Aggregated,24.500000,0.000000,1100,1800,2400,3000,4300,5700,7600,9300,13000,17000,17000,1576,1,1100,1746.4501211933814,14.770900015719235,16589.437800023006,575.4822335025381
1783268094,40,,Aggregated,24.600000,0.000000,1100,1800,2400,3000,4300,5700,7600,9300,13000,17000,17000,1601,1,1100,1739.146495690632,14.770900015719235,16589.437800023006,573.9868831980012
1783268095,40,,Aggregated,24.600000,0.000000,1000,1800,2400,3000,4300,5600,7600,9300,13000,17000,17000,1624,1,1000,1731.0729621925504,14.770900015719235,16589.437800023006,572.0080049261084
1783268096,40,,Aggregated,24.600000,0.000000,1000,1800,2400,2900,4300,5600,7600,9300,13000,17000,17000,1648,1,1000,1717.2063664445352,14.770900015719235,16589.437800023006,570.3901699029126
1783268097,40,,Aggregated,24.800000,0.000000,1000,1800,2400,2900,4300,5600,7600,9300,13000,17000,17000,1672,1,1000,1707.7102068185288,14.770900015719235,16589.437800023006,570.0831339712919
1783268098,40,,Aggregated,24.900000,0.000000,1000,1800,2400,2900,4200,5500,7500,8900,13000,17000,17000,1701,1,1000,1695.788280893965,14.770900015719235,16589.437800023006,567.2157554379777
1783268099,40,,Aggregated,24.800000,0.000000,1000,1800,2400,2900,4300,5600,7600,8900,13000,17000,17000,1726,1,1000,1694.211408864829,14.770900015719235,16589.437800023006,564.5069524913093
1783268100,40,,Aggregated,24.800000,0.000000,990,1700,2400,2900,4300,5600,7600,8900,13000,17000,17000,1747,1,990,1685.7571655986167,14.770900015719235,16589.437800023006,562.978248425873
1783268101,40,,Aggregated,25.600000,0.000000,980,1700,2400,2900,4200,5500,7600,8900,13000,17000,17000,1771,1,980,1675.3097460196032,14.770900015719235,16589.437800023006,561.0508187464709
1783268102,40,,Aggregated,24.800000,0.000000,980,1700,2400,2900,4200,5500,7600,8900,13000,17000,17000,1798,1,980,1666.5862506122055,14.770900015719235,16589.437800023006,558.9944382647386
1783268103,40,,Aggregated,23.900000,0.000000,960,1700,2400,2900,4200,5400,7500,8800,13000,17000,17000,1829,1,960,1656.3060103339535,14.770900015719235,16589.437800023006,556.728813559322
1783268104,40,,Aggregated,24.100000,0.000000,960,1700,2400,2900,4200,5400,7400,8800,13000,17000,17000,1856,1,950,1650.564015841001,14.770900015719235,16589.437800023006,555.4412715517242
1783268105,40,,Aggregated,24.500000,0.000000,940,1700,2300,2800,4100,5400,7400,8800,13000,17000,17000,1883,1,940,1639.4623001066695,14.770900015719235,16589.437800023006,553.47424322889
1783268106,40,,Aggregated,25.000000,0.000000,940,1700,2300,2800,4100,5400,7400,8700,13000,17000,17000,1908,1,930,1630.8435361639263,14.770900015719235,16589.437800023006,551.4334381551363
1783268107,40,,Aggregated,25.200000,0.000000,930,1700,2300,2800,4100,5400,7400,8700,13000,17000,17000,1933,1,930,1619.7876707712535,14.770900015719235,16589.437800023006,549.9798241076047
1783268108,40,,Aggregated,25.600000,0.000000,930,1700,2300,2800,4100,5400,7300,8700,13000,17000,17000,1955,1,930,1616.68927954009,14.770900015719235,16589.437800023006,549.5708439897699
1783268109,40,,Aggregated,25.800000,0.000000,920,1700,2300,2800,4100,5400,7300,8700,13000,17000,17000,1980,1,920,1611.465619949978,14.770900015719235,16589.437800023006,547.9217171717172
1783268110,40,,Aggregated,25.600000,0.000000,920,1700,2300,2800,4100,5300,7300,8700,13000,17000,17000,2002,1,920,1607.389317532947,14.770900015719235,16589.437800023006,547.1278721278721
1783268111,40,,Aggregated,24.900000,0.000000,920,1700,2300,2800,4100,5300,7300,8700,13000,17000,17000,2025,1,920,1602.7264443461163,14.770900015719235,16589.437800023006,547.0083950617284
1783268112,40,,Aggregated,25.300000,0.000000,920,1700,2300,2800,4100,5300,7300,8700,13000,17000,17000,2044,1,920,1599.5901667322537,14.770900015719235,16589.437800023006,546.1130136986301
1783268113,40,,Aggregated,25.400000,0.000000,920,1700,2300,2800,4000,5300,7300,8700,13000,17000,17000,2068,1,920,1593.4058408127594,14.770900015719235,16589.437800023006,545.0585106382979
1783268114,40,,Aggregated,25.300000,0.000000,920,1700,2300,2800,4000,5300,7300,8700,13000,17000,17000,2089,1,920,1592.5095698423627,14.770900015719235,16589.437800023006,544.2671134514121
1783268115,40,,Aggregated,24.600000,0.000000,920,1700,2300,2800,4100,5300,7300,8700,13000,17000,17000,2113,1,920,1590.526396640186,14.770900015719235,16589.437800023006,542.9540937056317
1783268116,40,,Aggregated,23.700000,0.000000,910,1700,2300,2700,4000,5300,7300,8700,13000,17000,17000,2144,1,900,1580.2474909518314,14.770900015719235,16589.437800023006,542.0699626865671
1783268117,40,,Aggregated,23.200000,0.000000,900,1700,2300,2700,4000,5300,7300,8700,13000,17000,17000,2172,1,900,1576.4311996320114,14.770900015719235,16589.437800023006,541.7638121546961
1783268118,40,,Aggregated,22.800000,0.000000,900,1700,2300,2700,4000,5300,7300,8700,13000,17000,17000,2196,1,900,1570.2711092444274,14.770900015719235,16589.437800023006,540.8620218579235
1783268119,40,,Aggregated,23.300000,0.000000,900,1700,2300,2700,4000,5300,7300,8500,13000,17000,17000,2222,1,890,1560.2651836637303,14.770900015719235,16589.437800023006,538.9077407740774
1783268120,40,,Aggregated,24.000000,0.000000,890,1700,2300,2700,4000,5200,7300,8500,13000,17000,17000,2251,1,890,1553.4132875614519,14.770900015719235,16589.437800023006,537.537983118614
1783268121,40,,Aggregated,23.800000,0.000000,890,1700,2300,2700,4000,5200,7300,8500,13000,17000,17000,2281,1,890,1542.4183077162922,14.770900015719235,16589.437800023006,535.7400263042525
1783268122,40,,Aggregated,24.500000,0.000000,880,1700,2300,2700,4000,5200,7300,8500,13000,17000,17000,2309,1,880,1538.1385821138294,14.770900015719235,16589.437800023006,534.2174101342573
1783268123,40,,Aggregated,24.600000,0.000000,880,1600,2300,2700,4000,5200,7300,8500,13000,17000,17000,2341,1,880,1527.332614652217,14.770900015719235,16589.437800023006,533.1008116189663
1783268124,40,,Aggregated,25.300000,0.000000,870,1600,2300,2700,3900,5200,7200,8500,13000,17000,17000,2366,1,870,1519.9218683857825,14.770900015719235,16589.437800023006,530.887573964497
1783268125,40,,Aggregated,26.200000,0.000000,870,1600,2200,2600,3900,5200,7200,8500,13000,17000,17000,2396,1,870,1510.3928469535567,14.770900015719235,16589.437800023006,529.8923205342237
1783268126,40,,Aggregated,27.400000,0.000000,860,1600,2200,2600,3900,5200,7200,8400,13000,17000,17000,2423,1,860,1501.9540330584402,14.770900015719235,16589.437800023006,529.0788278992984
1783268127,40,,Aggregated,27.400000,0.000000,850,1600,2200,2600,3900,5100,7200,8400,13000,17000,17000,2454,1,850,1491.6112286473785,14.770900015719235,16589.437800023006,527.5570497147514
1783268128,40,,Aggregated,28.400000,0.000000,850,1600,2200,2600,3900,5200,7200,8400,13000,17000,17000,2479,1,850,1488.5039928602805,14.770900015719235,16589.437800023006,527.0116982654296
1783268129,40,,Aggregated,27.700000,0.000000,850,1600,2200,2600,3900,5100,7200,8400,13000,17000,17000,2500,1,850,1484.57935560029,14.770900015719235,16589.437800023006,526.4508
1783268130,40,,Aggregated,28.100000,0.000000,850,1600,2200,2600,3900,5100,7100,8400,13000,17000,17000,2520,1,850,1483.5772019844587,14.770900015719235,16589.437800023006,525.7218253968254
1783268131,40,,Aggregated,28.100000,0.000000,850,1600,2200,2600,3900,5100,7100,8400,13000,17000,17000,2538,1,850,1483.694380023932,14.770900015719235,16589.437800023006,526.2147360126083
1783268132,40,,Aggregated,27.300000,0.000000,850,1600,2200,2600,3900,5100,7100,8400,13000,17000,17000,2558,1,850,1482.810477287227,14.770900015719235,16589.437800023006,525.5633307271306
1783268134,40,,Aggregated,27.000000,0.000000,850,1600,2200,2600,3900,5100,7100,8400,13000,17000,17000,2585,1,850,1479.020577563121,14.770900015719235,16589.437800023006,525.0970986460349
1783268135,40,,Aggregated,25.800000,0.000000,850,1600,2200,2600,3900,5100,7000,8300,13000,17000,17000,2605,1,850,1475.6295996931956,14.770900015719235,16589.437800023006,524.2303262955854
1783268136,40,,Aggregated,24.700000,0.000000,850,1600,2200,2600,3900,5100,7100,8300,13000,17000,17000,2629,1,850,1477.3538145304988,14.770900015719235,16589.437800023006,523.5135032331685
1783268137,40,,Aggregated,24.000000,0.000000,850,1600,2200,2600,3900,5100,7000,8300,13000,17000,17000,2651,1,850,1473.4714173144637,14.770900015719235,16589.437800023006,523.2463221425877
1783268138,40,,Aggregated,23.900000,0.000000,840,1600,2200,2600,3900,5100,7000,8300,13000,17000,17000,2679,1,840,1468.6169175067496,14.770900015719235,16589.437800023006,522.3650615901456
1783268139,40,,Aggregated,23.000000,0.000000,840,1600,2200,2500,3900,5100,7000,8300,13000,17000,17000,2706,1,840,1463.6022056912543,14.770900015719235,16589.437800023006,521.5768662232077
1783268140,40,,Aggregated,22.700000,0.000000,840,1600,2100,2500,3900,5100,7100,8400,13000,17000,17000,2734,1,840,1463.9603405634873,14.770900015719235,16589.437800023006,520.4063643013899
1783268141,40,,Aggregated,22.300000,0.000000,840,1600,2100,2500,3900,5100,7100,8400,13000,17000,17000,2756,1,840,1463.9534832004945,14.770900015719235,16589.437800023006,520.3671988388969
1783268142,40,,Aggregated,22.700000,0.000000,840,1600,2100,2500,3900,5100,7100,8400,13000,17000,17000,2780,1,840,1461.0729512951718,14.770900015719235,16589.437800023006,520.3140287769784
1783268143,40,,Aggregated,23.500000,0.000000,840,1600,2100,2500,3900,5100,7100,8300,13000,17000,17000,2803,1,840,1458.4939832325122,14.770900015719235,16589.437800023006,519.7738137709597
1783268144,40,,Aggregated,23.500000,0.000000,840,1600,2100,2500,3900,5100,7100,8300,13000,17000,17000,2826,1,840,1454.4545202762686,14.770900015719235,16589.437800023006,518.6210191082803
1783268145,40,,Aggregated,24.200000,0.000000,840,1600,2100,2500,3900,5100,7000,8300,13000,17000,17000,2856,1,840,1447.7888889708631,14.770900015719235,16589.437800023006,517.1348039215686
1783268146,40,,Aggregated,24.100000,0.000000,840,1600,2100,2500,3800,5100,7000,8300,13000,17000,17000,2884,1,830,1443.6158014565615,14.770900015719235,16589.437800023006,516.630374479889
1783268147,40,,Aggregated,24.900000,0.000000,830,1600,2100,2500,3800,5100,7000,8300,13000,17000,17000,2908,1,830,1440.3256186041197,14.770900015719235,16589.437800023006,515.885144429161
1783268148,40,,Aggregated,25.100000,0.000000,830,1600,2100,2500,3800,5100,7000,8300,13000,17000,17000,2935,1,830,1436.7263396254816,14.770900015719235,16589.437800023006,515.2310051107326
1783268149,40,,Aggregated,25.600000,0.000000,830,1600,2100,2500,3800,5100,7000,8300,13000,17000,17000,2956,1,830,1437.2170405280124,14.770900015719235,16589.437800023006,515.297699594046
1783268150,40,,Aggregated,25.400000,0.000000,830,1600,2100,2500,3800,5100,7000,8300,13000,17000,17000,2980,1,830,1433.6439860405437,14.770900015719235,16589.437800023006,514.7912751677852
1783268151,40,,Aggregated,24.800000,0.000000,830,1600,2100,2500,3800,5100,7000,8300,11000,17000,17000,3005,1,830,1430.2616621966172,14.770900015719235,16589.437800023006,513.9544093178037
1783268152,40,,Aggregated,24.400000,0.000000,830,1600,2100,2500,3800,5100,7000,8300,11000,17000,17000,3026,1,830,1429.4278195640732,14.770900015719235,16589.437800023006,513.8536021150034
1783268153,40,,Aggregated,24.500000,0.000000,830,1600,2100,2500,3800,5000,7000,8300,11000,17000,17000,3050,1,830,1426.26733327898,14.770900015719235,16589.437800023006,513.6960655737705
1783268154,40,,Aggregated,24.200000,0.000000,830,1600,2100,2500,3800,5000,7000,8300,11000,17000,17000,3072,1,830,1423.0421810549578,14.770900015719235,16589.437800023006,513.494140625
1783268155,40,,Aggregated,24.700000,0.000000,830,1600,2100,2500,3800,5100,7000,8300,13000,17000,17000,3099,1,830,1426.4628621816266,14.770900015719235,16589.437800023006,513.1581155211359
1783268156,40,,Aggregated,24.400000,0.000000,830,1600,2100,2500,3800,5100,7000,8300,13000,17000,17000,3121,1,830,1425.8307784045971,14.770900015719235,16589.437800023006,513.1669336751041
1783268157,40,,Aggregated,23.900000,0.000000,830,1600,2100,2500,3800,5100,7000,8300,13000,17000,17000,3139,1,830,1427.7665477224489,14.770900015719235,16589.437800023006,513.67760433259
1783268158,40,,Aggregated,23.900000,0.000000,830,1600,2100,2500,3800,5100,7000,8300,13000,17000,17000,3162,1,830,1425.1527829224183,14.770900015719235,16589.437800023006,513.2488931056293
1783268159,40,,Aggregated,22.900000,0.000000,830,1600,2100,2500,3800,5100,7000,8300,13000,17000,17000,3184,1,830,1423.0155252514842,14.770900015719235,16589.437800023006,513.0515075376884
1783268160,40,,Aggregated,22.700000,0.000000,830,1600,2100,2500,3800,5100,7000,8200,13000,17000,17000,3208,1,830,1423.0666248443863,14.770900015719235,16589.437800023006,512.8672069825436
1783268161,40,,Aggregated,22.700000,0.000000,830,1600,2100,2500,3800,5100,7000,8200,13000,17000,17000,3232,1,830,1419.4475942452812,14.770900015719235,16589.437800023006,511.7332920792079
1783268162,40,,Aggregated,22.600000,0.000000,830,1600,2100,2500,3800,5100,7000,8200,13000,17000,17000,3252,1,830,1420.9873263224954,14.770900015719235,16589.437800023006,511.0950184501845
1783268163,40,,Aggregated,22.800000,0.000000,830,1600,2100,2500,3800,5100,7000,8200,13000,17000,17000,3267,1,830,1419.5351404042792,14.770900015719235,16589.437800023006,510.6011631466177
1783268164,40,,Aggregated,22.600000,0.000000,830,1600,2100,2500,3800,5100,7000,8200,13000,17000,17000,3294,1,830,1422.6316780208995,14.770900015719235,16589.437800023006,510.9471766848816
1783268165,40,,Aggregated,21.700000,0.000000,830,1600,2100,2500,3800,5100,7000,8200,13000,17000,17000,3315,1,830,1422.281704615647,14.770900015719235,16589.437800023006,510.46938159879335
1783268166,40,,Aggregated,22.000000,0.000000,830,1600,2100,2500,3800,5100,7000,8200,13000,17000,17000,3338,1,830,1422.4713314562107,14.770900015719235,16589.437800023006,509.66207309766327
1783268167,40,,Aggregated,22.000000,0.000000,830,1600,2100,2500,3800,5100,7000,8200,13000,17000,17000,3358,1,830,1420.2785360931653,14.770900015719235,16589.437800023006,509.07087552114353
1783268168,40,,Aggregated,21.400000,0.000000,830,1600,2100,2500,3800,5100,7000,8200,13000,17000,17000,3386,1,830,1420.2195043121435,14.770900015719235,16589.437800023006,508.9238038984052
1783268169,40,,Aggregated,21.500000,0.000000,820,1600,2100,2500,3800,5100,7000,8100,13000,17000,17000,3416,1,820,1419.2830115927818,14.770900015719235,16589.437800023006,508.3053278688525
1783268170,40,,Aggregated,22.000000,0.000000,820,1600,2100,2500,3800,5100,7000,8100,13000,17000,17000,3443,1,820,1414.0733677319554,14.770900015719235,16589.437800023006,507.81004937554457
1783268171,40,,Aggregated,22.900000,0.000000,820,1500,2100,2400,3800,5100,7000,8100,13000,17000,17000,3470,1,820,1409.4910912395442,14.770900015719235,16589.437800023006,507.4014409221902
1783268172,40,,Aggregated,23.300000,0.000000,820,1500,2100,2400,3800,5100,7000,8100,13000,17000,17000,3492,1,820,1406.6879876864627,14.770900015719235,16589.437800023006,507.49770904925543
1783268173,40,,Aggregated,23.400000,0.000000,820,1500,2100,2400,3800,5100,6900,8000,13000,17000,17000,3518,1,820,1404.1998365267882,14.770900015719235,16589.437800023006,507.3194997157476
1783268174,40,,Aggregated,23.900000,0.000000,810,1500,2100,2400,3800,5000,6900,8000,13000,17000,17000,3542,1,810,1399.7507047999143,14.770900015719235,16589.437800023006,506.58187464709204
1783268175,40,,Aggregated,24.800000,0.000000,810,1500,2100,2400,3800,5000,6900,8000,13000,17000,17000,3563,1,810,1399.915046842903,14.770900015719235,16589.437800023006,506.58770698849287
1783268176,40,,Aggregated,24.800000,0.000000,820,1500,2100,2400,3800,5000,6900,8000,13000,17000,17000,3579,1,820,1401.7280842696844,14.770900015719235,16589.437800023006,506.9946912545404
1783268177,40,,Aggregated,24.400000,0.000000,820,1600,2100,2400,3800,5100,6900,8100,13000,17000,17000,3594,1,820,1409.7644586258216,14.770900015719235,16589.437800023006,508.08764607679467
1783268178,40,,Aggregated,24.400000,0.000000,820,1600,2100,2400,3800,5000,6900,8000,13000,17000,17000,3619,1,820,1408.6910146452701,14.770900015719235,16589.437800023006,506.8275766786405
1783268179,40,,Aggregated,23.800000,0.000000,820,1600,2100,2400,3800,5000,6900,8000,13000,17000,17000,3628,1,820,1407.5539016817083,14.764599996851757,16589.437800023006,506.70810363836824
1783268180,40,,Aggregated,23.600000,0.000000,830,1600,2100,2500,3800,5000,6900,8000,13000,17000,17000,3640,1,820,1410.6947467036327,14.764599996851757,16589.437800023006,506.4502747252747
1783268181,40,,Aggregated,21.600000,0.000000,830,1600,2100,2500,3800,5000,6900,8000,13000,17000,17000,3647,1,830,1411.1553781741757,14.764599996851757,16589.437800023006,506.4743624897176
1783268182,40,,Aggregated,20.000000,0.000000,830,1600,2100,2500,3800,5000,6900,8000,13000,17000,17000,3657,1,830,1414.2993076022065,14.764599996851757,16589.437800023006,506.6286573694285
1783268183,40,,Aggregated,18.100000,0.000000,830,1600,2100,2500,3800,5100,6900,8000,13000,17000,17000,3671,1,830,1419.7912463909895,14.764599996851757,16589.437800023006,506.41214927812587
1783268184,40,,Aggregated,16.500000,0.000000,830,1600,2100,2500,3800,5100,6900,8000,13000,17000,17000,3682,1,830,1421.1409588270933,14.764599996851757,16589.437800023006,506.29820749592614
1783268185,40,,Aggregated,15.300000,0.000000,830,1600,2100,2500,3800,5100,7000,8100,13000,17000,17000,3689,1,830,1428.7342484416758,14.764599996851757,16589.437800023006,506.27839522905936
1783268186,40,,Aggregated,14.000000,0.000000,830,1600,2100,2500,3800,5100,7000,8200,13000,17000,17000,3696,1,830,1433.2946004873806,14.764599996851757,16589.437800023006,506.8806818181818
1783268187,40,,Aggregated,13.000000,0.000000,830,1600,2100,2500,3800,5100,7000,8200,13000,17000,17000,3701,1,830,1440.4453335588628,14.764599996851757,16589.437800023006,507.3104566333423
1783268188,40,,Aggregated,11.700000,0.000000,840,1600,2100,2500,3900,5200,7100,8300,13000,17000,17000,3708,1,840,1446.760701861203,14.764599996851757,16589.437800023006,507.90884573894283
1783268189,40,,Aggregated,11.000000,0.000000,840,1600,2100,2500,3900,5200,7100,8300,13000,17000,17000,3713,1,840,1453.4885084032721,14.764599996851757,16589.437800023006,508.33584702396985
1783268190,40,,Aggregated,8.900000,0.000000,840,1600,2200,2600,3900,5200,7200,8500,13000,17000,17000,3720,1,840,1468.4528384681191,14.764599996851757,16589.437800023006,508.93172043010753
1783268191,40,,Aggregated,8.500000,0.000000,840,1600,2200,2600,4000,5300,7300,8800,13000,17000,17000,3767,1,840,1487.379613592105,14.764599996851757,16589.437800023006,506.4706663127157
1783268192,40,,Aggregated,8.100000,0.000000,840,1600,2200,2600,3900,5300,7300,8700,13000,17000,17000,3801,1,840,1485.3166288349084,14.764599996851757,16589.437800023006,506.8358326756117
1783268193,40,,Aggregated,10.600000,0.000000,840,1600,2200,2600,3900,5300,7300,8700,13000,17000,17000,3844,2,840,1479.414741285484,14.764599996851757,16589.437800023006,505.9880332986472
1783268194,40,,Aggregated,13.100000,0.000000,820,1600,2100,2500,3900,5300,7300,8700,13000,17000,17000,3891,2,820,1466.2642805709086,14.764599996851757,16589.437800023006,504.5263428424569
1783268195,40,,Aggregated,16.100000,0.100000,820,1500,2100,2500,3900,5300,7300,8700,13000,17000,17000,3928,2,820,1455.7334683302568,14.764599996851757,16589.437800023006,503.12627291242364
1783268196,40,,Aggregated,19.600000,0.100000,810,1500,2100,2500,3900,5300,7200,8700,13000,17000,17000,3967,2,810,1446.134251374177,14.764599996851757,16589.437800023006,502.3395512982102
1783268197,40,,Aggregated,22.100000,0.100000,800,1500,2100,2500,3900,5200,7200,8700,13000,17000,17000,4015,2,800,1433.0099731758949,14.764599996851757,16589.437800023006,502.4002490660025
1783268198,40,,Aggregated,25.600000,0.100000,790,1500,2000,2500,3900,5200,7200,8700,13000,17000,17000,4046,2,790,1423.888778917756,14.764599996851757,16589.437800023006,501.7647058823529
1783268199,40,,Aggregated,29.500000,0.100000,780,1500,2000,2400,3800,5200,7200,8700,13000,17000,17000,4087,2,780,1413.4835542209971,14.764599996851757,16589.437800023006,502.07218008319063
1783268200,40,,Aggregated,32.800000,0.100000,770,1400,2000,2400,3800,5200,7200,8500,13000,17000,17000,4132,3,770,1402.6373265249917,14.764599996851757,16589.437800023006,501.97846079380446
1783268201,40,,Aggregated,35.900000,0.100000,760,1400,2000,2400,3800,5200,7100,8500,13000,17000,17000,4178,3,760,1389.8623887030167,14.764599996851757,16589.437800023006,501.7154140737195
1783268202,40,,Aggregated,38.900000,0.100000,740,1400,1900,2400,3800,5200,7100,8400,13000,17000,17000,4218,3,740,1378.50186102449,14.764599996851757,16589.437800023006,500.8918918918919
1783268203,40,,Aggregated,40.600000,0.200000,730,1400,1900,2400,3800,5100,7100,8400,13000,17000,17000,4248,3,730,1370.205321021968,14.764599996851757,16589.437800023006,500.21492467043316
1783268204,40,,Aggregated,41.400000,0.200000,720,1400,1900,2400,3700,5100,7100,8400,13000,17000,17000,4295,3,720,1358.4353785334768,14.764599996851757,16589.437800023006,499.27636786961585
1783268205,40,,Aggregated,40.700000,0.100000,700,1400,1900,2300,3700,5100,7100,8400,13000,17000,17000,4333,3,700,1348.3295095548583,14.764599996851757,16589.437800023006,498.82737133625665
1783268206,40,,Aggregated,40.200000,0.100000,690,1300,1900,2300,3700,5100,7100,8400,13000,17000,17000,4372,3,690,1338.5852670405523,14.764599996851757,16589.437800023006,498.47003659652336
1783268207,40,,Aggregated,40.500000,0.100000,680,1300,1900,2300,3700,5100,7000,8400,13000,17000,17000,4412,3,680,1329.021352289517,14.764599996851757,16589.437800023006,498.9888939256573
1783268208,40,,Aggregated,41.000000,0.100000,660,1300,1800,2300,3700,5100,7000,8400,13000,17000,17000,4459,3,660,1316.7544477913052,14.764599996851757,16589.437800023006,498.3978470509083
1783268209,40,,Aggregated,39.900000,0.100000,650,1300,1800,2300,3600,5100,7000,8400,13000,17000,17000,4490,3,650,1308.848844588287,14.764599996851757,16589.437800023006,497.7648106904232
1783268210,40,,Aggregated,40.700000,0.100000,630,1200,1800,2300,3600,5000,7000,8300,13000,17000,17000,4531,3,630,1299.3395416467695,14.764599996851757,16589.437800023006,497.7139704259545
1783268211,40,,Aggregated,40.600000,0.100000,630,1200,1800,2300,3600,5000,7000,8300,13000,17000,17000,4566,3,630,1292.4647495185086,14.764599996851757,16589.437800023006,497.4459045116075
1783268212,40,,Aggregated,40.600000,0.100000,620,1200,1800,2200,3600,5000,7000,8300,13000,17000,17000,4617,3,620,1281.2789507475652,14.764599996851757,16589.437800023006,497.10829542993287
1783268213,40,,Aggregated,39.000000,0.000000,610,1200,1700,2200,3600,5000,7000,8300,13000,17000,17000,4649,3,610,1274.0612263930793,14.764599996851757,16589.437800023006,497.26586362658634
1783268214,40,,Aggregated,39.800000,0.000000,600,1200,1700,2200,3600,4900,6900,8300,13000,17000,17000,4686,3,600,1266.8747405252784,14.764599996851757,16589.437800023006,496.8209560392659
1783268215,40,,Aggregated,39.600000,0.000000,590,1200,1700,2200,3500,4900,6900,8200,13000,17000,17000,4733,3,590,1258.5769132688583,14.764599996851757,16589.437800023006,496.4984153813649
1783268216,40,,Aggregated,39.200000,0.000000,580,1100,1700,2200,3500,4900,6900,8200,13000,17000,17000,4770,3,580,1250.4776741722162,14.764599996851757,16589.437800023006,496.37505241090145
1783268217,40,,Aggregated,39.300000,0.000000,570,1100,1700,2100,3500,4900,6900,8200,13000,17000,17000,4816,4,570,1242.0838155733738,14.764599996851757,16589.437800023006,495.6841777408638
1783268218,40,,Aggregated,39.000000,0.000000,560,1100,1700,2100,3400,4900,6800,8200,13000,17000,17000,4859,4,560,1232.6140423547054,14.764599996851757,16589.437800023006,494.5334430952871
1783268219,40,,Aggregated,39.200000,0.000000,550,1100,1700,2100,3400,4900,6800,8200,13000,17000,17000,4896,4,550,1224.6337451800678,14.764599996851757,16589.437800023006,493.87745098039215
1783268220,40,,Aggregated,39.700000,0.100000,530,1100,1700,2100,3400,4800,6800,8200,13000,17000,17000,4936,4,530,1216.328362358497,14.764599996851757,16589.437800023006,493.79700162074556
1783268221,40,,Aggregated,40.000000,0.100000,530,1100,1700,2100,3400,4800,6800,8200,13000,17000,17000,4970,4,530,1209.231886157252,14.764599996851757,16589.437800023006,493.341046277666
1783268222,40,,Aggregated,40.000000,0.100000,520,1100,1600,2100,3400,4800,6700,8100,13000,17000,17000,5013,4,520,1201.8480588074033,14.764599996851757,16589.437800023006,492.9453421105127
1783268223,40,,Aggregated,40.500000,0.100000,510,1000,1600,2000,3300,4800,6600,8100,13000,17000,17000,5054,4,510,1193.7440443810128,14.764599996851757,16589.437800023006,492.51780767708743
1783268224,40,,Aggregated,39.200000,0.100000,500,1000,1600,2000,3300,4800,6600,8100,13000,17000,17000,5091,5,500,1186.6522719901202,14.764599996851757,16589.437800023006,491.9833038695738
1783268225,40,,Aggregated,40.500000,0.100000,500,1000,1600,2000,3300,4700,6600,8100,13000,17000,17000,5132,5,500,1179.6607344508614,14.764599996851757,16589.437800023006,492.29306313328135
1783268226,40,,Aggregated,40.700000,0.200000,500,1000,1600,2000,3300,4700,6600,8100,13000,17000,17000,5164,5,500,1174.3011444813815,14.764599996851757,16589.437800023006,492.1719597211464
1783268227,40,,Aggregated,40.200000,0.200000,500,1000,1600,2000,3300,4700,6600,8100,13000,17000,17000,5198,5,500,1170.7218612931697,14.764599996851757,16589.437800023006,492.5069257406695
1783268228,40,,Aggregated,39.200000,0.200000,500,990,1600,2000,3300,4700,6600,8000,13000,17000,17000,5239,5,500,1166.8035702045927,14.764599996851757,16589.437800023006,492.6829547623592
1783268229,40,,Aggregated,39.300000,0.200000,500,970,1600,1900,3300,4700,6600,8000,13000,17000,17000,5286,5,500,1160.464410178168,14.764599996851757,16589.437800023006,492.64150586454787
1783268230,40,,Aggregated,37.600000,0.100000,490,960,1600,1900,3200,4700,6600,7800,13000,17000,17000,5329,6,490,1154.9164161384585,14.764599996851757,16589.437800023006,492.2261212234941
1783268231,40,,Aggregated,37.800000,0.100000,490,940,1500,1900,3200,4700,6600,7800,13000,17000,17000,5372,6,490,1148.5904707747154,14.764599996851757,16589.437800023006,491.86950856291884
1783268232,40,,Aggregated,38.400000,0.100000,480,930,1500,1900,3200,4700,6500,7800,13000,17000,17000,5418,6,480,1140.9747697862254,14.764599996851757,16589.437800023006,491.46880767811
1783268233,40,,Aggregated,38.900000,0.200000,480,920,1500,1900,3200,4600,6500,7800,13000,17000,17000,5454,6,480,1134.715201723817,14.764599996851757,16589.437800023006,490.63201320132015
1783268234,40,,Aggregated,40.100000,0.200000,470,910,1500,1900,3200,4600,6500,7800,13000,17000,17000,5494,6,470,1127.8725048419512,14.764599996851757,16589.437800023006,490.6277757553695
1783268235,40,,Aggregated,39.800000,0.200000,470,900,1500,1800,3200,4600,6500,7800,13000,17000,17000,5532,6,470,1121.437541323548,14.764599996851757,16589.437800023006,490.0054229934924
1783268236,40,,Aggregated,39.600000,0.100000,460,900,1500,1800,3200,4600,6400,7800,13000,17000,17000,5580,6,460,1113.822728548734,14.764599996851757,16589.437800023006,489.7410394265233
1783268237,40,,Aggregated,40.100000,0.100000,460,890,1500,1800,3200,4600,6400,7700,13000,17000,17000,5615,6,460,1108.1742196797702,14.764599996851757,16589.437800023006,489.0012466607302
1783268238,40,,Aggregated,40.600000,0.100000,450,880,1400,1800,3100,4600,6300,7700,13000,17000,17000,5653,6,450,1102.447350327585,14.764599996851757,16589.437800023006,488.87564125243233
1783268239,40,,Aggregated,41.000000,0.100000,450,880,1400,1800,3100,4600,6300,7700,13000,17000,17000,5696,6,440,1095.5824481568977,14.764599996851757,16589.437800023006,488.54301264044943
1783268240,40,,Aggregated,41.400000,0.100000,440,870,1400,1800,3100,4600,6300,7700,13000,17000,17000,5733,6,440,1089.7285124196133,14.764599996851757,16589.437800023006,488.4999127856271
1783268241,40,,Aggregated,41.800000,0.100000,430,860,1400,1800,3100,4600,6300,7700,13000,17000,17000,5774,6,430,1083.4571783515119,14.764599996851757,16589.437800023006,488.30100450294424
1783268242,40,,Aggregated,41.500000,0.100000,430,850,1400,1800,3100,4600,6300,7600,13000,17000,17000,5812,6,430,1077.9984068998106,14.764599996851757,16589.437800023006,488.02013076393666
1783268243,40,,Aggregated,40.800000,0.000000,420,850,1400,1700,3100,4500,6300,7600,13000,17000,17000,5859,6,420,1071.103296313641,14.764599996851757,16589.437800023006,487.8349547704386
1783268244,40,,Aggregated,40.200000,0.000000,420,840,1400,1700,3100,4500,6300,7600,13000,17000,17000,5892,6,420,1066.0791332827057,14.764599996851757,16589.437800023006,487.43312966734555
1783268245,40,,Aggregated,39.900000,0.000000,410,840,1400,1700,3100,4500,6300,7600,13000,17000,17000,5935,6,410,1059.8723612302917,14.764599996851757,16589.437800023006,487.02358887952823
1783268246,40,,Aggregated,39.900000,0.000000,410,830,1300,1700,3100,4500,6300,7600,13000,17000,17000,5977,6,410,1054.4506480678926,14.764599996851757,16589.437800023006,487.0898444035469
1783268247,40,,Aggregated,40.200000,0.000000,400,820,1300,1700,3000,4500,6300,7600,12000,17000,17000,6016,6,400,1049.0340091758117,14.764599996851757,16589.437800023006,486.6904920212766
1783268248,40,,Aggregated,39.600000,0.000000,400,820,1300,1700,3000,4500,6300,7600,12000,17000,17000,6060,6,400,1042.88428661742,14.764599996851757,16589.437800023006,486.6059405940594
1783268249,40,,Aggregated,40.400000,0.000000,390,810,1300,1700,3000,4400,6300,7600,12000,17000,17000,6097,6,390,1038.0947838611949,14.764599996851757,16589.437800023006,486.63326226012794
1783268250,40,,Aggregated,40.300000,0.000000,390,810,1300,1700,3000,4400,6200,7600,12000,17000,17000,6140,6,390,1032.47747296446,14.764599996851757,16589.437800023006,486.36351791530944
1783268251,40,,Aggregated,39.400000,0.000000,390,800,1300,1700,3000,4400,6200,7600,12000,17000,17000,6180,6,390,1027.076757799639,14.764599996851757,16589.437800023006,486.12216828478967
1783268252,40,,Aggregated,39.500000,0.000000,380,790,1200,1700,3000,4400,6200,7600,12000,17000,17000,6215,6,380,1022.5504263076011,14.764599996851757,16589.437800023006,486.1518905872888
1783268253,40,,Aggregated,40.200000,0.000000,380,790,1200,1700,3000,4400,6200,7600,12000,17000,17000,6254,6,380,1018.0973358653337,14.764599996851757,16589.437800023006,485.960185481292
1783268254,40,,Aggregated,39.700000,0.000000,380,780,1200,1600,3000,4400,6200,7600,12000,17000,17000,6297,6,380,1012.9616936956853,14.764599996851757,16589.437800023006,486.08956646021915
1783268255,40,,Aggregated,39.500000,0.000000,380,780,1200,1600,3000,4400,6200,7600,12000,17000,17000,6341,6,380,1007.5029954110846,14.764599996851757,16589.437800023006,486.0829522157388
1783268256,40,,Aggregated,39.900000,0.000000,380,770,1200,1600,3000,4300,6200,7600,12000,17000,17000,6376,6,380,1002.8857160291233,14.764599996851757,16589.437800023006,485.36919698870764
1783268257,40,,Aggregated,39.800000,0.000000,370,770,1200,1600,2900,4300,6100,7500,12000,17000,17000,6415,6,370,998.5821535310492,14.764599996851757,16589.437800023006,485.3312548713952
1783268258,40,,Aggregated,40.700000,0.000000,370,760,1200,1600,2900,4300,6100,7500,12000,17000,17000,6460,6,370,993.1719211767454,14.764599996851757,16589.437800023006,485.20216718266255
1783268259,40,,Aggregated,39.500000,0.000000,370,750,1200,1600,2900,4300,6100,7500,12000,17000,17000,6492,6,370,989.2544085800641,14.764599996851757,16589.437800023006,485.404651879236
1783268260,40,,Aggregated,40.200000,0.000000,370,750,1100,1600,2900,4300,6100,7500,12000,17000,17000,6530,6,370,986.7266647935284,14.764599996851757,16589.437800023006,485.28361408882085
1783268261,40,,Aggregated,40.500000,0.000000,370,750,1100,1600,2900,4300,6100,7500,12000,17000,17000,6563,7,370,984.7909321654207,14.764599996851757,16589.437800023006,485.45741276855097
1783268262,40,,Aggregated,38.800000,0.000000,380,750,1100,1600,2900,4300,6100,7500,12000,17000,17000,6606,7,380,982.3242673935142,14.764599996851757,16589.437800023006,485.43642143505906
1783268263,40,,Aggregated,38.500000,0.000000,370,740,1100,1600,2900,4200,6000,7500,12000,17000,17000,6659,7,370,977.312905391412,14.764599996851757,16589.437800023006,485.18035741102267
1783268264,40,,Aggregated,38.400000,0.100000,370,730,1100,1600,2900,4200,6000,7500,12000,17000,17000,6698,7,370,973.1738362946274,14.764599996851757,16589.437800023006,485.26171991639296
1783268265,40,,Aggregated,39.000000,0.100000,370,730,1100,1500,2900,4200,6000,7500,12000,17000,17000,6731,7,370,969.7231107861209,14.764599996851757,16589.437800023006,485.1057792304264
1783268266,40,,Aggregated,39.900000,0.100000,370,730,1100,1500,2900,4200,6000,7500,12000,17000,17000,6778,7,370,965.6057828269991,14.764599996851757,16589.437800023006,484.52685157863675
1783268267,40,,Aggregated,39.800000,0.100000,360,720,1100,1500,2800,4200,6000,7400,12000,17000,17000,6823,7,360,960.4132373737998,14.764599996851757,16589.437800023006,484.09497288582736
1783268268,40,,Aggregated,38.800000,0.100000,360,710,1100,1500,2800,4200,6000,7400,12000,17000,17000,6856,7,360,956.6320352248308,14.764599996851757,16589.437800023006,483.90402567094515
1783268269,40,,Aggregated,40.000000,0.100000,360,700,1100,1500,2800,4200,6000,7400,12000,17000,17000,6899,7,360,951.9806830847012,14.764599996851757,16589.437800023006,483.56037106827074
1783268270,40,,Aggregated,39.800000,0.100000,350,700,1000,1500,2800,4200,6000,7400,12000,17000,17000,6933,7,350,948.249512952733,14.764599996851757,16589.437800023006,483.1971729410068
1783268271,40,,Aggregated,39.400000,0.100000,350,690,1000,1500,2800,4100,6000,7400,12000,17000,17000,6978,7,350,944.0310210090611,14.764599996851757,16589.437800023006,482.9110060189166
1783268272,40,,Aggregated,41.600000,0.100000,350,690,1000,1500,2800,4100,6000,7400,12000,17000,17000,7020,7,350,939.4344300286857,14.764599996851757,16589.437800023006,482.85954415954416
1783268273,40,,Aggregated,40.500000,0.100000,340,680,1000,1400,2800,4100,6000,7400,12000,17000,17000,7057,7,340,935.5490947288314,14.764599996851757,16589.437800023006,482.8390250814794
1783268274,40,,Aggregated,41.900000,0.000000,340,670,1000,1400,2800,4100,6000,7300,12000,17000,17000,7101,7,340,931.2819655684284,14.764599996851757,16589.437800023006,482.8763554428954
1783268275,40,,Aggregated,41.300000,0.000000,340,670,1000,1400,2800,4100,6000,7300,12000,17000,17000,7140,7,340,927.3486265548385,14.764599996851757,16589.437800023006,482.88711484593836
1783268276,40,,Aggregated,39.500000,0.000000,330,660,990,1400,2700,4100,6000,7300,12000,17000,17000,7182,7,330,923.4327923561013,14.764599996851757,16589.437800023006,482.81620718462824
1783268277,40,,Aggregated,40.000000,0.000000,330,660,990,1400,2700,4100,5900,7300,12000,17000,17000,7220,7,330,919.9304685320678,14.764599996851757,16589.437800023006,482.6711911357341
1783268278,40,,Aggregated,40.600000,0.000000,330,650,980,1400,2700,4000,5900,7300,12000,17000,17000,7265,7,330,915.2543091536941,14.764599996851757,16589.437800023006,482.25533379215415
1783268279,40,,Aggregated,39.800000,0.000000,330,650,970,1400,2700,4000,5900,7300,12000,17000,17000,7305,8,330,911.0207584122652,14.764599996851757,16589.437800023006,481.9820670773443
1783268280,40,,Aggregated,39.600000,0.000000,320,640,960,1400,2700,4000,5900,7300,12000,17000,17000,7344,8,320,906.9893451799531,14.764599996851757,16589.437800023006,481.728894335512
1783268281,40,,Aggregated,40.500000,0.000000,320,640,940,1400,2700,4000,5900,7300,12000,17000,17000,7385,8,320,903.1214155587767,14.764599996851757,16589.437800023006,481.50873392010834
1783268282,40,,Aggregated,39.700000,0.100000,320,640,940,1400,2700,4000,5900,7300,12000,17000,17000,7412,8,320,900.9266078388525,14.764599996851757,16589.437800023006,481.5256341068538
1783268283,40,,Aggregated,40.500000,0.100000,320,630,930,1300,2600,4000,5900,7300,12000,17000,17000,7458,8,320,897.6956787210536,14.764599996851757,16589.437800023006,481.5132743362832
1783268284,40,,Aggregated,39.700000,0.100000,320,630,930,1300,2600,4000,5900,7300,12000,17000,17000,7499,8,320,894.7346029739414,14.764599996851757,16589.437800023006,481.20029337244966
1783268285,40,,Aggregated,38.600000,0.100000,320,630,920,1300,2600,4000,5900,7300,12000,17000,17000,7536,8,320,891.7849296047644,14.764599996851757,16589.437800023006,481.124601910828
1783268286,40,,Aggregated,39.800000,0.100000,320,630,920,1300,2600,4000,5800,7300,12000,17000,17000,7571,9,320,889.4366859730027,14.764599996851757,16589.437800023006,480.8651433099987
1783268287,40,,Aggregated,39.600000,0.100000,320,620,910,1300,2600,4000,5800,7300,12000,17000,17000,7621,9,320,885.8748108649307,14.764599996851757,16589.437800023006,480.60464505970344
1783268288,40,,Aggregated,39.300000,0.100000,320,620,910,1300,2600,4000,5800,7300,12000,17000,17000,7653,9,320,883.5208884622505,14.764599996851757,16589.437800023006,480.40859793545013
1783268289,40,,Aggregated,39.300000,0.200000,320,620,900,1300,2600,3900,5800,7300,12000,17000,17000,7694,9,320,881.0156706916601,14.764599996851757,16589.437800023006,480.66688328567716
1783268290,40,,Aggregated,39.500000,0.200000,320,620,900,1300,2600,3900,5800,7300,12000,17000,17000,7734,9,320,878.4952062195096,14.764599996851757,16589.437800023006,480.51215412464444
1783268291,40,,Aggregated,38.600000,0.200000,320,610,900,1300,2600,3900,5800,7300,12000,17000,17000,7763,9,320,876.5308554040638,14.764599996851757,16589.437800023006,480.85160376143244
1783268293,40,,Aggregated,38.600000,0.100000,320,610,900,1300,2500,3900,5800,7300,12000,17000,17000,7809,9,320,873.9471182099712,14.764599996851757,16589.437800023006,480.6022538097067
1783268294,40,,Aggregated,37.600000,0.100000,320,610,900,1200,2500,3900,5800,7300,12000,17000,17000,7849,9,320,871.3153375209124,14.764599996851757,16589.437800023006,480.3478150082813
1783268295,40,,Aggregated,37.600000,0.100000,320,610,890,1200,2500,3900,5800,7300,12000,17000,17000,7882,9,320,869.1570083229634,14.764599996851757,16589.437800023006,480.03615833544785
1783268296,40,,Aggregated,39.400000,0.100000,320,610,890,1200,2500,3900,5700,7200,12000,17000,17000,7913,9,320,867.4805210036146,14.764599996851757,16589.437800023006,480.0997093390623
1783268297,40,,Aggregated,37.900000,0.100000,320,610,890,1200,2500,3900,5700,7200,12000,17000,17000,7955,9,320,865.2364796985039,14.764599996851757,16589.437800023006,480.0310496543055
1783268298,40,,Aggregated,37.500000,0.100000,320,610,890,1200,2500,3900,5700,7200,12000,17000,17000,7991,9,320,863.0431067578062,14.764599996851757,16589.437800023006,479.9202853209861
1783268299,40,,Aggregated,37.600000,0.000000,320,610,890,1200,2500,3900,5700,7200,12000,17000,17000,8026,9,320,861.0996956019789,14.764599996851757,16589.437800023006,479.7241465237977
1783268300,40,,Aggregated,36.900000,0.000000,320,610,890,1200,2500,3900,5700,7200,12000,17000,17000,8054,9,320,859.7361849765922,14.764599996851757,16589.437800023006,479.21678668984356
1783268301,40,,Aggregated,36.900000,0.000000,320,610,890,1200,2500,3900,5700,7200,12000,17000,17000,8081,9,320,858.7784202575839,14.764599996851757,16589.437800023006,479.1626036381636
1783268302,40,,Aggregated,35.900000,0.000000,320,610,890,1200,2500,3800,5700,7200,12000,17000,17000,8124,10,320,857.9678770188991,14.764599996851757,16589.437800023006,478.9463318562285
1783268303,40,,Aggregated,34.600000,0.000000,320,610,890,1200,2500,3800,5700,7200,12000,17000,17000,8160,10,320,856.6125298163529,14.764599996851757,16589.437800023006,479.1490196078431
1783268304,40,,Aggregated,35.700000,0.100000,320,610,880,1200,2500,3800,5700,7200,12000,17000,17000,8194,10,320,854.9049391385663,14.764599996851757,16589.437800023006,478.81584085916523
1783268305,40,,Aggregated,34.700000,0.100000,320,600,880,1200,2500,3800,5700,7200,12000,17000,17000,8234,10,320,853.334738389761,14.764599996851757,16589.437800023006,478.5875637600194
1783268306,40,,Aggregated,34.200000,0.100000,310,600,880,1200,2500,3800,5700,7200,12000,17000,17000,8278,10,310,850.7806385843644,14.764599996851757,16589.437800023006,478.2687847306113
1783268307,40,,Aggregated,35.100000,0.100000,310,600,880,1200,2400,3800,5600,7100,12000,17000,17000,8318,10,310,847.9907681896374,14.764599996851757,16589.437800023006,478.02668910795865
1783268308,40,,Aggregated,35.800000,0.100000,310,600,880,1200,2400,3800,5600,7100,12000,17000,17000,8353,10,310,845.3322439364855,14.764599996851757,16589.437800023006,477.8223392793009
1783268309,40,,Aggregated,35.900000,0.100000,310,590,870,1200,2400,3800,5600,7100,12000,17000,17000,8396,10,310,842.3804895309062,14.764599996851757,16589.437800023006,477.62744163887567
1783268310,40,,Aggregated,35.800000,0.100000,310,590,870,1200,2400,3800,5600,7100,12000,17000,17000,8436,10,310,839.3149334046309,14.764599996851757,16589.437800023006,477.4114509246088
1783268311,40,,Aggregated,36.700000,0.100000,310,590,860,1200,2400,3800,5600,7100,12000,17000,17000,8481,10,310,835.8004823489497,14.764599996851757,16589.437800023006,477.0878434146917
1783268312,40,,Aggregated,38.100000,0.100000,300,580,850,1200,2400,3800,5600,7100,12000,17000,17000,8518,10,300,832.5928932145465,14.764599996851757,16589.437800023006,476.5908664005635
1783268313,40,,Aggregated,39.500000,0.100000,300,580,850,1100,2400,3800,5600,7100,12000,17000,17000,8559,10,300,829.4447655802717,14.764599996851757,16589.437800023006,476.42014254001634
1783268314,40,,Aggregated,39.200000,0.000000,300,580,850,1100,2400,3700,5600,7100,12000,17000,17000,8597,10,300,826.6886645110521,14.764599996851757,16589.437800023006,476.2713737350239
1783268315,40,,Aggregated,39.500000,0.000000,300,570,850,1100,2400,3700,5600,7100,12000,17000,17000,8632,10,300,824.5637191266848,14.764599996851757,16589.437800023006,476.14179796107504
1783268316,40,,Aggregated,39.800000,0.000000,300,570,840,1100,2400,3700,5500,7100,12000,17000,17000,8668,10,300,822.4666506000837,14.764599996851757,16589.437800023006,475.6637055837563
1783268317,40,,Aggregated,38.800000,0.000000,300,570,840,1100,2400,3700,5500,7100,12000,17000,17000,8703,10,300,820.7562891418718,14.764599996851757,16589.437800023006,475.3385039641503
1783268318,40,,Aggregated,38.800000,0.000000,300,570,840,1100,2400,3700,5500,7100,12000,17000,17000,8736,10,300,818.914884890314,14.764599996851757,16589.437800023006,475.0033195970696
1783268319,40,,Aggregated,38.600000,0.000000,300,570,840,1100,2400,3700,5500,7100,12000,17000,17000,8778,10,300,817.4982160972789,14.764599996851757,16589.437800023006,475.02688539530646
1783268320,40,,Aggregated,38.500000,0.000000,300,570,840,1100,2300,3700,5500,7000,12000,17000,17000,8816,10,300,815.9340680129187,14.764599996851757,16589.437800023006,475.0420825771325
1783268321,40,,Aggregated,38.100000,0.000000,300,570,840,1100,2300,3700,5500,7000,12000,17000,17000,8846,11,300,814.8795636900088,14.764599996851757,16589.437800023006,475.0614967216821
1783268322,40,,Aggregated,37.200000,0.000000,300,570,840,1100,2300,3700,5400,7000,12000,17000,17000,8886,11,300,813.259983862461,14.764599996851757,16589.437800023006,475.0925050641458
1783268323,40,,Aggregated,36.500000,0.100000,300,570,840,1100,2300,3700,5400,7000,12000,17000,17000,8914,11,300,813.0924020531496,14.764599996851757,16589.437800023006,475.1676015256899
1783268324,40,,Aggregated,36.200000,0.100000,300,570,840,1100,2300,3700,5400,7000,12000,17000,17000,8949,11,300,812.0789729357409,14.764599996851757,16589.437800023006,475.122024807241
1783268325,40,,Aggregated,35.700000,0.100000,300,570,840,1100,2300,3700,5400,7000,12000,17000,17000,8983,11,300,811.0369541358101,14.764599996851757,16589.437800023006,475.00500946231773
1783268326,40,,Aggregated,34.900000,0.100000,300,570,840,1100,2300,3700,5400,7000,11000,17000,17000,9019,11,300,809.6457721479072,14.764599996851757,16589.437800023006,474.6113759840337
1783268327,40,,Aggregated,35.400000,0.100000,300,570,840,1100,2300,3700,5400,7000,11000,17000,17000,9058,11,300,809.0198506626143,14.764599996851757,16589.437800023006,474.46047692647386
1783268328,40,,Aggregated,35.400000,0.100000,300,570,840,1100,2300,3600,5400,7000,11000,17000,17000,9096,11,300,807.2176229883307,14.764599996851757,16589.437800023006,474.3275065963061
1783268329,40,,Aggregated,34.900000,0.100000,300,570,840,1100,2300,3600,5400,7000,11000,17000,17000,9132,11,300,805.3931015442314,14.764599996851757,16589.437800023006,474.1201270258432
1783268330,40,,Aggregated,35.800000,0.100000,300,570,840,1100,2300,3600,5400,7000,11000,17000,17000,9176,11,300,803.3878472430264,14.764599996851757,16589.437800023006,474.08958151700085
1783268331,40,,Aggregated,35.100000,0.100000,300,560,830,1100,2300,3600,5400,7000,11000,17000,17000,9213,11,300,801.6241234453577,14.764599996851757,16589.437800023006,473.99435580158473
1783268332,40,,Aggregated,36.000000,0.100000,300,560,830,1100,2300,3600,5400,7000,11000,17000,17000,9246,11,300,799.9720272985066,14.764599996851757,16589.437800023006,473.9541423318192
1783268333,40,,Aggregated,36.500000,0.000000,300,560,830,1100,2300,3600,5400,7000,11000,17000,17000,9280,11,300,798.788510840731,14.764599996851757,16589.437800023006,473.6784482758621
1783268334,40,,Aggregated,36.400000,0.000000,300,560,830,1100,2300,3600,5400,6900,11000,17000,17000,9308,11,300,798.113297088744,14.764599996851757,16589.437800023006,473.8607649333906
1783268335,40,,Aggregated,36.000000,0.000000,300,560,830,1100,2300,3600,5400,6900,11000,17000,17000,9347,11,300,797.5848394781234,14.764599996851757,16589.437800023006,473.8420883706002
1783268336,40,,Aggregated,35.900000,0.000000,300,560,830,1100,2300,3600,5400,6900,11000,17000,17000,9381,11,300,796.9682100631013,14.764599996851757,16589.437800023006,473.6541946487581
1783268337,40,,Aggregated,35.900000,0.000000,300,560,830,1100,2300,3600,5400,6900,11000,17000,17000,9415,11,300,795.7582748063763,14.764599996851757,16589.437800023006,473.508019118428
1783268338,40,,Aggregated,36.000000,0.000000,300,560,830,1100,2300,3600,5300,6900,11000,17000,17000,9461,11,300,794.5794215624214,14.764599996851757,16589.437800023006,473.48916605010044
1783268339,40,,Aggregated,35.500000,0.000000,300,560,830,1100,2300,3600,5300,6900,11000,17000,17000,9494,11,300,793.5806651044879,14.764599996851757,16589.437800023006,473.4819886243944
1783268340,40,,Aggregated,34.600000,0.000000,300,560,830,1100,2300,3600,5300,6900,11000,17000,17000,9527,11,300,792.4575476647508,14.764599996851757,16589.437800023006,473.686050173192
1783268341,40,,Aggregated,35.900000,0.000000,300,560,830,1100,2300,3600,5300,6900,11000,17000,17000,9559,11,300,791.4232773932471,14.764599996851757,16589.437800023006,473.6187885762109
1783268342,40,,Aggregated,34.500000,0.000000,300,570,830,1100,2300,3600,5300,6900,11000,17000,17000,9589,11,300,791.1408967360505,14.764599996851757,16589.437800023006,473.70966732714567
1783268343,40,,Aggregated,34.000000,0.000000,300,570,830,1100,2300,3500,5300,6900,11000,17000,17000,9625,11,300,791.0212696729369,14.764599996851757,16589.437800023006,473.70254545454543
1783268344,40,,Aggregated,33.900000,0.000000,300,570,830,1100,2200,3500,5300,6900,11000,17000,17000,9654,11,300,790.4930692357522,14.764599996851757,16589.437800023006,473.56474000414335
1783268345,40,,Aggregated,34.000000,0.000000,300,570,830,1100,2300,3500,5300,6900,11000,17000,17000,9685,11,300,790.6591727312358,14.764599996851757,16589.437800023006,473.4178626742385
1783268346,40,,Aggregated,34.300000,0.000000,300,570,830,1100,2300,3500,5300,6800,11000,17000,17000,9712,11,300,790.5903917320755,14.764599996851757,16589.437800023006,473.7584431630972
1783268347,40,,Aggregated,33.800000,0.000000,300,570,840,1100,2300,3500,5300,6800,11000,17000,17000,9746,11,300,790.7716867024459,14.764599996851757,16589.437800023006,473.83336753539913
1783268348,40,,Aggregated,32.600000,0.000000,300,570,840,1100,2300,3500,5300,6800,11000,17000,17000,9778,11,300,790.3705005217907,14.764599996851757,16589.437800023006,473.97330742483126
1783268349,40,,Aggregated,32.900000,0.000000,300,570,840,1100,2300,3500,5300,6800,11000,17000,17000,9815,11,300,790.6301224658213,14.764599996851757,16589.437800023006,474.01192052980133
1783268350,40,,Aggregated,32.200000,0.000000,300,570,840,1100,2300,3500,5300,6800,11000,17000,17000,9848,11,300,789.928833052615,14.764599996851757,16589.437800023006,473.91145410235583
1783268351,40,,Aggregated,31.400000,0.000000,300,570,840,1100,2200,3500,5300,6800,11000,17000,17000,9881,11,300,789.6757761666028,14.764599996851757,16589.437800023006,473.88594271834836
1783268352,40,,Aggregated,32.200000,0.000000,300,570,840,1100,2200,3500,5300,6800,11000,17000,17000,9920,11,300,788.542345806672,14.764599996851757,16589.437800023006,473.5150201612903
1783268353,40,,Aggregated,32.100000,0.000000,300,570,840,1100,2200,3500,5300,6800,11000,17000,17000,9952,11,300,788.3404418913042,14.764599996851757,16589.437800023006,473.8140072347267
1783268354,40,,Aggregated,32.800000,0.000000,300,570,840,1100,2200,3500,5300,6800,11000,17000,17000,9983,11,300,787.5902959132851,14.764599996851757,16589.437800023006,473.7733146348793
1783268355,40,,Aggregated,33.000000,0.000000,300,570,840,1100,2200,3500,5300,6700,11000,14000,17000,10018,11,300,786.9330930128117,14.764599996851757,16589.437800023006,473.7654222399681
1783268356,40,,Aggregated,32.900000,0.000000,300,570,840,1100,2200,3400,5200,6700,11000,14000,17000,10056,11,300,786.790354763568,14.764599996851757,16589.437800023006,473.35212808273667
1783268357,40,,Aggregated,32.900000,0.000000,300,580,840,1100,2200,3400,5200,6700,11000,14000,17000,10094,11,300,785.6464872897217,14.764599996851757,16589.437800023006,473.31573211808995
1783268358,40,,Aggregated,33.700000,0.000000,300,580,840,1100,2200,3400,5200,6600,11000,14000,17000,10129,11,300,784.618762661908,14.764599996851757,16589.437800023006,473.28265376641326
1783268359,40,,Aggregated,34.400000,0.000000,300,580,840,1100,2200,3400,5200,6600,11000,14000,17000,10162,11,300,783.6226272586737,14.764599996851757,16589.437800023006,473.3282818342846
1783268360,40,,Aggregated,35.500000,0.000000,300,580,840,1100,2200,3400,5200,6600,11000,14000,17000,10196,11,300,783.1482982152471,14.764599996851757,16589.437800023006,473.42261671243625
1783268361,40,,Aggregated,34.700000,0.000000,300,580,840,1100,2200,3400,5200,6600,11000,14000,17000,10242,11,300,781.7572607501003,14.764599996851757,16589.437800023006,472.8153680921695
1783268362,40,,Aggregated,34.500000,0.000000,300,580,840,1100,2200,3400,5200,6600,11000,14000,17000,10275,11,300,780.9261837861408,14.764599996851757,16589.437800023006,472.7181508515815
1783268363,40,,Aggregated,35.000000,0.000000,300,580,840,1100,2200,3400,5200,6600,11000,14000,17000,10310,11,300,779.9046610186912,14.764599996851757,16589.437800023006,472.84791464597475
1783268364,40,,Aggregated,35.200000,0.000000,300,580,840,1100,2200,3400,5200,6600,11000,14000,17000,10351,11,300,778.4943153417772,14.764599996851757,16589.437800023006,472.72592020094675
1783268365,40,,Aggregated,35.300000,0.000000,300,570,840,1100,2200,3400,5200,6600,11000,14000,17000,10398,11,300,776.4872313909138,14.764599996851757,16589.437800023006,472.46797461050204
1783268366,40,,Aggregated,36.300000,0.000000,300,570,830,1100,2200,3300,5200,6600,11000,14000,17000,10441,11,300,774.1629335028075,14.764599996851757,16589.437800023006,471.9969351594675
1783268367,40,,Aggregated,36.900000,0.000000,300,570,830,1100,2200,3300,5200,6600,11000,14000,17000,10468,11,300,772.7680239112316,14.764599996851757,16589.437800023006,472.11883836453956
1783268368,40,,Aggregated,37.400000,0.000000,300,570,830,1100,2200,3300,5200,6600,11000,14000,17000,10505,11,300,771.2068349360075,14.764599996851757,16589.437800023006,471.91603998096144
1783268369,40,,Aggregated,37.600000,0.000000,300,570,830,1100,2200,3300,5200,6600,11000,14000,17000,10541,11,300,770.0894528794905,14.764599996851757,16589.437800023006,472.026847547671
1783268370,40,,Aggregated,36.800000,0.000000,300,570,830,1100,2200,3300,5200,6600,11000,14000,17000,10580,11,300,769.1133281382673,14.764599996851757,16589.437800023006,472.0960302457467
1783268371,40,,Aggregated,37.200000,0.000000,300,570,830,1100,2100,3300,5200,6600,11000,14000,17000,10621,11,300,767.4739851899983,14.764599996851757,16589.437800023006,471.7243197439036
1783268372,40,,Aggregated,37.300000,0.000000,300,570,830,1100,2100,3300,5100,6600,11000,14000,17000,10652,11,300,766.1048649082815,14.764599996851757,16589.437800023006,471.31346226060833
1783268373,40,,Aggregated,38.200000,0.000000,300,570,820,1100,2100,3300,5100,6600,11000,14000,17000,10691,11,300,764.7463448978607,14.764599996851757,16589.437800023006,471.1849218969226
1783268374,40,,Aggregated,37.200000,0.000000,300,560,820,1100,2100,3300,5100,6600,11000,14000,17000,10726,11,300,763.8427106566314,14.764599996851757,16589.437800023006,471.2893902666418
1783268375,40,,Aggregated,37.300000,0.000000,300,560,820,1100,2100,3300,5100,6600,11000,14000,17000,10765,11,300,762.6189517884698,14.764599996851757,16589.437800023006,471.17594054807245
1783268376,40,,Aggregated,36.900000,0.000000,300,560,820,1100,2100,3300,5100,6500,11000,14000,17000,10806,11,300,761.3251491488805,14.764599996851757,16589.437800023006,471.1285397001666
1783268377,40,,Aggregated,36.800000,0.000000,300,560,820,1100,2100,3300,5100,6500,11000,14000,17000,10846,11,300,759.7956410845317,14.764599996851757,16589.437800023006,470.77143647427624
1783268378,40,,Aggregated,37.000000,0.000000,300,560,820,1100,2100,3300,5100,6500,11000,14000,17000,10884,11,300,758.1769153622557,14.764599996851757,16589.437800023006,470.50597206909225
1783268379,40,,Aggregated,36.600000,0.000000,300,560,820,1100,2100,3300,5100,6500,11000,14000,17000,10922,11,300,756.8175903866401,14.764599996851757,16589.437800023006,470.60867972898734
1783268380,40,,Aggregated,37.900000,0.000000,300,560,820,1000,2100,3300,5100,6500,11000,14000,17000,10956,11,300,755.6761070740105,14.764599996851757,16589.437800023006,470.6282402336619
1783268381,40,,Aggregated,38.000000,0.000000,300,560,820,1000,2100,3300,5100,6500,11000,14000,17000,10994,11,300,754.552053447611,14.764599996851757,16589.437800023006,470.3937602328543
1783268382,40,,Aggregated,38.100000,0.000000,300,560,820,1000,2100,3300,5100,6500,11000,14000,17000,11030,11,300,753.9137703810597,14.764599996851757,16589.437800023006,470.50480507706254
1783268383,40,,Aggregated,36.800000,0.000000,300,560,820,1000,2100,3300,5100,6500,11000,14000,17000,11064,11,300,752.9020133046826,14.764599996851757,16589.437800023006,470.49276934201015
1783268384,40,,Aggregated,36.700000,0.000000,300,560,820,1000,2100,3300,5100,6400,11000,14000,17000,11102,11,300,752.1509955776389,14.764599996851757,16589.437800023006,470.118627274365
1783268385,40,,Aggregated,37.200000,0.000000,300,560,820,1000,2100,3200,5100,6400,11000,14000,17000,11142,11,300,750.8947217827049,14.764599996851757,16589.437800023006,469.8318973254353
1783268386,40,,Aggregated,37.100000,0.000000,300,560,810,1000,2100,3200,5100,6400,11000,14000,17000,11187,11,300,749.2580238404333,14.764599996851757,16589.437800023006,469.4621435594887
1783268387,40,,Aggregated,37.400000,0.000000,290,560,810,1000,2100,3200,5100,6400,11000,14000,17000,11223,11,290,747.6682364343802,14.764599996851757,16589.437800023006,469.24699278267843
1783268388,40,,Aggregated,36.900000,0.000000,290,550,810,1000,2100,3200,5100,6400,11000,14000,17000,11262,11,290,745.9741097765174,14.764599996851757,16589.437800023006,468.9506304386432
1783268389,40,,Aggregated,37.700000,0.000000,290,550,810,1000,2100,3200,5100,6300,11000,14000,17000,11301,11,290,744.4914327495903,14.764599996851757,16589.437800023006,468.64127068401024
1783268390,40,,Aggregated,36.900000,0.000000,290,550,810,1000,2100,3200,5100,6300,11000,14000,17000,11336,11,290,743.2808997885519,14.764599996851757,16589.437800023006,468.7114502470007
1783268391,40,,Aggregated,37.300000,0.000000,290,550,810,1000,2100,3200,5000,6300,11000,14000,17000,11372,11,290,742.1245937304755,14.764599996851757,16589.437800023006,468.5882870207527
1783268392,40,,Aggregated,37.500000,0.000000,290,550,810,1000,2100,3200,5000,6300,11000,14000,17000,11407,11,290,741.2806024811848,14.764599996851757,16589.437800023006,468.72069781712986
1783268393,40,,Aggregated,37.800000,0.000000,290,550,810,1000,2100,3200,5000,6300,11000,14000,17000,11433,11,290,741.1104450015594,14.764599996851757,16589.437800023006,468.5771888393248
1783268394,40,,Aggregated,38.500000,0.000000,290,550,810,1000,2000,3200,5000,6300,11000,14000,17000,11465,11,290,740.9472738510882,14.764599996851757,16589.437800023006,468.45451373746187
1783268395,40,,Aggregated,37.300000,0.000000,290,550,810,1000,2000,3200,5000,6300,11000,14000,17000,11500,11,290,740.9295172785075,14.764599996851757,16589.437800023006,468.40565217391304
1783268396,40,,Aggregated,36.600000,0.000000,290,550,810,1000,2100,3200,5000,6300,11000,14000,17000,11533,11,290,741.0916840373625,14.764599996851757,16589.437800023006,468.4020636434579
1783268397,40,,Aggregated,35.700000,0.000000,290,550,810,1000,2000,3200,5000,6300,11000,14000,17000,11575,12,290,740.0061169937784,14.764599996851757,16589.437800023006,468.12172786177103
1783268398,40,,Aggregated,35.700000,0.000000,290,550,810,1000,2000,3200,5000,6300,11000,14000,17000,11610,12,290,739.3778662104158,14.764599996851757,16589.437800023006,467.9451335055986
1783268399,40,,Aggregated,34.600000,0.100000,290,550,810,1000,2000,3200,5000,6300,11000,14000,17000,11654,12,290,738.0550445943803,14.764599996851757,16589.437800023006,467.8285567187232
1783268400,40,,Aggregated,35.000000,0.100000,290,550,810,1000,2000,3200,5000,6300,11000,14000,17000,11699,12,290,736.3736504575538,14.764599996851757,16589.437800023006,467.48422942131805
1783268401,40,,Aggregated,34.900000,0.100000,290,550,810,1000,2000,3200,5000,6300,11000,14000,17000,11733,12,290,735.0781395382955,14.764599996851757,16589.437800023006,467.2221085826302
1783268402,40,,Aggregated,35.200000,0.100000,290,550,800,1000,2000,3200,4900,6300,11000,14000,17000,11775,12,290,733.3535776053317,14.764599996851757,16589.437800023006,467.1712951167728
1783268403,40,,Aggregated,35.800000,0.100000,290,550,800,1000,2000,3200,4900,6300,11000,14000,17000,11813,12,290,731.9987492002738,14.764599996851757,16589.437800023006,467.0987048167273
1783268404,40,,Aggregated,35.800000,0.100000,290,550,800,1000,2000,3200,4900,6300,11000,14000,17000,11851,12,290,730.5565891994697,14.764599996851757,16589.437800023006,467.19669226225636
1783268405,40,,Aggregated,36.800000,0.100000,290,550,800,1000,2000,3200,4900,6300,11000,14000,17000,11891,12,290,729.3565931547372,14.764599996851757,16589.437800023006,467.0851904801951
1783268406,40,,Aggregated,38.000000,0.100000,290,550,800,1000,2000,3100,4900,6300,11000,14000,17000,11925,12,290,728.1628947591594,14.764599996851757,16589.437800023006,466.9830607966457
1783268407,40,,Aggregated,38.600000,0.100000,290,550,800,1000,2000,3100,4900,6300,11000,14000,17000,11958,12,290,727.9054777891696,14.764599996851757,16589.437800023006,466.8100016725205
1783268408,40,,Aggregated,38.900000,0.100000,290,550,800,1000,2000,3100,4900,6300,11000,14000,17000,12003,12,290,726.6991865952618,14.764599996851757,16589.437800023006,466.3190868949429
1783268409,40,,Aggregated,38.500000,0.000000,290,550,800,1000,2000,3100,4900,6300,11000,14000,17000,12029,12,290,725.9290396710402,14.764599996851757,16589.437800023006,466.0963504863247
1783268410,40,,Aggregated,38.300000,0.000000,290,550,800,1000,2000,3100,4900,6300,11000,14000,17000,12053,12,290,725.3754287316772,14.764599996851757,16589.437800023006,466.0217373268066
1783268411,40,,Aggregated,38.800000,0.000000,290,550,800,1000,2000,3100,4900,6300,11000,14000,17000,12074,12,290,725.8086193227497,14.764599996851757,16589.437800023006,466.07603114129535
1783268412,40,,Aggregated,37.100000,0.000000,290,550,800,1000,2000,3100,4900,6300,11000,14000,17000,12096,12,290,726.2092110369533,14.764599996851757,16589.437800023006,466.1438492063492
1783268413,40,,Aggregated,35.200000,0.000000,290,550,800,1000,2000,3100,4900,6300,11000,14000,17000,12125,12,290,727.2692100621035,14.764599996851757,16589.437800023006,466.02729896907215
1783268414,40,,Aggregated,33.600000,0.000000,290,550,800,1000,2000,3100,4900,6300,11000,14000,17000,12154,12,290,728.035016340546,14.764599996851757,16589.437800023006,465.9930886950798
1783268416,40,,Aggregated,32.000000,0.000000,290,550,800,1000,2000,3100,4900,6300,11000,14000,17000,12178,12,290,728.7413912385484,14.764599996851757,16589.437800023006,465.9089341435375
1783268417,40,,Aggregated,30.800000,0.000000,290,550,800,1000,2000,3100,4900,6300,11000,14000,17000,12196,12,290,728.9482016483336,14.764599996851757,16589.437800023006,466.04944244014433
1783268418,40,,Aggregated,29.900000,0.000000,290,550,810,1000,2000,3100,4900,6200,11000,14000,17000,12216,12,290,729.8145570565763,14.764599996851757,16589.437800023006,465.87999345121153
1783268419,40,,Aggregated,28.300000,0.000000,290,550,810,1000,2000,3100,4900,6300,11000,14000,17000,12239,12,290,730.5176090777859,14.764599996851757,16589.437800023006,465.8375684287932
1783268420,40,,Aggregated,27.000000,0.000000,290,550,810,1000,2000,3100,4900,6300,11000,14000,17000,12263,12,290,732.0438598387886,14.764599996851757,16589.437800023006,465.8711571393623
1783268421,40,,Aggregated,23.300000,0.000000,290,550,810,1000,2000,3200,4900,6300,11000,14000,17000,12288,12,290,733.1253003583237,14.764599996851757,16589.437800023006,466.0537923177083
1783268422,40,,Aggregated,23.300000,0.000000,290,550,810,1000,2000,3200,4900,6300,11000,14000,17000,12312,12,290,733.925690342995,14.764599996851757,16589.437800023006,466.08122157244964
1783268423,40,,Aggregated,23.300000,0.000000,290,560,810,1000,2000,3200,4900,6300,11000,14000,17000,12334,12,290,735.310536646912,14.764599996851757,16589.437800023006,466.09283281984756
1783268424,40,,Aggregated,23.400000,0.000000,290,560,810,1000,2000,3200,4900,6300,11000,14000,17000,12356,12,290,736.4643038445275,14.764599996851757,16589.437800023006,466.00760764001296
1783268425,40,,Aggregated,23.500000,0.000000,290,560,810,1000,2000,3200,5000,6300,11000,14000,17000,12385,12,290,737.1210541706206,14.764599996851757,16589.437800023006,466.01550262414213
1783268426,40,,Aggregated,23.000000,0.000000,290,560,810,1000,2000,3200,4900,6300,11000,14000,17000,12408,12,290,737.885048227199,14.764599996851757,16589.437800023006,465.9469696969697
1783268427,40,,Aggregated,23.000000,0.000000,290,560,820,1000,2000,3200,5000,6300,11000,14000,17000,12428,12,290,738.283793595352,14.764599996851757,16589.437800023006,466.03371419375605
1783268428,40,,Aggregated,22.900000,0.000000,290,560,820,1000,2000,3200,5000,6300,11000,14000,17000,12457,12,290,739.1304643656683,14.764599996851757,16589.437800023006,466.0412619410773
1783268429,40,,Aggregated,23.200000,0.000000,290,560,820,1000,2100,3200,5000,6300,11000,14000,17000,12481,12,290,740.498326552606,14.764599996851757,16589.437800023006,466.12194535694255
1783268430,40,,Aggregated,23.900000,0.000000,290,560,820,1000,2100,3200,5000,6300,11000,14000,17000,12511,12,290,740.5594120696306,14.764599996851757,16589.437800023006,465.98281512269205
1783268431,40,,Aggregated,24.000000,0.000000,290,560,820,1000,2100,3200,5000,6300,11000,14000,17000,12541,12,290,740.74012841106,14.764599996851757,16589.437800023006,465.8685910214496
1783268432,40,,Aggregated,24.600000,0.000000,290,560,820,1100,2100,3200,5000,6300,11000,14000,17000,12566,12,290,741.4865286171469,14.764599996851757,16589.437800023006,465.9894158841318
1783268433,40,,Aggregated,25.300000,0.000000,290,560,820,1100,2100,3200,5000,6300,11000,14000,17000,12588,12,290,741.6188743329436,14.764599996851757,16589.437800023006,465.7747060692723
1783268434,40,,Aggregated,25.600000,0.000000,290,560,820,1100,2100,3200,5000,6300,11000,14000,17000,12609,12,290,742.0347713857661,14.764599996851757,16589.437800023006,465.57395511142835
1783268435,40,,Aggregated,25.400000,0.000000,290,560,820,1100,2100,3200,5000,6300,11000,14000,17000,12631,12,290,743.3212347718477,14.764599996851757,16589.437800023006,465.6636054152482
1783268436,40,,Aggregated,25.200000,0.000000,290,560,820,1100,2100,3200,5000,6300,11000,14000,17000,12650,12,290,743.4096199686338,14.764599996851757,16589.437800023006,465.7091699604743
1783268437,40,,Aggregated,24.700000,0.000000,290,570,830,1100,2100,3200,5000,6300,11000,14000,17000,12674,12,290,745.4002087031026,14.764599996851757,16589.437800023006,465.80337699226766
1783268438,40,,Aggregated,24.100000,0.000000,290,570,830,1100,2100,3200,5000,6300,11000,14000,17000,12694,12,290,745.9323662756576,14.764599996851757,16589.437800023006,465.87687096265955
1783268439,40,,Aggregated,24.300000,0.000000,290,570,830,1100,2100,3200,5000,6300,11000,14000,17000,12715,12,290,747.3252799530691,14.764599996851757,16589.437800023006,465.99001179709006
1783268440,40,,Aggregated,23.500000,0.000000,290,570,830,1100,2100,3200,5000,6300,11000,14000,17000,12737,12,290,748.894015003792,14.764599996851757,16589.437800023006,466.0661851299364
1783268441,40,,Aggregated,23.300000,0.000000,290,570,830,1100,2100,3200,5000,6400,11000,14000,17000,12759,12,290,749.9882466810294,14.764599996851757,16589.437800023006,466.10243749510147
1783268442,40,,Aggregated,22.400000,0.000000,290,570,830,1100,2100,3200,5100,6400,11000,14000,17000,12789,12,290,751.4089845807516,14.764599996851757,16589.437800023006,466.1509109390883
1783268443,40,,Aggregated,21.500000,0.000000,290,570,830,1100,2100,3200,5100,6400,11000,14000,17000,12810,12,290,751.9136227481011,14.764599996851757,16589.437800023006,466.1459016393443
1783268444,40,,Aggregated,21.800000,0.000000,290,570,830,1100,2100,3200,5100,6400,11000,14000,17000,12838,12,290,752.7397067692133,14.764599996851757,16589.437800023006,466.0617697460664
1783268445,40,,Aggregated,21.900000,0.000000,290,570,840,1100,2100,3200,5100,6400,11000,14000,17000,12868,12,290,753.4514588982828,14.764599996851757,16589.437800023006,466.1090301523158
1783268446,40,,Aggregated,22.400000,0.000000,290,570,830,1100,2100,3200,5100,6400,11000,14000,17000,12890,12,290,753.1735514664891,14.764599996851757,16589.437800023006,465.9629169899147
1783268447,40,,Aggregated,23.400000,0.000000,290,570,830,1100,2100,3200,5100,6400,11000,14000,17000,12922,12,290,753.4285301503647,14.764599996851757,16589.437800023006,465.7392044575143
1783268448,40,,Aggregated,23.600000,0.000000,290,570,840,1100,2100,3200,5100,6400,11000,14000,17000,12951,12,290,755.2077998226438,14.764599996851757,16589.437800023006,465.758397034978
1783268449,40,,Aggregated,24.400000,0.000000,290,570,840,1100,2100,3200,5100,6400,11000,14000,17000,12977,12,290,755.3407760578724,14.764599996851757,16589.437800023006,465.72597672805733
1783268450,40,,Aggregated,25.300000,0.000000,290,570,840,1100,2100,3200,5100,6400,11000,14000,17000,13004,12,290,755.8035166181851,14.764599996851757,16589.437800023006,465.55375269147953
1783268451,40,,Aggregated,25.800000,0.000000,290,570,840,1100,2100,3200,5100,6400,11000,14000,17000,13032,12,290,755.8186190149515,14.764599996851757,16589.437800023006,465.41942909760587
1783268452,40,,Aggregated,26.400000,0.000000,290,580,840,1100,2100,3200,5000,6400,11000,14000,17000,13055,12,290,756.2066923786184,14.764599996851757,16589.437800023006,465.3662964381463
1783268453,40,,Aggregated,26.800000,0.000000,290,580,840,1100,2100,3200,5000,6400,11000,14000,17000,13080,12,290,756.7486509788176,14.764599996851757,16589.437800023006,465.08769113149845
1783268454,40,,Aggregated,26.400000,0.000000,290,580,840,1100,2100,3200,5000,6300,11000,14000,17000,13108,12,290,757.0474110774288,14.764599996851757,16589.437800023006,465.1856881293866
1783268455,40,,Aggregated,26.700000,0.000000,290,580,840,1100,2100,3300,5000,6300,11000,14000,17000,13135,12,290,757.2510570691242,14.764599996851757,16589.437800023006,465.07735059002664
1783268456,40,,Aggregated,26.600000,0.000000,290,580,840,1100,2100,3300,5000,6300,11000,14000,17000,13158,12,290,757.4977546057894,14.764599996851757,16589.437800023006,464.9002127982976
1783268457,40,,Aggregated,26.100000,0.000000,290,580,840,1100,2100,3300,5100,6300,11000,14000,17000,13180,12,290,758.8024838773076,14.764599996851757,16589.437800023006,464.913808801214
1783268458,40,,Aggregated,26.700000,0.000000,290,580,840,1100,2100,3300,5100,6300,11000,14000,17000,13204,12,290,759.427397909948,14.764599996851757,16589.437800023006,465.0056800969403
1783268459,40,,Aggregated,25.900000,0.000000,290,580,840,1100,2100,3300,5100,6300,11000,14000,17000,13231,12,290,760.1428351373993,14.764599996851757,16589.437800023006,464.90235054039755
1783268460,40,,Aggregated,25.400000,0.000000,290,580,840,1100,2100,3300,5000,6300,11000,14000,17000,13260,12,290,760.288022602036,14.764599996851757,16589.437800023006,464.74954751131224
1783268461,40,,Aggregated,25.100000,0.000000,290,580,840,1100,2100,3300,5100,6300,11000,14000,17000,13281,12,290,760.7162164899444,14.764599996851757,16589.437800023006,464.6423462088698
1783268462,40,,Aggregated,25.100000,0.000000,290,580,840,1100,2100,3300,5100,6300,11000,14000,17000,13312,12,290,761.859731460562,14.764599996851757,16589.437800023006,464.59292367788464
1783268463,40,,Aggregated,24.800000,0.000000,290,580,850,1100,2100,3300,5100,6300,11000,14000,17000,13334,12,290,762.0222217716374,14.764599996851757,16589.437800023006,464.6259187040648
1783268464,40,,Aggregated,25.400000,0.000000,290,580,850,1100,2100,3300,5100,6300,11000,14000,17000,13363,12,290,762.5388587445101,14.764599996851757,16589.437800023006,464.5700067350146
1783268465,40,,Aggregated,25.500000,0.000000,290,580,850,1100,2100,3300,5100,6300,11000,14000,17000,13383,12,290,763.2532908243929,14.764599996851757,16589.437800023006,464.64813569453787
1783268466,40,,Aggregated,25.700000,0.000000,290,590,850,1100,2100,3300,5100,6300,11000,14000,17000,13403,12,290,764.0283697756412,14.764599996851757,16589.437800023006,464.6566440349176
1783268467,40,,Aggregated,25.300000,0.000000,290,590,850,1100,2100,3300,5100,6300,11000,14000,17000,13426,12,290,764.9976054150933,14.764599996851757,16589.437800023006,464.64196335468495
1783268468,40,,Aggregated,24.400000,0.000000,290,590,850,1100,2100,3300,5100,6300,11000,14000,17000,13448,12,290,766.2379512048666,14.764599996851757,16589.437800023006,464.7708209399167
1783268469,40,,Aggregated,23.900000,0.000000,290,590,850,1100,2200,3300,5100,6300,11000,14000,17000,13472,12,290,766.9302947077684,14.764599996851757,16589.437800023006,464.7929038004751
1783268470,40,,Aggregated,23.700000,0.000000,290,590,850,1100,2200,3300,5100,6300,11000,14000,17000,13491,12,290,767.256071640584,14.764599996851757,16589.437800023006,464.88332962715884
1783268471,40,,Aggregated,23.500000,0.000000,290,590,850,1100,2200,3300,5100,6300,11000,14000,17000,13509,12,290,768.0365786737121,14.764599996851757,16589.437800023006,464.8170108816345
1783268472,40,,Aggregated,23.500000,0.000000,290,590,850,1100,2200,3300,5100,6300,11000,14000,17000,13529,12,290,768.7317771973629,14.764599996851757,16589.437800023006,464.89836647202304
1783268473,40,,Aggregated,23.100000,0.000000,290,590,850,1100,2200,3300,5100,6300,11000,14000,17000,13553,12,290,769.694972382732,14.764599996851757,16589.437800023006,464.97661034457315
1783268474,40,,Aggregated,21.900000,0.000000,290,590,860,1100,2200,3300,5100,6400,11000,14000,17000,13575,12,290,771.3494545048377,14.764599996851757,16589.437800023006,464.8899447513812
1783268475,40,,Aggregated,21.600000,0.000000,290,590,860,1100,2200,3300,5100,6400,11000,14000,17000,13594,12,290,771.9464653378826,14.764599996851757,16589.437800023006,464.94431366779463
1783268476,40,,Aggregated,20.800000,0.000000,290,590,860,1100,2200,3300,5100,6400,11000,14000,17000,13627,12,290,773.9306579073285,14.764599996851757,16589.437800023006,465.0230424891759
1783268477,40,,Aggregated,20.900000,0.000000,290,590,860,1100,2200,3300,5100,6500,11000,14000,17000,13654,12,290,774.9999129634733,14.764599996851757,16589.437800023006,464.8695620331039
1783268478,40,,Aggregated,21.400000,0.000000,290,600,860,1100,2200,3300,5100,6500,11000,14000,17000,13679,12,290,776.0950426714905,14.764599996851757,16589.437800023006,464.9829665911251
1783268479,40,,Aggregated,22.300000,0.000000,290,600,860,1200,2200,3300,5100,6500,11000,14000,17000,13707,12,290,775.9363983295642,14.764599996851757,16589.437800023006,464.92813890712773
1783268480,40,,Aggregated,22.600000,0.000000,290,600,860,1200,2200,3300,5100,6500,11000,14000,17000,13734,12,290,776.5067827874853,14.764599996851757,16589.437800023006,464.8365370613077
1783268481,40,,Aggregated,23.200000,0.000000,290,600,860,1200,2200,3300,5100,6500,11000,14000,17000,13757,12,290,776.983216995225,14.764599996851757,16589.437800023006,464.7765501199389
1783268482,40,,Aggregated,23.500000,0.000000,290,600,860,1200,2200,3300,5100,6500,11000,14000,17000,13785,12,290,777.5304738050959,14.764599996851757,16589.437800023006,464.7101922379398
1783268483,40,,Aggregated,24.000000,0.000000,290,600,870,1200,2200,3300,5100,6500,11000,14000,17000,13813,12,290,777.6556080433791,14.764599996851757,16589.437800023006,464.53789908057627
1783268484,40,,Aggregated,24.700000,0.000000,290,600,870,1200,2200,3300,5100,6500,11000,14000,17000,13837,12,290,778.0435257500334,14.764599996851757,16589.437800023006,464.6723278167233
1783268485,40,,Aggregated,25.400000,0.000000,290,600,870,1200,2200,3300,5100,6500,11000,14000,17000,13860,12,290,778.2604659454034,14.764599996851757,16589.437800023006,464.7810966810967
1783268486,40,,Aggregated,26.200000,0.000000,290,600,870,1200,2200,3300,5100,6500,11000,14000,17000,13885,12,290,778.1458277063944,14.764599996851757,16589.437800023006,464.73583003240907
1783268487,40,,Aggregated,25.900000,0.000000,290,600,870,1200,2200,3300,5100,6500,11000,14000,17000,13911,12,290,779.0383555533897,14.764599996851757,16589.437800023006,464.7268348788728
1783268488,40,,Aggregated,25.900000,0.000000,290,600,870,1200,2200,3300,5100,6500,11000,14000,17000,13940,12,290,779.5655468868916,14.764599996851757,16589.437800023006,464.74756097560976
1783268489,40,,Aggregated,26.100000,0.000000,290,600,870,1200,2200,3300,5100,6500,11000,14000,17000,13959,12,290,780.5070820691587,14.764599996851757,16589.437800023006,464.94605630775845
1783268490,40,,Aggregated,26.700000,0.000000,290,600,870,1200,2200,3300,5100,6500,11000,14000,17000,13978,12,290,781.1839056376724,14.764599996851757,16589.437800023006,465.0963657175562
1783268491,40,,Aggregated,25.900000,0.000000,290,600,870,1200,2200,3300,5100,6500,11000,14000,17000,14000,12,290,781.4965109573893,14.764599996851757,16589.437800023006,465.16735714285716
1783268492,40,,Aggregated,25.100000,0.000000,300,600,870,1200,2200,3400,5100,6500,11000,14000,17000,14021,12,300,782.3962664791004,14.764599996851757,16589.437800023006,465.27159261108335
1783268493,40,,Aggregated,24.600000,0.000000,300,610,880,1200,2200,3400,5100,6500,11000,14000,17000,14041,12,300,783.4583364363992,14.764599996851757,16589.437800023006,465.3873655722527
1783268494,40,,Aggregated,24.200000,0.000000,300,610,880,1200,2200,3400,5100,6500,11000,14000,17000,14062,12,300,784.0772247193526,14.764599996851757,16589.437800023006,465.43173090598776
1783268495,40,,Aggregated,22.900000,0.000000,300,610,880,1200,2200,3400,5100,6500,11000,14000,17000,14085,12,300,784.7180493435204,14.764599996851757,16589.437800023006,465.31409300674477
1783268496,40,,Aggregated,22.300000,0.000000,300,610,880,1200,2200,3400,5200,6500,11000,14000,17000,14109,12,300,785.7005068611232,14.764599996851757,16589.437800023006,465.3021475653838
1783268497,40,,Aggregated,22.500000,0.000000,300,610,880,1200,2200,3400,5200,6500,11000,14000,17000,14133,12,300,787.3884179936003,14.764599996851757,16589.437800023006,465.37451354984785
1783268498,40,,Aggregated,22.300000,0.000000,300,610,880,1200,2200,3400,5200,6500,11000,14000,17000,14164,12,300,788.4428653702041,14.764599996851757,16589.437800023006,465.39649816436037
1783268499,40,,Aggregated,21.500000,0.000000,300,610,880,1200,2200,3400,5200,6500,11000,14000,17000,14191,12,300,788.5439392857062,14.764599996851757,16589.437800023006,465.41209217109434
1783268500,40,,Aggregated,21.300000,0.000000,300,610,880,1200,2200,3400,5200,6500,11000,14000,17000,14220,12,300,789.4625720818132,14.764599996851757,16589.437800023006,465.31455696202534
1783268501,40,,Aggregated,22.200000,0.000000,300,610,880,1200,2200,3400,5200,6500,11000,14000,17000,14241,12,300,789.6699867076392,14.764599996851757,16589.437800023006,465.31030124289026
1783268502,40,,Aggregated,22.900000,0.000000,300,610,880,1200,2200,3400,5200,6500,11000,14000,17000,14266,12,300,789.5412695081673,14.764599996851757,16589.437800023006,465.16998457871864
1783268503,40,,Aggregated,23.800000,0.000000,300,610,880,1200,2200,3400,5200,6500,11000,14000,17000,14286,12,300,790.2231921394037,14.764599996851757,16589.437800023006,465.02631947361056
1783268504,40,,Aggregated,23.900000,0.000000,300,610,880,1200,2200,3400,5200,6500,11000,14000,17000,14310,12,300,790.0294137179234,14.764599996851757,16589.437800023006,465.1565338923829
1783268505,40,,Aggregated,24.300000,0.000000,300,610,880,1200,2200,3400,5200,6500,11000,14000,17000,14327,12,300,790.5524936555739,14.764599996851757,16589.437800023006,465.24171145389823
1783268506,40,,Aggregated,24.600000,0.000000,300,620,890,1200,2200,3400,5200,6500,11000,14000,17000,14351,12,300,791.7987099577286,14.764599996851757,16589.437800023006,465.1413141941328
1783268507,40,,Aggregated,24.400000,0.000000,300,620,890,1200,2300,3400,5200,6600,11000,14000,17000,14373,12,300,793.382484081495,14.764599996851757,16589.437800023006,465.15299519933205
1783268508,40,,Aggregated,24.100000,0.000000,300,620,890,1200,2300,3500,5200,6600,11000,14000,17000,14400,12,300,794.2477860974568,14.764599996851757,16589.437800023006,465.21541666666667
1783268509,40,,Aggregated,24.200000,0.000000,300,620,890,1200,2300,3500,5200,6600,11000,14000,17000,14429,12,300,795.3211664428129,14.764599996851757,16589.437800023006,465.14020375632407
1783268510,40,,Aggregated,23.800000,0.000000,300,620,890,1200,2300,3500,5200,6600,11000,14000,17000,14456,12,300,795.7487871612685,14.764599996851757,16589.437800023006,465.02172108467073
1783268511,40,,Aggregated,23.700000,0.000000,300,620,890,1200,2300,3500,5200,6600,11000,14000,17000,14485,12,300,796.0690641010241,14.764599996851757,16589.437800023006,465.0410079392475
1783268512,40,,Aggregated,23.700000,0.000000,300,620,890,1200,2300,3500,5200,6600,11000,14000,17000,14507,12,300,796.889787902619,14.764599996851757,16589.437800023006,465.1096711932171
1783268513,40,,Aggregated,23.400000,0.000000,300,620,890,1200,2300,3500,5200,6600,11000,14000,17000,14531,12,300,796.4321408783455,14.764599996851757,16589.437800023006,464.98485995457986
1783268514,40,,Aggregated,24.100000,0.000000,300,620,900,1200,2300,3500,5200,6600,11000,14000,17000,14552,12,300,796.8759396648736,14.764599996851757,16589.437800023006,465.0286558548653
1783268515,40,,Aggregated,24.400000,0.000000,300,620,900,1200,2300,3500,5200,6600,11000,14000,17000,14580,12,300,797.9197200619425,14.764599996851757,16589.437800023006,465.00212620027435
1783268516,40,,Aggregated,24.100000,0.000000,300,620,900,1200,2300,3500,5200,6600,11000,14000,17000,14601,12,300,798.4002778304942,14.764599996851757,16589.437800023006,464.99972604616124
1783268517,40,,Aggregated,24.200000,0.000000,300,620,900,1200,2300,3500,5200,6600,11000,14000,17000,14624,12,300,798.9346403174992,14.764599996851757,16589.437800023006,465.05600382932164
1783268518,40,,Aggregated,25.000000,0.000000,300,620,900,1200,2300,3500,5200,6600,11000,14000,17000,14647,12,300,799.1759159898311,14.764599996851757,16589.437800023006,465.05646207414486
1783268519,40,,Aggregated,25.100000,0.000000,300,620,900,1200,2300,3500,5200,6600,11000,14000,17000,14673,12,300,799.5978321613221,14.764599996851757,16589.437800023006,465.14059837797316
1783268520,40,,Aggregated,25.000000,0.000000,300,630,900,1200,2300,3500,5200,6600,11000,14000,17000,14701,12,300,800.1948165909179,14.764599996851757,16589.437800023006,464.97523977960685
1783268521,40,,Aggregated,24.500000,0.000000,300,630,900,1200,2300,3500,5200,6600,11000,14000,17000,14724,12,300,801.9593835440907,14.764599996851757,16589.437800023006,465.1180385764738
1783268522,40,,Aggregated,24.300000,0.000000,300,630,900,1200,2300,3500,5200,6600,11000,14000,17000,14751,12,300,802.5220063862237,14.764599996851757,16589.437800023006,465.1753779404786
1783268523,40,,Aggregated,24.200000,0.000000,300,630,900,1200,2300,3500,5200,6600,11000,14000,17000,14774,12,300,802.7410263979459,14.764599996851757,16589.437800023006,464.9795586841749
1783268524,40,,Aggregated,23.700000,0.000000,300,630,900,1200,2300,3500,5200,6600,11000,14000,17000,14799,12,300,802.9489546795887,14.764599996851757,16589.437800023006,464.98749915534836
1783268525,40,,Aggregated,24.000000,0.000000,300,630,900,1200,2300,3500,5200,6600,11000,14000,17000,14825,12,300,803.0655238518196,14.764599996851757,16589.437800023006,465.0199662731872
1783268526,40,,Aggregated,24.200000,0.000000,300,630,910,1200,2300,3500,5200,6600,11000,14000,17000,14849,12,300,803.3597208164331,14.764599996851757,16589.437800023006,464.84914809078055
1783268527,40,,Aggregated,24.500000,0.000000,300,630,910,1200,2300,3500,5200,6600,11000,14000,17000,14870,12,300,803.7805945462792,14.764599996851757,16589.437800023006,464.93254875588434
1783268528,40,,Aggregated,24.600000,0.000000,300,630,910,1200,2300,3500,5200,6600,11000,14000,17000,14898,12,300,804.3098265138434,14.764599996851757,16589.437800023006,464.91153174922806
1783268529,40,,Aggregated,24.400000,0.000000,300,630,910,1200,2300,3500,5200,6600,11000,14000,17000,14925,12,300,804.4880975546583,14.764599996851757,16589.437800023006,464.9211390284757
1783268530,40,,Aggregated,24.500000,0.000000,300,630,910,1200,2300,3500,5200,6600,11000,14000,17000,14946,12,300,804.4595131074054,14.764599996851757,16589.437800023006,464.92613408269773
1783268531,40,,Aggregated,24.800000,0.000000,300,630,910,1200,2300,3500,5200,6600,11000,14000,17000,14976,12,300,805.1912422478142,14.764599996851757,16589.437800023006,464.7668269230769
1783268533,40,,Aggregated,24.700000,0.000000,300,630,910,1200,2300,3500,5200,6600,11000,14000,17000,14998,12,300,806.0470073945351,14.764599996851757,16589.437800023006,464.66715562074944
1783268534,40,,Aggregated,24.400000,0.000000,300,630,910,1200,2300,3500,5200,6600,11000,14000,17000,15022,12,300,806.4815787713504,14.764599996851757,16589.437800023006,464.7445080548529
1783268535,40,,Aggregated,24.500000,0.000000,300,630,910,1200,2300,3500,5200,6600,11000,14000,17000,15045,12,300,806.7686554870826,14.764599996851757,16589.437800023006,464.8423396477235
1783268536,40,,Aggregated,24.600000,0.000000,300,630,910,1200,2300,3500,5200,6600,11000,14000,17000,15074,12,300,807.2051730398811,14.764599996851757,16589.437800023006,464.75991773915354
1783268537,40,,Aggregated,24.600000,0.000000,300,630,910,1200,2300,3500,5300,6600,11000,14000,17000,15100,12,300,807.6582751591579,14.764599996851757,16589.437800023006,464.70582781456955
1783268538,40,,Aggregated,24.500000,0.000000,300,630,910,1200,2300,3500,5200,6600,11000,14000,17000,15124,12,300,807.9229239158453,14.764599996851757,16589.437800023006,464.56519439301775
1783268539,35,,Aggregated,25.100000,0.000000,300,630,910,1200,2300,3500,5300,6600,11000,14000,17000,15142,12,300,808.3427689409075,14.764599996851757,16589.437800023006,464.6694624224013
1783268540,30,,Aggregated,24.800000,0.000000,300,630,920,1200,2300,3600,5300,6600,11000,14000,17000,15153,12,300,809.6541446646345,14.764599996851757,16589.437800023006,464.7219692470138
1783268541,25,,Aggregated,24.200000,0.000000,300,630,920,1200,2300,3600,5300,6700,11000,17000,17000,15162,12,300,811.5346945655746,14.764599996851757,17105.570899992017,464.88062260915444
1783268542,20,,Aggregated,22.600000,0.000000,300,640,920,1200,2300,3600,5300,6700,11000,17000,17000,15171,12,300,812.3924407687845,14.764599996851757,17105.570899992017,465.0394832245732
1783268543,20,,Aggregated,21.500000,0.000000,300,640,920,1200,2300,3600,5300,6700,11000,17000,17000,15181,12,300,813.1171510574567,14.764599996851757,17105.570899992017,465.13306106317106
1783268544,20,,Aggregated,19.400000,0.000000,300,640,920,1200,2300,3600,5300,6700,11000,17000,17000,15198,12,300,814.3026261878676,14.764599996851757,17105.570899992017,465.24819055138835
1783268545,20,,Aggregated,18.200000,0.000000,300,640,920,1200,2300,3600,5300,6700,11000,17000,17000,15210,12,300,814.5154880672759,14.764599996851757,17105.570899992017,465.3442472057857
1783268546,20,,Aggregated,17.300000,0.000000,300,640,920,1200,2300,3600,5300,6700,11000,17000,17000,15230,12,300,814.7995135983745,14.764599996851757,17105.570899992017,465.49533814839134
1783268547,20,,Aggregated,16.500000,0.000000,300,640,920,1300,2300,3600,5300,6700,11000,17000,17000,15244,12,300,814.8914486488612,14.764599996851757,17105.570899992017,465.6478614536867
1783268548,20,,Aggregated,15.500000,0.000000,300,640,920,1300,2300,3600,5300,6700,11000,17000,17000,15258,12,300,815.021152444829,14.764599996851757,17105.570899992017,465.74570717000915
1783268549,20,,Aggregated,14.200000,0.000000,300,640,920,1300,2300,3600,5300,6700,11000,17000,17000,15274,12,300,814.9654499347375,14.764599996851757,17105.570899992017,465.9347256776221
1783268550,20,,Aggregated,13.500000,0.000000,300,640,920,1200,2300,3600,5300,6700,11000,17000,17000,15290,12,300,814.8591489864742,14.764599996851757,17105.570899992017,466.1672988881622
1783268551,20,,Aggregated,13.000000,0.000000,300,640,920,1200,2300,3600,5300,6600,11000,17000,17000,15307,12,300,814.7809726924415,14.764599996851757,17105.570899992017,466.2362317893774
1783268552,20,,Aggregated,13.600000,0.000000,300,640,920,1200,2300,3600,5300,6600,11000,17000,17000,15322,12,300,814.6106940740923,14.764599996851757,17105.570899992017,466.31268763868945
1783268553,20,,Aggregated,14.300000,0.000000,300,640,920,1200,2300,3600,5300,6600,11000,17000,17000,15338,12,300,814.709318229451,14.764599996851757,17105.570899992017,466.54413874038335
1783268554,20,,Aggregated,15.000000,0.000000,300,640,920,1200,2300,3600,5300,6700,11000,17000,17000,15359,12,300,814.8204796538421,14.764599996851757,17105.570899992017,466.6083078325412
1783268555,20,,Aggregated,15.500000,0.000000,300,640,920,1200,2300,3600,5300,6700,11000,17000,17000,15377,12,300,814.406661084954,14.764599996851757,17105.570899992017,466.75339793197634
1783268556,20,,Aggregated,16.000000,0.000000,300,640,920,1200,2300,3600,5300,6700,11000,17000,17000,15394,12,300,814.1574831689811,14.764599996851757,17105.570899992017,466.8659217877095
1783268557,20,,Aggregated,16.500000,0.000000,300,640,920,1200,2300,3600,5300,6600,11000,17000,17000,15409,12,300,813.9133625221193,14.764599996851757,17105.570899992017,466.97566357323643
1783268558,20,,Aggregated,16.200000,0.000000,300,640,920,1200,2300,3600,5300,6600,11000,17000,17000,15425,12,300,813.9083177571092,14.764599996851757,17105.570899992017,467.2051215559157
1783268559,20,,Aggregated,16.200000,0.000000,300,640,920,1200,2300,3600,5300,6600,11000,17000,17000,15438,12,300,813.7844270179712,14.764599996851757,17105.570899992017,467.46255991708773
1783268560,20,,Aggregated,16.200000,0.000000,300,640,920,1200,2300,3500,5200,6600,11000,17000,17000,15453,12,300,813.8785979035413,14.764599996851757,17105.570899992017,467.7216721672167
1783268561,20,,Aggregated,16.300000,0.000000,300,640,920,1200,2300,3500,5200,6600,11000,17000,17000,15469,12,300,814.1295161292546,14.764599996851757,17105.570899992017,467.9589501583813
1783268562,20,,Aggregated,16.100000,0.000000,300,640,920,1200,2300,3500,5200,6600,11000,17000,17000,15484,12,300,813.8563222942063,14.764599996851757,17105.570899992017,468.01285197623355
1783268563,20,,Aggregated,16.000000,0.000000,310,640,920,1200,2300,3500,5200,6600,11000,17000,17000,15497,12,310,813.9140146159501,14.764599996851757,17105.570899992017,468.2150738852681
1783268564,20,,Aggregated,15.900000,0.000000,310,640,920,1200,2300,3600,5200,6600,11000,17000,17000,15514,12,310,814.423322276871,14.764599996851757,17105.570899992017,468.4212968931288
1783268565,20,,Aggregated,15.700000,0.000000,310,640,920,1200,2300,3500,5200,6600,11000,17000,17000,15527,12,310,814.2721754365592,14.764599996851757,17105.570899992017,468.53526115798286
1783268566,20,,Aggregated,15.200000,0.000000,310,640,930,1300,2300,3500,5200,6600,11000,17000,17000,15540,12,310,814.4307774133487,14.764599996851757,17105.570899992017,468.6389317889318
1783268567,20,,Aggregated,14.600000,0.000000,310,640,930,1300,2300,3500,5200,6600,11000,17000,17000,15556,12,310,814.4554676975793,14.764599996851757,17105.570899992017,468.7336718950887
1783268568,20,,Aggregated,14.500000,0.000000,310,640,930,1300,2300,3500,5200,6600,11000,17000,17000,15569,12,310,814.6511405359107,14.764599996851757,17105.570899992017,468.9421285888625
1783268569,20,,Aggregated,14.600000,0.000000,310,640,930,1300,2300,3500,5200,6600,11000,17000,17000,15586,12,310,814.3452662391603,14.764599996851757,17105.570899992017,469.1022712690876
1783268570,20,,Aggregated,14.600000,0.000000,310,640,930,1300,2300,3500,5200,6600,11000,17000,17000,15603,12,310,814.1592938667932,14.764599996851757,17105.570899992017,469.2716785233609
1783268571,20,,Aggregated,14.600000,0.000000,310,640,930,1300,2300,3500,5200,6600,11000,17000,17000,15617,12,310,814.6545081836157,14.764599996851757,17105.570899992017,469.3970672984568
1783268572,20,,Aggregated,14.700000,0.000000,310,640,930,1300,2300,3500,5200,6600,11000,17000,17000,15633,12,310,814.6885122563483,14.764599996851757,17105.570899992017,469.38572251007486
1783268573,20,,Aggregated,14.500000,0.000000,310,640,920,1200,2300,3500,5200,6600,11000,17000,17000,15652,12,310,814.3071409406801,14.764599996851757,17105.570899992017,469.5567978533095
1783268574,20,,Aggregated,14.700000,0.000000,310,640,920,1200,2300,3500,5200,6600,11000,17000,17000,15668,12,310,814.1986798700194,14.764599996851757,17105.570899992017,469.7458514169007
1783268575,20,,Aggregated,15.200000,0.000000,310,640,920,1200,2300,3500,5200,6600,11000,17000,17000,15682,12,310,814.2668217193913,14.764599996851757,17105.570899992017,469.87992602984315
1783268576,20,,Aggregated,15.500000,0.000000,310,640,920,1200,2300,3500,5200,6600,11000,17000,17000,15701,12,310,814.1650763010942,14.764599996851757,17105.570899992017,470.1268708999427
1783268577,20,,Aggregated,15.600000,0.000000,310,640,920,1200,2300,3500,5200,6600,11000,17000,17000,15713,12,310,814.1877528099953,14.764599996851757,17105.570899992017,470.2583847769363
1783268578,20,,Aggregated,15.700000,0.000000,310,640,930,1200,2300,3500,5200,6600,11000,17000,17000,15730,12,310,814.0437508965942,14.764599996851757,17105.570899992017,470.3207883026065
1783268579,20,,Aggregated,15.800000,0.000000,310,640,930,1300,2300,3500,5200,6600,11000,17000,17000,15749,12,310,814.2080297227385,14.764599996851757,17105.570899992017,470.4715854974919
1783268580,20,,Aggregated,16.100000,0.000000,310,640,930,1300,2300,3500,5200,6600,11000,17000,17000,15764,12,310,814.0791145650452,14.764599996851757,17105.570899992017,470.62744227353465
1783268581,20,,Aggregated,16.200000,0.000000,310,640,930,1300,2300,3500,5200,6600,11000,17000,17000,15781,12,310,814.0532937205083,14.764599996851757,17105.570899992017,470.63500411887713
1783268582,20,,Aggregated,16.400000,0.000000,310,640,930,1300,2300,3500,5200,6600,11000,17000,17000,15794,12,310,814.0933499748876,14.764599996851757,17105.570899992017,470.827782702292
1783268583,20,,Aggregated,16.400000,0.000000,310,640,930,1300,2300,3500,5200,6600,11000,17000,17000,15806,12,310,814.3884212706192,14.764599996851757,17105.570899992017,471.05004428697964
1783268584,20,,Aggregated,16.300000,0.000000,310,640,930,1300,2300,3500,5200,6600,11000,17000,17000,15820,12,310,814.4824645071717,14.764599996851757,17105.570899992017,471.1702275600506
1783268585,20,,Aggregated,15.600000,0.000000,310,640,930,1300,2300,3500,5200,6600,11000,17000,17000,15835,12,310,814.7415895992109,14.764599996851757,17105.570899992017,471.2179981054626
1783268586,20,,Aggregated,15.000000,0.000000,310,640,930,1300,2300,3500,5200,6600,11000,17000,17000,15848,12,310,815.0261045623129,14.764599996851757,17105.570899992017,471.4093260979303
1783268587,20,,Aggregated,15.000000,0.000000,310,650,930,1300,2300,3500,5200,6600,11000,17000,17000,15864,12,310,815.0378608739039,14.764599996851757,17105.570899992017,471.6331946545638
1783268588,20,,Aggregated,14.800000,0.000000,310,650,930,1300,2300,3500,5200,6600,11000,17000,17000,15882,12,310,815.5321790079126,14.764599996851757,17105.570899992017,471.7648281072913
1783268589,20,,Aggregated,14.900000,0.000000,310,650,930,1300,2300,3500,5200,6600,11000,17000,17000,15894,12,310,815.534161564345,14.764599996851757,17105.570899992017,471.8915943123191
1783268590,20,,Aggregated,14.800000,0.000000,310,650,930,1300,2300,3500,5200,6600,11000,17000,17000,15909,12,310,815.624408561424,14.764599996851757,17105.570899992017,472.0325601860582
1783268591,20,,Aggregated,14.700000,0.000000,310,650,930,1300,2300,3500,5200,6600,11000,17000,17000,15927,12,310,815.5846526529594,14.764599996851757,17105.570899992017,472.1240032648961
1783268592,20,,Aggregated,14.400000,0.000000,310,650,930,1300,2300,3500,5200,6600,11000,17000,17000,15943,12,310,816.0099293046248,14.764599996851757,17105.570899992017,472.1431349181459
1783268593,20,,Aggregated,14.300000,0.000000,320,650,930,1300,2300,3500,5200,6600,11000,17000,17000,15956,12,320,816.194255703406,14.764599996851757,17105.570899992017,472.25162948107294
1783268594,20,,Aggregated,14.500000,0.000000,320,650,940,1300,2300,3500,5200,6600,11000,17000,17000,15971,12,320,816.3004024797143,14.764599996851757,17105.570899992017,472.3852607851731
1783268595,20,,Aggregated,14.900000,0.000000,320,650,940,1300,2300,3500,5200,6600,11000,17000,17000,15985,12,320,816.4866409386008,14.764599996851757,17105.570899992017,472.651110416015
1783268596,20,,Aggregated,15.100000,0.000000,320,650,940,1300,2300,3500,5200,6600,11000,17000,17000,16001,12,320,816.6654440349706,14.764599996851757,17105.570899992017,472.9172551715518
1783268597,20,,Aggregated,15.200000,0.000000,320,650,940,1300,2300,3500,5200,6600,11000,17000,17000,16014,12,320,816.8570593295568,14.764599996851757,17105.570899992017,473.02410390907954
