Timestamp,User Count,Type,Name,Requests/s,Failures/s,50%,66%,75%,80%,90%,95%,98%,99%,99.9%,99.99%,100%,Total Request Count,Total Failure Count,Total Median Response Time,Total Average Response Time,Total Min Response Time,Total Max Response Time,Total Average Content Size
1783271340,0,,Aggregated,0.000000,0.000000,N/A,N/A,N/A,N/A,N/A,N/A,N/A,N/A,N/A,N/A,N/A,0,0,0,0.0,0,0,0
1783271341,2,,Aggregated,0.000000,0.000000,330,330,330,330,330,330,330,330,330,330,330,2,0,181.20449999696575,253.4010999952443,181.20449999696575,325.59769999352284,405.0
1783271342,4,,Aggregated,0.000000,0.000000,330,330,470,470,630,630,630,630,630,630,630,6,0,320,350.93589999693603,177.14559999876656,629.3499000021257,677.0
1783271343,6,,Aggregated,2.000000,0.000000,470,470,630,630,890,980,980,980,980,980,980,12,0,330,462.5473916676128,176.33889999706298,975.2967999957036,677.1666666666666
1783271344,8,,Aggregated,2.000000,0.000000,470,630,730,730,890,980,980,980,980,980,980,15,0,470,508.8800000026822,176.33889999706298,975.2967999957036,704.3333333333334
1783271345,10,,Aggregated,3.333333,0.000000,630,800,980,1100,1500,1500,1900,1900,1900,1900,1900,23,0,630,727.1147826079117,176.33889999706298,1941.662199998973,706.8695652173913
1783271346,10,,Aggregated,3.750000,0.000000,730,830,980,1100,1500,1500,1900,1900,1900,1900,1900,29,0,730,742.0238827582015,176.33889999706298,1941.662199998973,728.8965517241379
1783271347,10,,Aggregated,4.400000,0.000000,710,800,980,1100,1500,1900,2600,2600,2600,2600,2600,35,0,710,765.6482314283494,176.33889999706298,2578.732200025115,743.4285714285714
1783271348,10,,Aggregated,4.666667,0.000000,720,830,1100,1200,1900,2600,3800,3800,3800,3800,3800,42,0,710,917.0223404750383,176.33889999706298,3781.082899979083,754.9047619047619
1783271349,10,,Aggregated,4.857143,0.000000,710,890,1100,1400,2400,2700,4400,4400,4400,4400,4400,49,0,710,980.8229653037638,176.33889999706298,4384.965299977921,763.1428571428571
1783271350,10,,Aggregated,5.125000,0.000000,720,890,1300,1400,1900,2700,3800,4400,4400,4400,4400,56,0,710,987.6004607119414,176.33889999706298,4384.965299977921,740.25
1783271351,10,,Aggregated,5.333333,0.000000,640,800,1100,1300,1900,2600,3800,4400,4400,4400,4400,63,0,640,925.6389523784276,176.33889999706298,4384.965299977921,735.8253968253969
1783271352,10,,Aggregated,5.500000,0.000000,720,890,1300,1500,2400,2700,3800,4400,4400,4400,4400,68,0,710,1025.0012558796752,176.33889999706298,4384.965299977921,729.8529411764706
1783271353,10,,Aggregated,5.900000,0.000000,730,980,1300,1500,2300,2700,3800,4400,4400,4400,4400,74,0,730,1026.5232175647602,176.33889999706298,4384.965299977921,726.0405405405405
1783271354,10,,Aggregated,6.100000,0.000000,740,1000,1300,1500,2400,3500,4400,5300,5300,5300,5300,80,0,730,1084.6960887480236,176.33889999706298,5304.870400024811,732.95
1783271355,10,,Aggregated,6.200000,0.000000,780,1100,1300,1500,2400,3500,4400,5300,5300,5300,5300,87,0,780,1124.0617448260643,176.33889999706298,5304.870400024811,730.4597701149426
1783271356,10,,Aggregated,6.400000,0.000000,830,1200,1400,1700,2600,3500,4400,5300,5300,5300,5300,93,0,830,1174.2943247297644,176.33889999706298,5304.870400024811,736.1182795698925
1783271357,10,,Aggregated,6.300000,0.000000,810,1200,1400,1500,2600,3500,4400,5300,5300,5300,5300,99,0,810,1149.3043808061911,176.33889999706298,5304.870400024811,741.0909090909091
1783271358,10,,Aggregated,6.400000,0.000000,830,1200,1400,1700,2600,3400,3900,4400,5300,5300,5300,106,0,810,1167.0192877343584,176.33889999706298,5304.870400024811,746.2547169811321
1783271359,10,,Aggregated,6.400000,0.000000,830,1200,1400,1700,2600,3500,3900,4400,5300,5300,5300,113,0,830,1176.4151929188479,176.33889999706298,5304.870400024811,743.4513274336283
1783271360,10,,Aggregated,6.300000,0.000000,840,1200,1500,1900,2600,3600,4400,4500,5300,5300,5300,119,0,840,1219.049032771189,176.33889999706298,5304.870400024811,747.1680672268908
1783271361,10,,Aggregated,6.300000,0.000000,890,1200,1500,1800,2600,3500,4400,4500,5300,5300,5300,126,0,870,1214.2982928552167,176.33889999706298,5304.870400024811,731.6111111111111
1783271362,10,,Aggregated,6.300000,0.000000,940,1200,1500,1900,2600,3500,4400,4500,5300,5300,5300,133,0,940,1233.6717488706336,176.33889999706298,5304.870400024811,729.9398496240601
1783271363,10,,Aggregated,6.300000,0.000000,940,1300,1500,1900,2600,3500,4400,4500,5300,5300,5300,139,0,940,1246.729533811579,176.33889999706298,5304.870400024811,721.9496402877697
1783271364,10,,Aggregated,6.400000,0.000000,950,1300,1500,1900,2600,3400,4400,4500,5300,5300,5300,145,0,950,1245.9519627574302,176.33889999706298,5304.870400024811,725.9103448275862
1783271365,10,,Aggregated,6.500000,0.000000,960,1300,1600,1900,2600,3400,3900,4500,5300,5300,5300,152,0,950,1254.8923592095027,176.33889999706298,5304.870400024811,730.0986842105264
1783271366,10,,Aggregated,6.400000,0.000000,960,1300,1600,1900,2600,3500,4100,4500,5300,5300,5300,156,0,950,1270.1150782043278,176.33889999706298,5304.870400024811,727.0833333333334
1783271367,10,,Aggregated,6.500000,0.000000,960,1300,1600,2000,2600,3400,4100,4500,5300,5300,5300,163,0,960,1281.6078226987995,176.33889999706298,5304.870400024811,730.9018404907976
1783271368,10,,Aggregated,6.300000,0.000000,960,1300,1700,2000,2700,3400,4100,4500,5300,5300,5300,170,0,960,1296.899978823186,176.33889999706298,5304.870400024811,724.8176470588236
1783271369,10,,Aggregated,6.300000,0.000000,960,1300,1700,2000,2700,3400,4100,4500,5300,5300,5300,175,0,960,1295.3796874284412,176.33889999706298,5304.870400024811,722.7942857142857
1783271370,10,,Aggregated,6.400000,0.000000,960,1300,1700,2000,2600,3400,4100,4500,5300,5300,5300,181,0,960,1292.2217116021623,176.33889999706298,5304.870400024811,725.9226519337017
1783271371,11,,Aggregated,6.100000,0.000000,980,1300,1700,2000,2700,3400,4200,4500,5300,5300,5300,186,0,960,1315.6943462364393,176.33889999706298,5304.870400024811,723.989247311828
1783271372,12,,Aggregated,6.100000,0.000000,1000,1300,1800,2000,2700,3500,4400,4600,5300,5300,5300,196,0,980,1325.660794897941,176.33889999706298,5304.870400024811,728.7397959183673
1783271373,14,,Aggregated,6.000000,0.000000,980,1300,1700,2000,2700,3400,4200,4500,5300,5300,5300,203,0,980,1317.904642364469,176.33889999706298,5304.870400024811,728.6256157635468
1783271374,15,,Aggregated,6.200000,0.000000,1000,1300,1700,2000,2700,3400,4200,4500,5300,5300,5300,209,0,1000,1326.9412157896675,176.33889999706298,5304.870400024811,727.244019138756
1783271375,16,,Aggregated,6.300000,0.000000,1100,1300,1800,2000,2700,3400,4200,4500,5300,5300,5300,215,0,1100,1337.9389046512674,176.33889999706298,5304.870400024811,725.953488372093
1783271376,17,,Aggregated,6.400000,0.000000,1100,1400,1800,2000,2700,3400,4200,4500,5300,5300,5300,222,0,1100,1350.414149549964,176.33889999706298,5304.870400024811,728.8378378378378
1783271377,18,,Aggregated,6.200000,0.000000,1100,1500,1800,2000,2700,3500,4200,4500,5300,5300,5300,229,0,1100,1366.5327729257465,18.14199998625554,5304.870400024811,728.7292576419214
1783271378,19,,Aggregated,6.400000,0.000000,1100,1500,1900,2000,2700,3500,4200,4500,5300,5300,5300,234,0,1100,1377.053906837738,18.14199998625554,5304.870400024811,730.6367521367522
1783271379,20,,Aggregated,6.400000,0.000000,1100,1600,1900,2100,2700,3600,4400,4600,7500,7500,7500,241,0,1100,1429.0342958505396,18.14199998625554,7492.96819997835,726.3983402489627
1783271380,20,,Aggregated,6.500000,0.000000,1100,1600,1900,2100,3000,3600,4400,4600,7500,7500,7500,247,0,1100,1436.9864161940516,18.14199998625554,7492.96819997835,728.6477732793522
1783271381,20,,Aggregated,6.600000,0.000000,1100,1600,1900,2200,3000,3800,4200,4600,7500,7500,7500,255,0,1100,1443.1130176468287,18.14199998625554,7492.96819997835,725.7294117647059
1783271382,20,,Aggregated,6.500000,0.000000,1100,1600,2000,2200,3000,3800,4400,4600,7500,7500,7500,263,0,1100,1451.1938897333773,18.14199998625554,7492.96819997835,723.5627376425856
1783271383,20,,Aggregated,6.800000,0.000000,1100,1600,2000,2300,3100,3900,4500,5300,7500,7500,7500,267,0,1100,1485.3390988760605,18.14199998625554,7492.96819997835,721.9288389513108
1783271384,20,,Aggregated,6.700000,0.000000,1100,1600,2000,2300,3300,4100,4600,6000,7500,7500,7500,274,0,1100,1518.2517766421422,18.14199998625554,7492.96819997835,724.4306569343066
1783271385,20,,Aggregated,6.500000,0.000000,1100,1700,2000,2300,3300,4000,4600,6000,7500,7500,7500,283,0,1100,1529.5043922259388,14.031200000317767,7492.96819997835,719.3533568904594
1783271386,20,,Aggregated,6.200000,0.000000,1100,1700,2000,2300,3300,4200,5300,7500,9200,9200,9200,291,0,1100,1565.8101687282629,14.031200000317767,9249.349100020481,717.6219931271478
1783271387,20,,Aggregated,6.700000,0.000000,1100,1700,2100,2400,3500,4400,6000,7500,9200,9200,9200,299,0,1100,1607.6017377924768,14.031200000317767,9249.349100020481,712.6688963210702
1783271388,20,,Aggregated,6.800000,0.000000,1100,1700,2100,2400,3500,4400,5900,6700,9200,9200,9200,305,0,1100,1617.1061091801557,14.031200000317767,9249.349100020481,714.7475409836065
1783271389,20,,Aggregated,7.100000,0.000000,1200,1700,2200,2400,3600,4500,6000,7500,15000,15000,15000,312,0,1100,1664.5884778844425,14.031200000317767,14607.130699994741,712.3814102564103
1783271390,20,,Aggregated,6.900000,0.000000,1200,1800,2300,2500,3700,4500,6000,7500,15000,15000,15000,317,0,1200,1693.4505416402058,14.031200000317767,14607.130699994741,711.4794952681387
1783271391,20,,Aggregated,7.000000,0.000000,1200,1800,2300,2600,3800,4500,6700,7600,15000,15000,15000,326,0,1200,1764.583546932368,14.031200000317767,14607.130699994741,714.4478527607362
1783271392,20,,Aggregated,7.000000,0.000000,1200,1800,2300,2600,3800,4600,6700,7600,15000,15000,15000,332,0,1200,1772.1239680720455,14.031200000317767,14607.130699994741,713.843373493976
1783271393,20,,Aggregated,7.000000,0.000000,1200,1800,2300,2600,3800,4600,6700,7600,15000,15000,15000,339,0,1200,1769.9417536870499,14.031200000317767,14607.130699994741,713.5722713864307
1783271394,20,,Aggregated,6.800000,0.000000,1200,1800,2300,2600,3800,4500,6700,7600,15000,15000,15000,344,0,1200,1771.8194874998812,14.031200000317767,14607.130699994741,712.7093023255813
1783271395,20,,Aggregated,7.000000,0.000000,1200,1900,2400,2600,4000,5200,6700,7600,15000,15000,15000,351,0,1200,1838.0841492876566,14.031200000317767,14607.130699994741,712.4814814814815
1783271396,20,,Aggregated,7.100000,0.000000,1200,1900,2400,2700,4100,5300,6700,7600,15000,15000,15000,359,0,1200,1860.7756044567448,14.031200000317767,14607.130699994741,713.0445682451253
1783271397,20,,Aggregated,6.800000,0.000000,1200,1900,2400,2700,4100,5200,6700,7600,15000,15000,15000,364,0,1200,1868.188507692229,14.031200000317767,14607.130699994741,714.5
1783271398,20,,Aggregated,6.800000,0.000000,1200,1900,2400,2700,4100,5200,6700,7600,15000,15000,15000,369,0,1200,1876.1333005418742,14.031200000317767,14607.130699994741,715.9024390243902
1783271399,20,,Aggregated,6.400000,0.000000,1200,1900,2400,2700,4100,5300,6700,7600,15000,15000,15000,377,0,1200,1885.11336923068,14.031200000317767,14607.130699994741,714.6339522546419
1783271400,20,,Aggregated,6.400000,0.000000,1200,2000,2500,2900,4100,5300,6800,9200,15000,15000,15000,387,0,1200,1930.8794635658312,14.031200000317767,15073.91770000686,711.8397932816538
1783271401,20,,Aggregated,6.400000,0.000000,1300,2000,2500,3000,4200,5400,6800,9200,15000,15000,15000,393,0,1300,1954.2824679388161,14.031200000317767,15073.91770000686,713.4783715012722
1783271402,20,,Aggregated,6.700000,0.000000,1300,2000,2600,2900,4200,5400,6800,9200,15000,15000,15000,398,0,1300,1953.923492713471,14.031200000317767,15073.91770000686,712.748743718593
1783271403,20,,Aggregated,6.600000,0.000000,1300,2000,2600,3000,4100,5300,6700,7600,15000,15000,15000,401,0,1300,1961.7372294263002,14.031200000317767,15073.91770000686,711.5037406483791
1783271404,20,,Aggregated,6.700000,0.000000,1300,2100,2600,3000,4200,5700,6800,7600,15000,15000,15000,408,0,1300,1997.3955149509814,14.031200000317767,15073.91770000686,709.75
1783271405,20,,Aggregated,6.400000,0.000000,1300,2100,2600,3100,4200,5700,6800,7600,15000,15000,15000,413,0,1300,2002.0181273607584,14.031200000317767,15073.91770000686,707.0968523002422
1783271406,20,,Aggregated,6.300000,0.000000,1300,2200,2600,3100,4400,5900,7300,8200,15000,15000,15000,422,0,1300,2044.814640047278,14.031200000317767,15073.91770000686,707.9454976303317
1783271407,20,,Aggregated,6.300000,0.000000,1300,2300,2700,3100,4500,6000,7500,9200,15000,15000,15000,430,0,1300,2080.932021627763,14.031200000317767,15073.91770000686,708.5046511627907
1783271408,20,,Aggregated,6.000000,0.000000,1300,2200,2600,3100,4500,6000,7500,9200,15000,15000,15000,437,0,1300,2067.086524942659,14.031200000317767,15073.91770000686,710.2768878718535
1783271409,20,,Aggregated,6.500000,0.000000,1300,2300,2700,3100,4500,6100,7500,9200,15000,15000,15000,444,0,1300,2092.8111148647845,14.031200000317767,15073.91770000686,710.5292792792793
1783271410,20,,Aggregated,6.600000,0.000000,1400,2300,2700,3200,4500,6100,7500,9200,15000,15000,15000,450,0,1300,2095.1772173331765,14.031200000317767,15073.91770000686,711.9866666666667
1783271411,20,,Aggregated,6.600000,0.000000,1400,2300,2700,3200,4500,6100,7300,9200,15000,15000,15000,456,0,1400,2109.7555675436874,14.031200000317767,15073.91770000686,711.6425438596491
1783271412,20,,Aggregated,6.500000,0.000000,1400,2300,2800,3200,4500,6000,7300,9200,15000,15000,15000,463,0,1400,2116.5036771056866,14.031200000317767,15073.91770000686,711.5421166306695
1783271413,20,,Aggregated,6.300000,0.000000,1400,2300,2700,3200,4500,6100,7300,9200,15000,15000,15000,469,0,1400,2120.4403750532033,14.031200000317767,15073.91770000686,711.2046908315565
1783271414,20,,Aggregated,6.300000,0.000000,1500,2300,2900,3200,4500,6300,7500,11000,15000,15000,15000,476,0,1500,2144.1912096637097,14.031200000317767,15073.91770000686,711.4726890756302
1783271415,20,,Aggregated,6.500000,0.000000,1500,2300,2900,3300,4600,6100,7500,11000,15000,15000,15000,483,0,1500,2148.7503115940494,14.031200000317767,15073.91770000686,710.0351966873706
1783271416,20,,Aggregated,6.800000,0.000000,1500,2300,2900,3300,4700,6100,7500,11000,15000,15000,15000,489,0,1500,2159.66768732084,14.031200000317767,15073.91770000686,709.7464212678937
1783271417,20,,Aggregated,6.800000,0.000000,1500,2400,2900,3300,4800,6300,7600,11000,15000,15000,15000,498,0,1500,2199.903677309006,14.031200000317767,15073.91770000686,711.8112449799197
1783271418,20,,Aggregated,6.900000,0.000000,1600,2400,3000,3400,4800,6300,7600,9200,15000,15000,15000,505,0,1600,2212.8149097027504,14.031200000317767,15073.91770000686,712.0336633663367
1783271419,20,,Aggregated,6.500000,0.000000,1600,2400,2900,3400,4800,6300,7600,9200,15000,15000,15000,510,0,1500,2206.8137088232997,14.031200000317767,15073.91770000686,713.1313725490196
1783271420,20,,Aggregated,6.600000,0.000000,1600,2400,3000,3400,4800,6300,7600,9200,15000,15000,15000,518,0,1600,2209.197996911039,14.031200000317767,15073.91770000686,707.5482625482625
1783271421,20,,Aggregated,6.800000,0.000000,1600,2400,3000,3400,4800,6300,7600,9200,15000,15000,15000,527,0,1600,2212.619992030311,14.031200000317767,15073.91770000686,707.0607210626185
1783271422,20,,Aggregated,6.700000,0.000000,1600,2400,3000,3400,4800,6300,7600,9200,15000,15000,15000,531,0,1600,2216.040544256041,14.031200000317767,15073.91770000686,707.9491525423729
1783271423,20,,Aggregated,6.800000,0.000000,1600,2400,3000,3500,4800,6300,7600,9200,15000,15000,15000,538,0,1600,2219.6888299255875,14.031200000317767,15073.91770000686,706.7118959107806
1783271424,20,,Aggregated,7.000000,0.000000,1600,2400,3000,3500,4800,6300,7600,9200,15000,15000,15000,543,0,1600,2224.8496416206135,14.031200000317767,15073.91770000686,704.7532228360958
1783271425,20,,Aggregated,6.800000,0.000000,1600,2400,3000,3600,4900,6300,7600,9200,15000,15000,15000,550,0,1600,2245.061317272855,14.031200000317767,15073.91770000686,704.7654545454545
1783271426,20,,Aggregated,6.700000,0.000000,1600,2400,3100,3600,4900,6400,7600,9900,15000,15000,15000,557,0,1600,2271.5057439856937,14.031200000317767,15073.91770000686,703.3087971274686
1783271427,20,,Aggregated,6.600000,0.000000,1600,2400,3100,3700,4900,6400,7600,9900,15000,15000,15000,564,0,1600,2282.5209180850156,14.031200000317767,15073.91770000686,701.8794326241135
1783271428,20,,Aggregated,6.700000,0.000000,1700,2400,3100,3700,4900,6400,7800,9900,15000,15000,15000,571,0,1700,2302.8951590191027,14.031200000317767,15073.91770000686,703.3677758318739
1783271429,20,,Aggregated,6.900000,0.000000,1700,2400,3100,3600,4800,6400,7800,9900,15000,15000,15000,592,0,1700,2280.4151910471332,14.031200000317767,15073.91770000686,694.5641891891892
1783271430,20,,Aggregated,6.600000,0.000000,1700,2400,3000,3600,4800,6300,7600,9200,15000,15000,15000,605,0,1700,2257.85622545441,14.031200000317767,15073.91770000686,691.0330578512396
1783271431,20,,Aggregated,7.600000,0.000000,1600,2400,3000,3500,4800,6300,7600,9200,15000,15000,15000,617,0,1600,2236.0297935169356,14.031200000317767,15073.91770000686,692.2690437601296
1783271432,20,,Aggregated,8.100000,0.000000,1600,2400,3000,3500,4800,6300,7600,9200,15000,15000,15000,628,0,1600,2213.6483735667307,14.031200000317767,15073.91770000686,691.1671974522293
1783271433,20,,Aggregated,8.600000,0.000000,1600,2400,3000,3400,4700,6300,7600,9200,15000,15000,15000,641,0,1600,2204.772092043609,14.031200000317767,15073.91770000686,691.5179407176287
1783271434,20,,Aggregated,9.000000,0.000000,1600,2400,2900,3400,4700,6300,7600,9200,15000,15000,15000,655,0,1600,2185.5252061068536,14.031200000317767,15073.91770000686,691.8396946564885
1783271435,20,,Aggregated,9.600000,0.000000,1600,2300,2900,3300,4700,6300,7600,9200,15000,15000,15000,672,0,1600,2158.835297470129,14.031200000317767,15073.91770000686,693.2589285714286
1783271436,20,,Aggregated,10.300000,0.000000,1500,2300,2800,3300,4600,6100,7600,9200,15000,15000,15000,686,0,1500,2133.0215129735725,14.031200000317767,15073.91770000686,692.8148688046647
1783271437,20,,Aggregated,11.300000,0.000000,1500,2300,2700,3300,4500,6000,7500,9000,15000,15000,15000,703,0,1500,2106.125482503185,14.031200000317767,15073.91770000686,691.7425320056899
1783271438,20,,Aggregated,12.100000,0.000000,1400,2300,2700,3200,4500,6000,7500,9000,15000,15000,15000,717,0,1400,2085.039193723427,14.031200000317767,15073.91770000686,692.0223152022315
1783271439,20,,Aggregated,12.900000,0.000000,1400,2200,2700,3200,4500,5900,7500,9000,15000,15000,15000,732,0,1400,2067.8308479503958,14.031200000317767,15073.91770000686,692.9084699453551
1783271441,20,,Aggregated,13.900000,0.000000,1400,2200,2700,3200,4500,5900,7500,9000,15000,15000,15000,744,0,1400,2047.9132297039014,14.031200000317767,15073.91770000686,693.2594086021505
1783271442,20,,Aggregated,13.500000,0.000000,1400,2200,2600,3100,4500,5900,7300,9000,15000,15000,15000,758,0,1400,2030.3156085747848,14.031200000317767,15073.91770000686,694.5910290237467
1783271443,20,,Aggregated,13.800000,0.000000,1300,2100,2600,3100,4400,5700,7300,9000,15000,15000,15000,774,0,1300,2012.148928423415,14.031200000317767,15073.91770000686,692.5749354005168
1783271444,20,,Aggregated,13.900000,0.000000,1300,2100,2600,3100,4400,5500,7300,9000,15000,15000,15000,786,0,1300,1995.1867472005902,14.031200000317767,15073.91770000686,692.7010178117048
1783271445,20,,Aggregated,14.000000,0.000000,1300,2100,2600,3100,4300,5500,6900,8500,15000,15000,15000,802,0,1300,1979.8300465083134,14.031200000317767,15073.91770000686,691.5822942643391
1783271446,20,,Aggregated,14.500000,0.000000,1300,2100,2600,3100,4300,5500,6900,8500,15000,15000,15000,816,0,1300,1973.7382588230628,14.031200000317767,15073.91770000686,690.8382352941177
1783271447,20,,Aggregated,14.500000,0.000000,1300,2000,2500,3000,4200,5500,6900,8500,15000,15000,15000,830,0,1300,1955.5082767465115,14.031200000317767,15073.91770000686,690.5036144578313
1783271448,20,,Aggregated,14.500000,0.000000,1300,2000,2500,3000,4200,5500,6900,8500,15000,15000,15000,844,0,1300,1945.7627831749196,14.031200000317767,15073.91770000686,691.9585308056872
1783271449,20,,Aggregated,14.300000,0.000000,1300,2000,2500,3000,4200,5500,6800,8500,15000,15000,15000,857,0,1300,1931.2460107346517,14.031200000317767,15073.91770000686,693.1866977829638
1783271450,20,,Aggregated,14.200000,0.000000,1300,2000,2500,3000,4100,5500,6800,8500,15000,15000,15000,868,0,1300,1920.8423675110078,14.031200000317767,15073.91770000686,693.9043778801844
1783271451,20,,Aggregated,14.000000,0.000000,1300,2000,2500,2900,4100,5400,6800,8500,15000,15000,15000,881,0,1300,1911.6439454023732,14.031200000317767,15073.91770000686,694.3155505107832
1783271452,20,,Aggregated,13.600000,0.000000,1300,2000,2500,2900,4100,5400,6800,8500,15000,15000,15000,896,0,1300,1900.9277390619966,14.031200000317767,15073.91770000686,695.7332589285714
1783271453,20,,Aggregated,13.600000,0.000000,1300,1900,2400,2900,4100,5400,6700,8200,15000,15000,15000,911,0,1300,1884.9827615801948,14.031200000317767,15073.91770000686,692.02634467618
1783271454,20,,Aggregated,13.500000,0.000000,1200,1900,2400,2900,4100,5400,6800,8300,15000,15000,15000,925,0,1200,1884.3342595671404,14.031200000317767,15073.91770000686,692.4162162162162
1783271455,20,,Aggregated,13.300000,0.000000,1200,1900,2400,2800,4100,5400,6800,8300,15000,15000,15000,935,0,1200,1874.7504708018182,14.031200000317767,15073.91770000686,693.8085561497326
1783271456,20,,Aggregated,13.500000,0.000000,1200,1900,2400,2800,4100,5400,6700,8300,15000,15000,15000,951,0,1200,1860.6966374339827,14.031200000317767,15073.91770000686,695.124079915878
1783271457,20,,Aggregated,13.200000,0.000000,1200,1900,2400,2700,4100,5400,6700,8300,15000,15000,15000,963,0,1200,1851.7444402904905,14.031200000317767,15073.91770000686,695.8483904465213
1783271458,20,,Aggregated,13.400000,0.000000,1200,1900,2400,2700,4100,5400,6700,8300,15000,15000,15000,977,0,1200,1844.638255782742,14.031200000317767,15073.91770000686,696.1310133060389
1783271459,20,,Aggregated,13.100000,0.000000,1200,1900,2400,2700,4000,5400,6700,8300,15000,15000,15000,989,0,1200,1837.0311424668564,14.031200000317767,15073.91770000686,696.8200202224469
1783271460,20,,Aggregated,13.100000,0.000000,1200,1900,2400,2700,4000,5300,6700,8200,15000,15000,15000,1005,0,1200,1827.0832634822868,14.031200000317767,15073.91770000686,696.6557213930348
1783271461,21,,Aggregated,13.000000,0.000000,1200,1800,2400,2700,4000,5400,6700,8300,15000,15000,15000,1020,0,1200,1823.2312944115085,14.031200000317767,15073.91770000686,694.8950980392157
1783271462,22,,Aggregated,13.500000,0.000000,1200,1800,2400,2700,4000,5300,6700,8300,15000,15000,15000,1038,0,1100,1806.5716870903696,14.031200000317767,15073.91770000686,693.2398843930636
1783271463,23,,Aggregated,13.700000,0.000000,1100,1800,2400,2700,4000,5300,6700,8300,15000,15000,15000,1063,0,1100,1779.0046509875563,14.031200000317767,15073.91770000686,687.9830667920978
1783271464,24,,Aggregated,14.100000,0.000000,1100,1800,2300,2600,3900,5300,6700,8300,15000,15000,15000,1084,0,1100,1750.9168231548038,14.031200000317767,15073.91770000686,682.8883763837638
1783271465,25,,Aggregated,15.300000,0.000000,1000,1800,2300,2600,3900,5300,6700,8200,15000,15000,15000,1109,0,1000,1722.001274842096,14.031200000317767,15073.91770000686,677.3751127141569
1783271466,26,,Aggregated,15.700000,0.000000,1000,1700,2300,2600,3900,5300,6700,8200,15000,15000,15000,1132,0,1000,1696.6347976148534,14.031200000317767,15073.91770000686,673.6254416961131
1783271467,27,,Aggregated,16.900000,0.000000,1000,1700,2300,2600,3900,5300,6700,8200,15000,15000,15000,1153,0,1000,1671.3530680832896,14.031200000317767,15073.91770000686,669.8117953165655
1783271468,28,,Aggregated,17.800000,0.000000,1000,1700,2200,2500,3900,5200,6700,8200,15000,15000,15000,1179,0,1000,1645.8137661578653,14.031200000317767,15073.91770000686,665.7353689567431
1783271469,29,,Aggregated,18.600000,0.000000,980,1700,2200,2500,3800,5200,6700,8200,15000,15000,15000,1197,0,980,1628.5269128656105,14.031200000317767,15073.91770000686,664.015873015873
1783271470,30,,Aggregated,19.800000,0.000000,960,1600,2200,2500,3800,5200,6700,8100,15000,15000,15000,1228,0,960,1598.8974121336134,14.031200000317767,15073.91770000686,657.4609120521172
1783271471,31,,Aggregated,20.700000,0.000000,950,1600,2100,2400,3700,5000,6700,8100,15000,15000,15000,1256,0,950,1575.442983280279,14.031200000317767,15073.91770000686,653.2292993630573
1783271472,32,,Aggregated,21.800000,0.000000,940,1600,2100,2400,3700,4900,6700,8100,15000,15000,15000,1282,0,940,1553.1097612323842,14.031200000317767,15073.91770000686,648.6450858034322
1783271473,33,,Aggregated,23.200000,0.000000,940,1600,2000,2400,3700,4900,6700,7800,15000,15000,15000,1306,0,940,1536.3359964777105,14.031200000317767,15073.91770000686,645.1171516079633
1783271474,34,,Aggregated,23.900000,0.000000,930,1500,2000,2400,3700,4900,6700,7800,15000,15000,15000,1328,0,930,1522.1783636294408,14.031200000317767,15073.91770000686,642.957078313253
1783271475,35,,Aggregated,23.900000,0.000000,930,1500,2000,2400,3600,4800,6600,7800,15000,15000,15000,1351,0,930,1505.4903886009993,14.031200000317767,15073.91770000686,638.4492968171725
1783271476,36,,Aggregated,24.400000,0.000000,920,1500,2000,2400,3600,4800,6600,7800,15000,15000,15000,1382,0,920,1488.1255304630895,14.031200000317767,15073.91770000686,632.8777134587555
1783271477,37,,Aggregated,24.100000,0.000000,910,1500,1900,2400,3500,4800,6500,7600,15000,15000,15000,1412,0,910,1471.494186614699,14.031200000317767,15073.91770000686,628.943342776204
1783271478,38,,Aggregated,24.500000,0.000000,900,1400,1900,2300,3500,4800,6500,7600,15000,15000,15000,1442,0,900,1453.7315644243013,14.031200000317767,15073.91770000686,624.9077669902913
1783271479,39,,Aggregated,25.400000,0.000000,890,1400,1900,2300,3500,4700,6500,7600,15000,15000,15000,1463,0,890,1443.0582933013886,14.031200000317767,15073.91770000686,623.6671223513329
1783271480,40,,Aggregated,25.800000,0.000000,890,1400,1900,2300,3500,4700,6500,7600,15000,15000,15000,1484,0,890,1433.3037349730307,14.031200000317767,15073.91770000686,622.9117250673854
1783271481,40,,Aggregated,26.200000,0.000000,880,1400,1900,2300,3500,4700,6500,7600,15000,15000,15000,1512,0,880,1420.4061349867388,14.031200000317767,15073.91770000686,619.521164021164
1783271482,40,,Aggregated,25.500000,0.000000,880,1400,1900,2300,3500,4700,6500,7600,15000,15000,15000,1533,0,880,1420.1779174820233,14.031200000317767,15073.91770000686,617.8851924331376
1783271483,40,,Aggregated,25.400000,0.000000,870,1400,1900,2300,3500,4700,6500,7600,15000,15000,15000,1560,0,870,1413.0266669871053,14.031200000317767,15073.91770000686,614.849358974359
1783271484,40,,Aggregated,25.200000,0.000000,870,1400,1900,2300,3500,4700,6500,7600,15000,15000,15000,1588,0,860,1407.350429093182,14.031200000317767,15073.91770000686,611.6404282115869
1783271485,40,,Aggregated,25.300000,0.000000,860,1400,1900,2300,3500,4700,6400,7500,15000,15000,15000,1620,0,860,1401.2333240741248,14.031200000317767,15073.91770000686,608.4518518518519
1783271486,40,,Aggregated,25.700000,0.000000,860,1400,1900,2300,3500,4600,6400,7500,15000,15000,15000,1647,0,860,1392.547710382604,14.031200000317767,15073.91770000686,605.8245294474802
1783271487,40,,Aggregated,26.400000,0.000000,860,1400,1900,2300,3500,4600,6400,7600,15000,15000,15000,1670,0,860,1386.6443385031107,14.031200000317767,15073.91770000686,602.6514970059881
1783271488,40,,Aggregated,26.200000,0.000000,860,1400,1900,2300,3400,4600,6400,7600,15000,15000,15000,1695,0,860,1377.9811964602454,14.031200000317767,15073.91770000686,599.8200589970502
1783271489,40,,Aggregated,25.800000,0.000000,850,1400,1900,2300,3400,4600,6400,7500,15000,15000,15000,1720,0,850,1373.4885124419447,14.031200000317767,15073.91770000686,597.9575581395349
1783271490,40,,Aggregated,25.500000,0.000000,850,1400,1900,2300,3400,4500,6400,7500,15000,15000,15000,1742,0,850,1371.0403715270493,14.031200000317767,15073.91770000686,595.2795637198623
1783271491,40,,Aggregated,25.200000,0.000000,850,1400,1900,2300,3400,4600,6400,7500,15000,15000,15000,1765,0,850,1367.6515988669348,14.031200000317767,15073.91770000686,593.2623229461757
1783271492,40,,Aggregated,25.600000,0.000000,840,1400,1900,2300,3400,4500,6400,7500,15000,15000,15000,1793,0,840,1360.628020580126,14.031200000317767,15073.91770000686,591.2130507529281
1783271493,40,,Aggregated,25.200000,0.000000,840,1400,1900,2300,3400,4600,6300,7400,15000,15000,15000,1820,0,840,1357.1029107143288,14.031200000317767,15073.91770000686,589.9142857142857
1783271494,40,,Aggregated,25.500000,0.000000,840,1400,1900,2300,3400,4500,6300,7400,15000,15000,15000,1855,0,840,1349.481326630815,14.031200000317767,15073.91770000686,586.2889487870619
1783271495,40,,Aggregated,25.600000,0.000000,830,1300,1900,2300,3400,4500,6300,7400,15000,15000,15000,1882,0,830,1344.4292001594397,14.031200000317767,15073.91770000686,585.0972369819341
1783271496,40,,Aggregated,26.100000,0.000000,830,1300,1800,2200,3400,4500,6300,7300,15000,15000,15000,1906,0,830,1337.1647698321442,14.031200000317767,15073.91770000686,583.49055613851
1783271497,40,,Aggregated,26.000000,0.000000,830,1300,1800,2200,3400,4500,6300,7300,15000,15000,15000,1931,0,830,1328.5458500259406,14.031200000317767,15073.91770000686,581.783531848783
1783271498,40,,Aggregated,25.700000,0.000000,830,1300,1800,2200,3400,4500,6300,7300,15000,15000,15000,1961,0,830,1324.5313377868638,14.031200000317767,15073.91770000686,579.6394696583376
1783271499,40,,Aggregated,26.100000,0.000000,820,1300,1800,2200,3400,4500,6300,7300,15000,15000,15000,1988,0,820,1320.476384657968,14.031200000317767,15073.91770000686,576.2459758551308
1783271500,40,,Aggregated,26.000000,0.000000,820,1300,1800,2200,3400,4500,6300,6900,14000,15000,15000,2015,0,820,1315.5551515632708,14.031200000317767,15073.91770000686,574.532506203474
1783271501,40,,Aggregated,26.800000,0.000000,810,1300,1800,2200,3300,4500,6300,6900,14000,15000,15000,2044,0,810,1307.7452275440417,14.031200000317767,15073.91770000686,572.0724070450098
1783271502,40,,Aggregated,27.200000,0.000000,810,1300,1800,2200,3300,4500,6200,6900,14000,15000,15000,2068,0,810,1301.6172000967265,14.031200000317767,15073.91770000686,571.365087040619
1783271503,40,,Aggregated,27.900000,0.000000,810,1300,1800,2200,3300,4500,6200,6900,14000,15000,15000,2093,0,810,1298.3829186335406,14.031200000317767,15073.91770000686,570.5475394171046
1783271504,40,,Aggregated,27.600000,0.000000,800,1300,1800,2200,3300,4500,6200,6900,14000,15000,15000,2119,0,800,1291.9141591787738,14.031200000317767,15073.91770000686,569.5776309579991
1783271505,40,,Aggregated,27.600000,0.000000,800,1300,1800,2200,3300,4500,6200,6900,14000,15000,15000,2142,0,800,1291.5156509802907,14.031200000317767,15073.91770000686,568.1858076563959
1783271506,40,,Aggregated,26.400000,0.000000,800,1300,1800,2200,3300,4500,6100,6900,14000,15000,15000,2166,0,800,1289.7619975068144,14.031200000317767,15073.91770000686,566.9519852262234
1783271507,40,,Aggregated,25.900000,0.000000,800,1300,1800,2200,3300,4500,6100,6900,14000,15000,15000,2196,0,790,1287.2574338341033,14.031200000317767,15073.91770000686,564.8770491803278
1783271508,40,,Aggregated,26.300000,0.000000,790,1300,1800,2100,3300,4500,6100,6800,14000,15000,15000,2221,0,790,1280.749800225041,14.031200000317767,15073.91770000686,563.2593426384511
1783271509,40,,Aggregated,26.200000,0.000000,780,1300,1800,2100,3300,4400,6100,6800,14000,15000,15000,2255,0,780,1272.7952898447616,14.031200000317767,15073.91770000686,561.8070953436807
1783271510,40,,Aggregated,26.500000,0.000000,780,1300,1800,2100,3300,4400,6100,6900,14000,15000,15000,2290,0,780,1266.8129650218632,14.031200000317767,15073.91770000686,558.7519650655022
1783271511,40,,Aggregated,26.700000,0.000000,770,1300,1800,2100,3300,4400,6100,6900,14000,15000,15000,2315,0,770,1261.1532905399788,14.031200000317767,15073.91770000686,557.8030237580994
1783271512,40,,Aggregated,27.200000,0.000000,770,1300,1700,2100,3200,4400,6100,6900,14000,15000,15000,2337,0,770,1256.9000063328867,14.031200000317767,15073.91770000686,557.1210954214805
1783271513,40,,Aggregated,27.200000,0.000000,770,1300,1700,2100,3200,4400,6100,6900,14000,15000,15000,2362,0,770,1255.5005407281792,14.031200000317767,15073.91770000686,555.805249788315
1783271514,40,,Aggregated,27.100000,0.000000,770,1300,1700,2100,3200,4400,6100,6900,14000,15000,15000,2387,0,770,1251.9477128194276,14.031200000317767,15073.91770000686,554.9363217427733
1783271515,40,,Aggregated,26.300000,0.000000,770,1300,1700,2100,3200,4400,6000,6800,14000,15000,15000,2413,0,770,1249.6602253625865,14.031200000317767,15073.91770000686,553.5681723995027
1783271516,40,,Aggregated,27.000000,0.000000,770,1300,1700,2100,3200,4400,6000,6800,14000,15000,15000,2442,0,770,1244.5423950450229,14.031200000317767,15073.91770000686,552.1326781326782
1783271517,40,,Aggregated,27.100000,0.000000,770,1300,1700,2100,3200,4400,6000,6800,14000,15000,15000,2464,0,760,1245.084893749995,14.031200000317767,15073.91770000686,550.2459415584416
1783271518,40,,Aggregated,27.000000,0.000000,760,1300,1700,2100,3200,4400,6000,6800,14000,15000,15000,2489,0,760,1241.2490314182457,14.031200000317767,15073.91770000686,550.0670952189635
1783271519,40,,Aggregated,27.300000,0.000000,760,1300,1700,2100,3200,4400,6000,6900,15000,17000,17000,2511,0,760,1248.0031365989623,14.031200000317767,17114.190899999812,549.2381521306253
1783271520,40,,Aggregated,26.600000,0.000000,760,1300,1700,2100,3200,4400,6100,7000,15000,17000,17000,2538,0,760,1247.559516115064,14.031200000317767,17114.190899999812,547.5953506698188
1783271521,40,,Aggregated,25.500000,0.000000,760,1300,1700,2100,3200,4400,6000,7000,15000,17000,17000,2562,0,760,1244.17920616707,14.031200000317767,17114.190899999812,547.2931303669009
1783271522,40,,Aggregated,24.700000,0.000000,760,1200,1700,2100,3200,4400,6000,7000,15000,17000,17000,2589,0,760,1240.723316995018,14.031200000317767,17114.190899999812,546.2213209733488
1783271523,40,,Aggregated,24.000000,0.000000,760,1300,1700,2100,3200,4400,6000,6900,15000,17000,17000,2613,0,760,1240.4266251052975,14.031200000317767,17114.190899999812,545.3865288939916
1783271524,40,,Aggregated,24.600000,0.000000,750,1200,1700,2100,3200,4400,6000,6900,15000,17000,17000,2636,0,750,1237.0214453718513,14.031200000317767,17114.190899999812,545.0125189681336
1783271525,40,,Aggregated,25.400000,0.000000,750,1200,1700,2100,3200,4400,6100,7000,15000,17000,17000,2662,0,750,1236.6878619460053,14.031200000317767,17114.190899999812,544.3970698722765
1783271526,40,,Aggregated,24.800000,0.000000,750,1200,1700,2100,3200,4400,6100,7000,15000,17000,17000,2682,0,750,1234.2690861671344,14.031200000317767,17114.190899999812,544.2427293064877
1783271527,40,,Aggregated,25.000000,0.000000,750,1200,1700,2100,3200,4400,6100,7000,15000,17000,17000,2712,0,750,1236.6419794248884,14.031200000317767,17114.190899999812,543.5840707964602
1783271528,40,,Aggregated,24.400000,0.000000,750,1300,1700,2100,3200,4400,6100,7000,15000,17000,17000,2738,0,750,1235.843886523101,14.031200000317767,17114.190899999812,542.2392257121987
1783271529,40,,Aggregated,23.600000,0.000000,750,1300,1700,2100,3200,4400,6100,7300,15000,17000,17000,2765,0,750,1235.9824323689677,14.031200000317767,17114.190899999812,541.0112115732369
1783271530,40,,Aggregated,24.400000,0.000000,750,1200,1700,2100,3200,4400,6100,7300,15000,17000,17000,2788,0,750,1232.9327393831732,14.031200000317767,17114.190899999812,539.6581779053084
1783271531,40,,Aggregated,24.800000,0.000000,750,1200,1700,2100,3200,4400,6100,7000,15000,17000,17000,2815,0,750,1230.2701198580294,14.031200000317767,17114.190899999812,538.78756660746
1783271532,40,,Aggregated,24.700000,0.000000,750,1200,1700,2100,3200,4400,6100,7000,15000,17000,17000,2839,0,750,1224.6818910885556,14.031200000317767,17114.190899999812,536.7569566748855
1783271533,40,,Aggregated,25.000000,0.000000,740,1200,1700,2100,3200,4400,6100,7000,15000,17000,17000,2866,0,740,1225.2238271808637,14.031200000317767,17114.190899999812,536.6849267271458
1783271534,40,,Aggregated,24.800000,0.000000,740,1200,1700,2100,3200,4400,6100,7000,15000,17000,17000,2891,0,740,1220.8764223107225,14.031200000317767,17114.190899999812,535.9124870287097
1783271535,40,,Aggregated,24.500000,0.000000,750,1200,1700,2100,3200,4400,6100,7300,15000,17000,17000,2906,0,750,1232.7719309705408,14.031200000317767,17114.190899999812,537.1183757742601
1783271536,40,,Aggregated,25.000000,0.000000,750,1300,1700,2100,3200,4400,6100,7300,15000,17000,17000,2916,0,750,1237.325265912355,14.031200000317767,17114.190899999812,537.8227023319616
1783271537,40,,Aggregated,24.700000,0.000000,750,1300,1700,2100,3200,4400,6100,7300,15000,17000,17000,2939,0,750,1238.5529719634208,14.031200000317767,17114.190899999812,535.6995576726778
1783271538,40,,Aggregated,24.000000,0.000000,760,1300,1700,2100,3200,4400,6100,7300,15000,17000,17000,2950,0,760,1238.8924937967663,14.031200000317767,17114.190899999812,535.6589830508475
1783271539,40,,Aggregated,23.900000,0.000000,760,1300,1700,2100,3300,4400,6100,7300,15000,17000,17000,2959,0,760,1242.314605643949,14.031200000317767,17114.190899999812,535.5887124028388
1783271540,40,,Aggregated,22.000000,0.000000,760,1300,1800,2100,3300,4400,6100,7300,15000,17000,17000,2967,0,760,1245.2115869903857,14.031200000317767,17114.190899999812,535.695989214695
1783271541,40,,Aggregated,20.600000,0.000000,760,1300,1800,2100,3300,4400,6100,7300,15000,17000,17000,2980,0,760,1251.132798087397,14.031200000317767,17114.190899999812,535.1912751677852
1783271542,40,,Aggregated,19.100000,0.000000,760,1300,1800,2100,3300,4400,6200,7300,15000,17000,17000,2990,0,760,1256.2076875252287,14.031200000317767,17114.190899999812,534.785618729097
1783271543,40,,Aggregated,17.400000,0.000000,770,1300,1800,2100,3300,4500,6200,7000,14000,17000,17000,3003,0,770,1262.479569397428,14.031200000317767,17114.190899999812,534.2900432900433
1783271544,40,,Aggregated,15.900000,0.000000,770,1300,1800,2200,3300,4500,6300,7300,14000,17000,17000,3016,0,770,1269.3527327256313,14.031200000317767,17114.190899999812,533.4754641909815
1783271545,40,,Aggregated,14.900000,0.000000,770,1300,1800,2200,3400,4600,6300,7500,14000,17000,17000,3024,0,770,1280.1947049274204,14.031200000317767,17114.190899999812,534.0241402116402
1783271546,40,,Aggregated,13.300000,0.000000,780,1300,1800,2200,3400,4700,6400,7500,14000,17000,17000,3029,0,780,1285.9112972929945,14.031200000317767,17114.190899999812,534.2287883790029
1783271547,40,,Aggregated,12.300000,0.000000,780,1300,1800,2200,3400,4800,6500,7600,14000,17000,17000,3035,0,780,1300.4185063593102,14.031200000317767,17114.190899999812,534.5301482701813
1783271548,40,,Aggregated,11.700000,0.000000,780,1300,1800,2200,3500,4800,6500,7700,14000,17000,17000,3041,0,780,1307.5570536009589,14.031200000317767,17114.190899999812,534.8306478132193
1783271549,40,,Aggregated,10.000000,0.000000,790,1300,1900,2300,3500,4900,6600,8100,14000,17000,17000,3070,0,790,1335.250347785172,14.031200000317767,17114.190899999812,532.3205211726385
1783271550,40,,Aggregated,9.400000,0.000000,780,1300,1900,2300,3500,4900,6500,7900,14000,17000,17000,3105,0,780,1334.647827182124,14.031200000317767,17114.190899999812,531.6325281803543
1783271551,40,,Aggregated,9.000000,0.000000,770,1300,1800,2300,3500,4900,6500,7900,14000,17000,17000,3147,0,770,1328.6465742931575,14.031200000317767,17114.190899999812,530.5888147442008
1783271552,40,,Aggregated,12.000000,0.000000,760,1300,1800,2200,3500,4900,6500,7900,14000,17000,17000,3182,0,760,1320.3913229102507,14.031200000317767,17114.190899999812,529.5021998742928
1783271553,40,,Aggregated,14.100000,0.000000,750,1300,1800,2200,3500,4900,6500,7800,14000,17000,17000,3224,0,750,1312.2329402606358,14.031200000317767,17114.190899999812,528.6578784119107
1783271554,40,,Aggregated,17.000000,0.000000,740,1300,1800,2200,3500,4900,6400,7800,14000,17000,17000,3265,0,740,1300.5607372129884,14.031200000317767,17114.190899999812,528.6486983154671
1783271555,40,,Aggregated,19.200000,0.000000,730,1300,1800,2200,3500,4800,6400,7700,14000,17000,17000,3302,0,730,1290.6842169292743,14.031200000317767,17114.190899999812,528.9806178073894
1783271556,40,,Aggregated,22.500000,0.000000,720,1300,1800,2100,3500,4800,6400,7700,14000,17000,17000,3344,0,720,1277.500564085037,14.031200000317767,17114.190899999812,527.5693779904307
1783271557,40,,Aggregated,24.700000,0.000000,700,1200,1700,2100,3400,4800,6400,7700,14000,17000,17000,3387,0,700,1265.3140204311408,14.031200000317767,17114.190899999812,527.5187481547092
1783271558,40,,Aggregated,28.500000,0.000000,680,1200,1700,2100,3400,4800,6400,7600,14000,17000,17000,3430,0,680,1252.3075762391345,14.031200000317767,17114.190899999812,527.165306122449
1783271559,40,,Aggregated,32.100000,0.000000,670,1200,1700,2100,3400,4700,6400,7600,14000,17000,17000,3470,0,670,1240.4673455332038,14.031200000317767,17114.190899999812,525.8167146974064
1783271560,40,,Aggregated,35.700000,0.000000,660,1100,1700,2100,3300,4700,6300,7600,14000,17000,17000,3509,0,660,1228.8413974351986,14.031200000317767,17114.190899999812,525.1282416642919
1783271561,40,,Aggregated,39.100000,0.000000,650,1100,1700,2000,3300,4700,6300,7600,14000,17000,17000,3544,0,650,1219.1815572517196,14.031200000317767,17114.190899999812,524.1233069977427
1783271562,40,,Aggregated,39.100000,0.000000,630,1100,1600,2000,3300,4600,6300,7600,14000,17000,17000,3592,0,630,1206.143582544568,14.031200000317767,17114.190899999812,522.8761135857461
1783271563,40,,Aggregated,40.100000,0.000000,620,1100,1600,2000,3300,4600,6300,7600,14000,17000,17000,3634,0,620,1193.8230198128788,14.031200000317767,17114.190899999812,521.737479361585
1783271564,40,,Aggregated,39.700000,0.000000,610,1100,1600,2000,3300,4500,6300,7600,14000,17000,17000,3669,0,610,1184.0632631779854,14.031200000317767,17114.190899999812,521.4935949850095
1783271565,40,,Aggregated,40.800000,0.000000,600,1000,1600,2000,3200,4500,6300,7600,14000,17000,17000,3699,0,600,1176.680246228686,14.031200000317767,17114.190899999812,521.2238442822385
1783271566,40,,Aggregated,40.700000,0.000000,590,1000,1600,1900,3200,4500,6300,7500,14000,17000,17000,3746,2,590,1167.2917902562729,14.031200000317767,17114.190899999812,520.9260544580886
1783271567,40,,Aggregated,40.700000,0.000000,580,1000,1500,1900,3100,4500,6300,7500,14000,17000,17000,3798,2,580,1153.882448709868,14.031200000317767,17114.190899999812,519.1055818852027
1783271568,40,,Aggregated,39.200000,0.000000,570,1000,1500,1900,3100,4400,6300,7500,14000,17000,17000,3826,2,560,1146.3747588604733,14.031200000317767,17114.190899999812,518.1445373758495
1783271569,40,,Aggregated,39.800000,0.200000,560,990,1500,1900,3100,4400,6200,7500,14000,17000,17000,3861,2,560,1138.9407763533277,14.031200000317767,17114.190899999812,517.9178969178969
1783271571,40,,Aggregated,39.500000,0.200000,540,970,1500,1900,3100,4400,6200,7400,14000,17000,17000,3910,2,540,1128.3307828900406,14.031200000317767,17114.190899999812,516.569820971867
1783271572,40,,Aggregated,39.500000,0.200000,530,960,1500,1900,3100,4400,6200,7400,14000,17000,17000,3950,2,530,1119.3841442531655,14.031200000317767,17114.190899999812,515.4313924050633
1783271573,40,,Aggregated,38.900000,0.200000,520,950,1400,1800,3100,4400,6200,7400,14000,17000,17000,3988,2,520,1110.3670985456606,14.031200000317767,17114.190899999812,514.6740220661986
1783271574,40,,Aggregated,39.700000,0.200000,520,940,1400,1800,3000,4300,6100,7300,14000,17000,17000,4023,2,520,1103.8447056177363,14.031200000317767,17114.190899999812,514.1220482227194
1783271575,40,,Aggregated,40.300000,0.200000,510,940,1400,1800,3000,4300,6100,7300,14000,17000,17000,4064,2,510,1095.943583784471,14.031200000317767,17114.190899999812,513.5853838582677
1783271576,40,,Aggregated,38.600000,0.200000,500,930,1400,1800,3000,4300,6100,7300,14000,17000,17000,4107,2,500,1087.885427952301,14.031200000317767,17114.190899999812,513.5222790357925
1783271577,40,,Aggregated,39.200000,0.200000,490,920,1400,1800,3000,4300,6100,7300,14000,17000,17000,4146,2,490,1080.9870846599279,14.031200000317767,17114.190899999812,513.6464061746261
1783271578,40,,Aggregated,40.300000,0.200000,480,910,1400,1700,3000,4300,6100,7300,14000,17000,17000,4191,2,480,1072.4724151276887,14.031200000317767,17114.190899999812,513.2154617036507
1783271579,40,,Aggregated,39.500000,0.000000,480,900,1400,1700,2900,4200,6100,7300,14000,17000,17000,4230,2,480,1065.1641954846382,14.031200000317767,17114.190899999812,513.4491725768321
1783271580,40,,Aggregated,38.700000,0.000000,470,890,1300,1700,2900,4200,6000,7300,14000,17000,17000,4277,2,470,1056.1111462239871,14.031200000317767,17114.190899999812,512.1112929623567
1783271581,40,,Aggregated,39.900000,0.000000,470,880,1300,1700,2900,4200,6000,7000,14000,17000,17000,4316,2,470,1048.1020431649422,14.031200000317767,17114.190899999812,511.1816496756256
1783271582,40,,Aggregated,41.500000,0.000000,460,870,1300,1700,2900,4200,6000,7000,14000,17000,17000,4352,2,460,1041.0804985753416,14.031200000317767,17114.190899999812,511.0845588235294
1783271583,40,,Aggregated,40.600000,0.000000,450,860,1300,1700,2900,4200,6000,7000,14000,17000,17000,4387,2,450,1034.808529974897,14.031200000317767,17114.190899999812,510.64736722133574
1783271584,40,,Aggregated,40.000000,0.000000,450,850,1300,1700,2900,4200,6000,6900,14000,17000,17000,4433,2,450,1026.8121298668796,14.031200000317767,17114.190899999812,510.4202571621926
1783271585,40,,Aggregated,39.800000,0.000000,440,840,1300,1600,2900,4200,5900,6900,14000,17000,17000,4470,2,440,1020.000763892557,14.031200000317767,17114.190899999812,509.91633109619687
1783271586,40,,Aggregated,40.600000,0.000000,440,840,1300,1600,2800,4100,5900,6900,14000,17000,17000,4515,2,440,1011.7163036544191,14.031200000317767,17114.190899999812,508.89767441860465
1783271587,40,,Aggregated,40.500000,0.000000,430,830,1300,1600,2800,4100,5900,6900,14000,17000,17000,4551,2,430,1005.4536197758028,14.031200000317767,17114.190899999812,508.7077565370248
1783271588,40,,Aggregated,40.800000,0.000000,430,820,1200,1600,2800,4100,5900,6900,14000,17000,17000,4591,2,430,998.6468504900174,14.031200000317767,17114.190899999812,508.5133957743411
1783271589,40,,Aggregated,40.400000,0.000000,420,810,1200,1600,2800,4100,5900,6800,14000,17000,17000,4630,2,420,992.7530878400909,14.031200000317767,17114.190899999812,508.8231101511879
1783271590,40,,Aggregated,40.400000,0.000000,420,810,1200,1600,2800,4100,5900,6800,14000,17000,17000,4658,2,420,989.8865304850983,14.031200000317767,17114.190899999812,508.86024044654357
1783271591,40,,Aggregated,39.700000,0.000000,420,810,1200,1600,2700,4100,5900,6800,14000,17000,17000,4708,2,420,984.6220886999771,14.031200000317767,17114.190899999812,508.2835598980459
1783271592,40,,Aggregated,37.700000,0.000000,420,800,1200,1500,2700,4100,5900,6800,14000,17000,17000,4749,2,420,978.377320635843,14.031200000317767,17114.190899999812,507.8389134554643
1783271593,40,,Aggregated,38.600000,0.000000,410,790,1100,1500,2700,4000,5900,6800,14000,17000,17000,4793,2,410,971.8108210723304,14.031200000317767,17114.190899999812,507.6561652409764
1783271594,40,,Aggregated,39.700000,0.000000,400,780,1100,1500,2700,4000,5900,6700,14000,17000,17000,4833,2,400,965.4750523690623,14.031200000317767,17114.190899999812,507.59735154148564
1783271595,40,,Aggregated,40.200000,0.000000,400,770,1100,1500,2700,4000,5800,6700,14000,17000,17000,4874,2,400,959.1231071808596,14.031200000317767,17114.190899999812,506.99384489125976
1783271596,40,,Aggregated,40.000000,0.000000,400,760,1100,1500,2700,4000,5800,6700,14000,17000,17000,4912,2,400,953.1929595275748,14.031200000317767,17114.190899999812,506.5148615635179
1783271597,40,,Aggregated,39.900000,0.000000,390,750,1100,1500,2700,4000,5800,6700,14000,17000,17000,4949,2,390,947.9836648008509,14.031200000317767,17114.190899999812,506.4390786017377
1783271598,40,,Aggregated,39.700000,0.000000,390,750,1100,1400,2700,4000,5800,6700,14000,17000,17000,4990,2,390,943.1967511822087,14.031200000317767,17114.190899999812,506.7563126252505
1783271599,40,,Aggregated,39.700000,0.000000,390,740,1100,1400,2600,4000,5800,6700,13000,17000,17000,5021,2,390,938.7434054370171,14.031200000317767,17114.190899999812,506.3991236805417
1783271600,40,,Aggregated,39.300000,0.000000,390,730,1100,1400,2600,4000,5800,6700,13000,17000,17000,5064,2,390,934.8764098932305,14.031200000317767,17114.190899999812,506.3082543443918
1783271601,40,,Aggregated,39.600000,0.000000,390,730,1000,1400,2600,3900,5800,6700,13000,17000,17000,5106,2,390,929.9027777711167,14.031200000317767,17114.190899999812,506.1106541323933
1783271602,40,,Aggregated,40.600000,0.000000,380,720,1000,1400,2600,3900,5800,6700,13000,17000,17000,5155,2,380,923.3164949562375,14.031200000317767,17114.190899999812,505.5705140640155
1783271603,40,,Aggregated,39.900000,0.000000,380,720,1000,1400,2600,3900,5800,6700,13000,17000,17000,5196,2,380,917.2166767127337,14.031200000317767,17114.190899999812,505.0814087759815
1783271604,40,,Aggregated,40.300000,0.000000,370,710,1000,1400,2600,3900,5800,6700,13000,17000,17000,5226,2,370,913.3613261575645,14.031200000317767,17114.190899999812,505.07768848067354
1783271605,40,,Aggregated,40.200000,0.000000,370,700,1000,1400,2600,3900,5800,6700,13000,17000,17000,5270,2,370,908.278472656409,14.031200000317767,17114.190899999812,504.8402277039848
1783271606,40,,Aggregated,38.900000,0.000000,370,690,990,1400,2500,3900,5700,6700,13000,17000,17000,5312,2,370,902.8035124810472,14.031200000317767,17114.190899999812,504.2842620481928
1783271607,40,,Aggregated,39.600000,0.000000,360,680,980,1400,2500,3900,5700,6700,13000,17000,17000,5355,2,360,897.4531466852379,14.031200000317767,17114.190899999812,504.0633053221288
1783271608,40,,Aggregated,39.400000,0.000000,360,670,970,1300,2500,3900,5700,6700,13000,17000,17000,5397,2,360,891.8591109875049,14.031200000317767,17114.190899999812,503.5590142671855
1783271609,40,,Aggregated,40.100000,0.000000,360,670,960,1300,2500,3900,5600,6700,13000,17000,17000,5435,2,360,886.5152577735932,14.031200000317767,17114.190899999812,502.8097516099356
1783271610,40,,Aggregated,40.500000,0.000000,350,660,960,1300,2500,3900,5600,6700,13000,17000,17000,5474,2,350,881.8452451953748,14.031200000317767,17114.190899999812,502.98392400438433
1783271611,40,,Aggregated,41.100000,0.000000,350,650,950,1300,2500,3800,5600,6700,13000,17000,17000,5517,2,350,877.0889833423074,14.031200000317767,17114.190899999812,502.76436469095523
1783271612,40,,Aggregated,40.400000,0.000000,350,650,940,1300,2500,3800,5600,6700,13000,17000,17000,5552,3,350,873.1383496397027,14.031200000317767,17114.190899999812,502.4899135446686
1783271613,40,,Aggregated,40.300000,0.000000,350,640,940,1300,2500,3800,5600,6700,13000,17000,17000,5595,3,350,868.5302743699142,14.031200000317767,17114.190899999812,502.7969615728329
1783271614,40,,Aggregated,39.300000,0.100000,350,640,930,1300,2400,3800,5500,6700,13000,17000,17000,5633,3,350,864.0801583525214,14.031200000317767,17114.190899999812,502.6971418427126
1783271615,40,,Aggregated,39.500000,0.100000,350,640,930,1300,2400,3800,5500,6700,13000,17000,17000,5668,3,350,860.8834937190974,14.031200000317767,17114.190899999812,502.3906139731828
1783271616,40,,Aggregated,40.600000,0.100000,340,630,920,1300,2400,3800,5500,6700,13000,17000,17000,5718,3,340,855.3754401888627,14.031200000317767,17114.190899999812,501.4415879678209
1783271617,40,,Aggregated,39.300000,0.100000,340,630,910,1200,2400,3800,5500,6700,13000,17000,17000,5752,3,340,851.4978546070698,14.031200000317767,17114.190899999812,501.1180458970793
1783271618,40,,Aggregated,40.100000,0.100000,340,630,910,1200,2400,3800,5500,6700,13000,17000,17000,5792,3,340,847.4365474792644,14.031200000317767,17114.190899999812,500.998273480663
1783271619,40,,Aggregated,39.900000,0.100000,340,620,900,1200,2400,3800,5500,6700,13000,17000,17000,5835,3,340,842.7664670951011,14.031200000317767,17114.190899999812,500.7434447300771
1783271620,40,,Aggregated,39.600000,0.100000,330,610,890,1200,2400,3700,5500,6700,13000,17000,17000,5880,3,330,837.6034655272042,14.031200000317767,17114.190899999812,500.1156462585034
1783271621,40,,Aggregated,39.100000,0.100000,330,610,890,1200,2400,3700,5500,6700,13000,17000,17000,5915,3,330,833.6722363144373,14.031200000317767,17114.190899999812,500.32409129332206
1783271622,40,,Aggregated,40.800000,0.100000,330,600,880,1200,2400,3700,5400,6700,13000,17000,17000,5960,3,330,829.1086257046812,14.031200000317767,17114.190899999812,499.60956375838924
1783271623,40,,Aggregated,40.200000,0.100000,330,600,870,1100,2400,3700,5400,6700,13000,17000,17000,6004,3,330,824.086355612913,14.031200000317767,17114.190899999812,498.81745502998
1783271624,40,,Aggregated,40.400000,0.000000,320,590,870,1100,2300,3700,5400,6700,13000,17000,17000,6037,3,320,820.3219583402113,14.031200000317767,17114.190899999812,498.30511843630944
1783271625,40,,Aggregated,40.600000,0.000000,320,590,860,1100,2300,3600,5400,6700,13000,17000,17000,6078,3,320,816.0406896676396,14.031200000317767,17114.190899999812,497.83168805528135
1783271626,40,,Aggregated,40.300000,0.000000,320,580,860,1100,2300,3600,5400,6600,13000,17000,17000,6118,5,320,812.7048080254973,14.031200000317767,17114.190899999812,497.8152991173586
1783271627,40,,Aggregated,41.300000,0.000000,320,580,850,1100,2300,3600,5400,6600,13000,17000,17000,6163,5,320,807.9516309914222,14.031200000317767,17114.190899999812,497.18919357455786
1783271628,40,,Aggregated,39.600000,0.200000,310,570,840,1100,2300,3600,5400,6600,13000,17000,17000,6197,5,310,804.4069699048208,14.031200000317767,17114.190899999812,496.73826044860414
1783271629,40,,Aggregated,40.400000,0.200000,310,570,840,1100,2300,3600,5400,6500,13000,17000,17000,6240,5,310,800.727560160278,14.031200000317767,17114.190899999812,496.71458333333334
1783271630,40,,Aggregated,40.000000,0.200000,310,560,840,1100,2300,3600,5400,6500,13000,17000,17000,6280,5,310,796.8330268312284,14.031200000317767,17114.190899999812,496.55222929936303
1783271631,40,,Aggregated,40.300000,0.200000,310,560,830,1100,2300,3500,5400,6500,13000,17000,17000,6326,5,310,792.3718903888715,14.031200000317767,17114.190899999812,495.8205817262093
1783271632,40,,Aggregated,39.400000,0.200000,310,550,830,1000,2300,3500,5400,6500,13000,17000,17000,6364,5,310,788.6039674261664,14.031200000317767,17114.190899999812,495.66970458830923
1783271633,40,,Aggregated,40.000000,0.200000,300,550,820,1000,2200,3500,5300,6500,13000,17000,17000,6407,5,300,784.3877181832561,14.031200000317767,17114.190899999812,494.9111908849696
1783271634,40,,Aggregated,40.000000,0.200000,300,540,810,1000,2200,3500,5300,6500,13000,17000,17000,6446,5,300,780.3977348588442,14.031200000317767,17114.190899999812,494.12053986968664
1783271635,40,,Aggregated,39.700000,0.200000,300,540,810,1000,2200,3500,5300,6500,13000,17000,17000,6483,5,300,776.6332920561704,14.031200000317767,17114.190899999812,493.6193120468919
1783271636,40,,Aggregated,40.500000,0.200000,300,530,800,1000,2200,3500,5300,6400,13000,17000,17000,6525,5,300,773.0709461915928,14.031200000317767,17114.190899999812,493.5771647509579
1783271637,40,,Aggregated,39.800000,0.200000,300,530,800,1000,2200,3500,5300,6400,13000,17000,17000,6560,5,300,769.6749201219767,14.031200000317767,17114.190899999812,493.2030487804878
1783271638,40,,Aggregated,40.300000,0.000000,290,530,790,1000,2200,3500,5300,6400,13000,17000,17000,6604,5,290,766.080632147215,14.031200000317767,17114.190899999812,493.34645669291336
1783271639,40,,Aggregated,40.100000,0.000000,290,520,790,1000,2200,3500,5300,6400,13000,17000,17000,6646,5,290,762.0886154077955,14.031200000317767,17114.190899999812,493.1266927475173
1783271640,40,,Aggregated,40.300000,0.000000,290,520,780,990,2100,3500,5300,6400,13000,17000,17000,6680,5,290,759.1967941467427,14.031200000317767,17114.190899999812,493.19026946107783
1783271641,40,,Aggregated,40.600000,0.000000,290,520,780,980,2100,3500,5300,6400,13000,17000,17000,6720,5,290,756.3750822917038,14.031200000317767,17114.190899999812,493.1224702380952
1783271642,40,,Aggregated,40.200000,0.000000,290,520,770,980,2100,3400,5300,6400,13000,17000,17000,6759,5,290,753.6197239828629,14.031200000317767,17114.190899999812,492.9344577600237
1783271643,40,,Aggregated,39.700000,0.000000,290,510,770,970,2100,3400,5300,6400,13000,17000,17000,6800,5,290,750.5208186029499,14.031200000317767,17114.190899999812,493.1291176470588
1783271644,40,,Aggregated,39.500000,0.000000,290,510,760,960,2100,3400,5300,6400,13000,17000,17000,6844,5,290,747.2502226475862,14.031200000317767,17114.190899999812,493.08401519579195
1783271645,40,,Aggregated,39.800000,0.000000,290,510,750,960,2100,3400,5300,6400,13000,17000,17000,6881,5,290,744.5043899869519,14.031200000317767,17114.190899999812,492.78113646272345
1783271646,40,,Aggregated,39.300000,0.000000,290,510,750,950,2100,3400,5200,6400,13000,17000,17000,6923,5,290,741.4125869709864,14.031200000317767,17114.190899999812,492.2887476527517
1783271647,40,,Aggregated,39.300000,0.000000,290,500,740,950,2100,3400,5200,6400,13000,17000,17000,6962,5,290,738.678497960373,14.031200000317767,17114.190899999812,492.376615914967
1783271648,40,,Aggregated,40.000000,0.000000,290,500,740,940,2100,3400,5200,6400,13000,17000,17000,6994,5,290,736.6854115527772,14.031200000317767,17114.190899999812,492.2236202459251
1783271649,40,,Aggregated,39.400000,0.000000,290,500,730,940,2100,3300,5200,6300,11000,17000,17000,7039,5,290,734.1388359568234,14.031200000317767,17114.190899999812,492.225600227305
1783271650,40,,Aggregated,39.600000,0.000000,280,500,730,940,2000,3300,5200,6300,11000,17000,17000,7090,5,280,730.3919277009826,14.031200000317767,17114.190899999812,491.9385049365303
1783271651,40,,Aggregated,38.900000,0.000000,280,500,730,930,2000,3300,5200,6300,11000,17000,17000,7122,5,280,727.8175200505349,14.031200000317767,17114.190899999812,491.5901432181971
1783271652,40,,Aggregated,39.700000,0.000000,280,490,730,930,2000,3300,5200,6300,11000,17000,17000,7159,5,280,725.3612313451301,14.031200000317767,17114.190899999812,491.0917725939377
1783271653,40,,Aggregated,40.100000,0.000000,280,490,720,920,2000,3300,5200,6300,11000,17000,17000,7204,5,280,722.9817483481177,14.031200000317767,17114.190899999812,491.08759022765133
1783271654,40,,Aggregated,39.900000,0.000000,280,490,720,920,2000,3300,5200,6300,11000,17000,17000,7247,5,280,719.7839888505176,14.031200000317767,17114.190899999812,490.85207672140194
1783271655,40,,Aggregated,39.300000,0.000000,280,490,710,910,2000,3300,5200,6300,11000,17000,17000,7284,5,280,716.872755711124,14.031200000317767,17114.190899999812,490.72899505766065
1783271656,40,,Aggregated,40.000000,0.000000,280,480,700,910,2000,3300,5100,6300,11000,17000,17000,7323,5,280,713.8852157721909,14.031200000317767,17114.190899999812,490.0755154991124
1783271657,40,,Aggregated,40.400000,0.000000,280,480,700,900,2000,3200,5100,6300,11000,17000,17000,7361,5,280,711.6101805053362,14.031200000317767,17114.190899999812,489.9134628447222
1783271658,40,,Aggregated,40.100000,0.000000,280,480,690,900,2000,3200,5100,6300,11000,17000,17000,7409,5,280,708.279831178262,14.031200000317767,17114.190899999812,489.34674045080305
1783271659,40,,Aggregated,39.800000,0.000000,270,480,690,890,1900,3200,5100,6300,11000,17000,17000,7447,5,270,705.4350498589807,14.031200000317767,17114.190899999812,488.8776688599436
1783271660,40,,Aggregated,40.400000,0.000000,270,470,680,890,1900,3200,5100,6300,11000,17000,17000,7487,5,270,702.6875322692375,14.031200000317767,17114.190899999812,488.8744490450114
1783271661,40,,Aggregated,40.600000,0.000000,270,470,680,880,1900,3200,5100,6300,11000,17000,17000,7527,5,270,700.0720955758844,14.031200000317767,17114.190899999812,488.66812807227313
1783271662,40,,Aggregated,39.800000,0.000000,270,470,670,880,1900,3200,5100,6300,11000,17000,17000,7568,5,270,697.396391265804,14.031200000317767,17114.190899999812,488.70626321353063
1783271663,40,,Aggregated,39.800000,0.000000,270,470,670,870,1900,3100,5000,6300,11000,17000,17000,7607,5,270,694.6220626659232,14.031200000317767,17114.190899999812,488.4787695543578
1783271664,40,,Aggregated,40.000000,0.000000,270,470,660,870,1900,3100,5000,6300,11000,17000,17000,7639,5,270,692.7655446916523,14.031200000317767,17114.190899999812,488.61853645765154
1783271665,40,,Aggregated,40.400000,0.000000,270,470,660,860,1900,3100,5000,6300,11000,17000,17000,7684,5,270,691.1340374674141,14.031200000317767,17114.190899999812,488.6194690265487
1783271666,40,,Aggregated,39.500000,0.000000,270,470,660,860,1900,3100,4900,6200,11000,17000,17000,7725,5,270,689.1876212167974,14.031200000317767,17114.190899999812,488.4183818770226
1783271667,40,,Aggregated,38.800000,0.000000,270,470,660,860,1900,3100,4900,6200,11000,17000,17000,7766,5,270,686.7103915271471,14.031200000317767,17114.190899999812,488.03837239248
1783271668,40,,Aggregated,38.700000,0.000000,270,470,660,850,1900,3100,4900,6200,11000,17000,17000,7811,5,270,683.7874069517204,14.031200000317767,17114.190899999812,487.3046985021124
1783271669,40,,Aggregated,39.700000,0.000000,270,460,650,850,1900,3100,4900,6200,11000,17000,17000,7849,5,270,681.1935043317433,14.031200000317767,17114.190899999812,486.85921773474325
1783271670,40,,Aggregated,39.300000,0.000000,270,460,650,840,1900,3100,4900,6200,11000,17000,17000,7889,5,270,678.4785994802736,14.031200000317767,17114.190899999812,486.5344150082393
1783271671,40,,Aggregated,39.900000,0.000000,260,460,640,840,1800,3100,4900,6200,11000,17000,17000,7928,5,260,675.7306535317507,14.031200000317767,17114.190899999812,486.1697780020182
1783271672,40,,Aggregated,40.100000,0.000000,260,460,640,840,1800,3100,4900,6200,11000,17000,17000,7965,5,260,673.9500583050341,14.031200000317767,17114.190899999812,486.3324544883867
1783271673,40,,Aggregated,40.500000,0.000000,260,460,640,830,1800,3000,4900,6100,11000,17000,17000,8010,5,260,671.5956266791168,14.031200000317767,17114.190899999812,486.19612983770287
1783271674,40,,Aggregated,39.800000,0.000000,260,450,630,830,1800,3000,4900,6100,11000,17000,17000,8054,5,260,668.7128487211048,14.031200000317767,17114.190899999812,485.8027067295754
1783271675,40,,Aggregated,39.400000,0.000000,260,450,630,830,1800,3000,4900,6100,11000,17000,17000,8088,5,260,666.5479939168792,14.031200000317767,17114.190899999812,485.52781899109794
1783271676,40,,Aggregated,40.200000,0.000000,260,450,630,820,1800,3000,4900,6100,11000,17000,17000,8127,5,260,664.453314716339,14.031200000317767,17114.190899999812,485.5548172757475
1783271677,40,,Aggregated,40.900000,0.000000,260,450,630,820,1800,3000,4900,6100,11000,17000,17000,8167,5,260,662.2305140810164,14.031200000317767,17114.190899999812,485.2741520754255
1783271678,40,,Aggregated,40.700000,0.000000,260,450,630,810,1800,3000,4800,6100,11000,17000,17000,8211,5,260,660.1593371574419,14.031200000317767,17114.190899999812,485.0289855072464
1783271679,40,,Aggregated,40.200000,0.000000,260,450,630,810,1800,3000,4800,6100,11000,17000,17000,8256,5,260,657.6304704820404,14.031200000317767,17114.190899999812,484.9904312015504
1783271680,40,,Aggregated,39.600000,0.000000,260,440,620,810,1800,3000,4800,6100,11000,17000,17000,8296,5,260,655.1077415018921,14.031200000317767,17114.190899999812,484.37572324011575
1783271681,40,,Aggregated,39.700000,0.000000,260,440,620,800,1800,3000,4800,6100,11000,17000,17000,8333,5,260,652.7273558622037,14.031200000317767,17114.190899999812,484.0898835953438
1783271682,40,,Aggregated,39.900000,0.000000,260,440,620,800,1800,3000,4800,6100,11000,17000,17000,8374,5,260,650.4273420228868,14.031200000317767,17114.190899999812,483.9562932887509
1783271683,40,,Aggregated,39.800000,0.000000,250,440,610,800,1700,3000,4800,6100,11000,17000,17000,8416,5,250,647.8875655536647,14.031200000317767,17114.190899999812,483.72433460076047
1783271684,40,,Aggregated,40.300000,0.000000,250,440,610,790,1700,2900,4800,6100,11000,17000,17000,8451,5,250,645.5580823807505,14.031200000317767,17114.190899999812,482.8443971127677
1783271685,40,,Aggregated,40.800000,0.000000,250,430,600,790,1700,2900,4800,6100,11000,17000,17000,8492,5,250,643.2204047220613,14.031200000317767,17114.190899999812,482.6439001413095
1783271686,40,,Aggregated,40.200000,0.000000,250,430,600,780,1700,2900,4800,6000,11000,17000,17000,8535,5,250,640.9787479085777,14.031200000317767,17114.190899999812,482.4398359695372
1783271687,40,,Aggregated,39.900000,0.000000,250,430,600,780,1700,2900,4800,6000,11000,17000,17000,8575,5,250,638.6617432302937,14.031200000317767,17114.190899999812,482.15568513119536
1783271688,40,,Aggregated,40.000000,0.000000,250,430,600,770,1700,2900,4800,6000,11000,17000,17000,8614,5,250,636.272778825149,14.031200000317767,17114.190899999812,481.5469003947063
1783271689,40,,Aggregated,40.500000,0.000000,250,420,590,770,1700,2900,4700,6000,11000,17000,17000,8652,5,250,634.238645943134,14.031200000317767,17114.190899999812,481.38037447988904
1783271690,40,,Aggregated,41.000000,0.000000,250,420,590,760,1700,2900,4700,6000,11000,17000,17000,8694,5,250,632.420419473194,14.031200000317767,17114.190899999812,481.1679319070623
1783271691,40,,Aggregated,40.200000,0.000000,250,420,580,760,1700,2900,4700,6000,11000,17000,17000,8735,5,250,630.3272707498516,14.031200000317767,17114.190899999812,480.989811104751
1783271692,40,,Aggregated,39.500000,0.000000,250,420,580,750,1700,2900,4700,6000,11000,17000,17000,8777,5,250,628.1485701834246,14.031200000317767,17114.190899999812,480.45311609889484
1783271693,40,,Aggregated,39.200000,0.000000,250,420,580,750,1700,2900,4700,6000,11000,17000,17000,8814,5,250,626.1507169162529,14.031200000317767,17114.190899999812,480.35069208078056
1783271694,40,,Aggregated,39.400000,0.000000,250,420,580,750,1700,2900,4700,6000,11000,17000,17000,8853,5,250,624.2417750479923,14.031200000317767,17114.190899999812,480.3080311758726
1783271695,40,,Aggregated,39.800000,0.000000,250,420,580,740,1700,2900,4700,6000,11000,17000,17000,8893,5,250,622.6427366580282,14.031200000317767,17114.190899999812,479.98054649724503
1783271696,40,,Aggregated,39.800000,0.000000,250,410,580,740,1700,2900,4700,5900,11000,17000,17000,8933,5,250,620.7826983991866,14.031200000317767,17114.190899999812,479.7377140938095
1783271697,40,,Aggregated,39.700000,0.000000,240,410,570,740,1600,2800,4600,5900,11000,17000,17000,8980,5,240,618.708772561249,14.031200000317767,17114.190899999812,479.4271714922049
1783271698,40,,Aggregated,39.800000,0.000000,240,410,570,730,1600,2800,4600,5900,11000,17000,17000,9015,5,240,616.7720407653917,14.031200000317767,17114.190899999812,479.095840266223
1783271699,40,,Aggregated,39.400000,0.000000,240,410,570,730,1600,2800,4600,5900,11000,17000,17000,9051,5,240,615.4683928516191,14.031200000317767,17114.190899999812,479.42039553640484
1783271700,40,,Aggregated,40.000000,0.000000,240,410,570,730,1600,2800,4600,5900,11000,17000,17000,9090,5,240,613.9859667986663,14.031200000317767,17114.190899999812,479.54741474147414
1783271701,40,,Aggregated,39.300000,0.000000,240,410,570,730,1600,2800,4600,5900,11000,17000,17000,9137,5,240,612.7346346065297,14.031200000317767,17114.190899999812,479.62164824340596
1783271702,40,,Aggregated,40.000000,0.000000,240,410,570,720,1600,2800,4500,5900,11000,17000,17000,9179,5,240,610.6029656389546,14.031200000317767,17114.190899999812,479.00642771543744
1783271703,40,,Aggregated,39.400000,0.000000,240,410,560,720,1600,2800,4500,5900,11000,17000,17000,9215,5,240,608.7946208030444,14.031200000317767,17114.190899999812,478.80162778079216
1783271704,40,,Aggregated,40.100000,0.000000,240,410,560,720,1600,2800,4500,5900,11000,17000,17000,9253,5,240,607.1780970388114,14.031200000317767,17114.190899999812,478.8865232897439
1783271705,40,,Aggregated,40.000000,0.000000,240,410,560,720,1600,2800,4500,5900,11000,17000,17000,9297,5,240,605.372971851155,14.031200000317767,17114.190899999812,478.6369796708616
1783271706,40,,Aggregated,39.500000,0.000000,240,410,560,710,1600,2800,4500,5900,11000,17000,17000,9337,5,240,603.926871736119,14.031200000317767,17114.190899999812,478.5405376459248
1783271707,40,,Aggregated,39.700000,0.000000,240,400,550,710,1600,2700,4500,5900,11000,17000,17000,9379,5,240,602.1562750186847,14.031200000317767,17114.190899999812,478.33063226356757
1783271708,40,,Aggregated,40.000000,0.000000,240,400,550,700,1600,2700,4500,5900,11000,17000,17000,9422,5,240,600.1848585013864,14.031200000317767,17114.190899999812,478.3824028868605
1783271709,40,,Aggregated,39.900000,0.000000,240,400,550,700,1600,2700,4500,5900,11000,17000,17000,9459,5,240,598.3139999788508,14.031200000317767,17114.190899999812,478.0699862564753
1783271710,40,,Aggregated,39.500000,0.000000,240,400,550,700,1600,2700,4500,5900,11000,17000,17000,9498,5,240,596.6013211834189,14.031200000317767,17114.190899999812,478.05043166982523
1783271711,40,,Aggregated,40.600000,0.000000,240,400,550,690,1500,2700,4400,5900,11000,17000,17000,9543,5,240,594.5996167138276,14.031200000317767,17114.190899999812,477.8863040972441
1783271713,40,,Aggregated,40.300000,0.000000,240,400,540,690,1500,2700,4400,5900,11000,17000,17000,9576,5,240,593.0219692460328,14.031200000317767,17114.190899999812,477.7063492063492
1783271714,40,,Aggregated,40.700000,0.000000,240,400,540,680,1500,2700,4400,5900,11000,17000,17000,9623,5,240,591.0553550867668,14.031200000317767,17114.190899999812,477.6865842252936
1783271715,40,,Aggregated,39.300000,0.000000,240,390,540,680,1500,2700,4400,5900,11000,17000,17000,9667,5,240,588.8566502327465,14.031200000317767,17114.190899999812,477.45257060101375
1783271716,40,,Aggregated,40.500000,0.000000,240,390,540,680,1500,2700,4400,5800,11000,17000,17000,9703,5,240,587.2499069875189,14.031200000317767,17114.190899999812,477.0929609399155
1783271717,40,,Aggregated,40.900000,0.000000,240,390,530,670,1500,2700,4400,5800,11000,17000,17000,9743,5,240,585.5043393718526,14.031200000317767,17114.190899999812,476.9772144103459
1783271718,40,,Aggregated,40.300000,0.000000,240,390,530,670,1500,2700,4400,5800,11000,17000,17000,9780,5,240,583.8480735582888,14.031200000317767,17114.190899999812,476.720245398773
1783271719,40,,Aggregated,40.100000,0.000000,240,390,530,670,1500,2700,4400,5800,11000,17000,17000,9819,5,240,582.0822671860807,14.031200000317767,17114.190899999812,476.1898360321825
1783271720,40,,Aggregated,39.800000,0.000000,240,390,530,660,1500,2700,4400,5800,11000,17000,17000,9863,5,240,580.5069369867422,14.031200000317767,17114.190899999812,476.2273142046031
1783271721,40,,Aggregated,39.500000,0.000000,240,380,530,660,1500,2700,4400,5800,11000,17000,17000,9906,5,240,578.573996900904,14.031200000317767,17114.190899999812,476.0041389057137
1783271722,40,,Aggregated,40.000000,0.000000,230,380,530,660,1500,2700,4400,5800,11000,17000,17000,9944,5,230,576.8710958165958,14.031200000317767,17114.190899999812,475.52483909895415
1783271723,40,,Aggregated,40.300000,0.000000,230,380,520,660,1500,2700,4400,5800,11000,17000,17000,9986,5,230,575.0380381133758,14.031200000317767,17114.190899999812,475.11816543160427
1783271724,40,,Aggregated,39.200000,0.000000,230,380,520,660,1500,2700,4400,5800,10000,15000,17000,10018,5,230,573.7255204132699,14.031200000317767,17114.190899999812,474.9903174286285
1783271725,40,,Aggregated,40.800000,0.000000,230,380,520,650,1400,2600,4300,5800,10000,15000,17000,10064,5,230,572.2698352941236,14.031200000317767,17114.190899999812,475.0626987281399
1783271726,40,,Aggregated,38.900000,0.000000,230,380,520,650,1400,2600,4300,5800,10000,15000,17000,10101,5,230,570.7342410850443,14.031200000317767,17114.190899999812,474.8292248292248
1783271727,40,,Aggregated,39.800000,0.000000,230,380,520,650,1400,2600,4300,5800,10000,15000,17000,10143,5,230,569.3388808439472,14.031200000317767,17114.190899999812,474.84590357882286
1783271728,40,,Aggregated,39.600000,0.000000,230,380,520,640,1400,2600,4300,5800,10000,15000,17000,10183,5,230,567.9272798978855,14.031200000317767,17114.190899999812,474.8586860453697
1783271729,40,,Aggregated,39.900000,0.000000,230,380,520,640,1400,2600,4300,5800,10000,15000,17000,10225,5,230,566.485597623471,14.031200000317767,17114.190899999812,474.67706601466995
1783271730,40,,Aggregated,40.000000,0.000000,230,380,520,640,1400,2600,4300,5800,10000,15000,17000,10268,5,230,564.7739327230194,14.031200000317767,17114.190899999812,474.6242695753798
1783271731,40,,Aggregated,40.400000,0.000000,230,370,510,640,1400,2600,4300,5800,10000,15000,17000,10305,5,230,563.3207050946125,14.031200000317767,17114.190899999812,474.40543425521594
1783271732,40,,Aggregated,40.200000,0.000000,230,370,510,630,1400,2600,4300,5800,10000,15000,17000,10346,5,230,561.7932212449105,14.031200000317767,17114.190899999812,474.40711386042915
1783271733,40,,Aggregated,39.700000,0.000000,230,370,510,630,1400,2600,4300,5800,10000,15000,17000,10388,5,230,560.1983908355633,14.031200000317767,17114.190899999812,474.29688101655756
1783271734,40,,Aggregated,40.600000,0.000000,230,370,510,630,1400,2600,4300,5800,10000,15000,17000,10425,5,230,558.909041544359,14.031200000317767,17114.190899999812,474.13755395683455
1783271735,40,,Aggregated,39.300000,0.000000,230,370,510,630,1400,2600,4300,5800,10000,15000,17000,10470,5,230,557.1329215663739,14.031200000317767,17114.190899999812,473.79207258834765
1783271736,40,,Aggregated,40.400000,0.000000,230,370,500,630,1400,2600,4300,5800,10000,15000,17000,10505,5,230,555.8371913660125,14.031200000317767,17114.190899999812,473.69357448833887
1783271737,40,,Aggregated,39.800000,0.000000,230,370,500,630,1400,2600,4300,5800,10000,15000,17000,10550,5,230,554.2609137630175,14.031200000317767,17114.190899999812,473.6321327014218
1783271738,40,,Aggregated,40.400000,0.000000,230,370,500,620,1400,2600,4200,5800,10000,15000,17000,10590,5,230,552.6683521340741,14.031200000317767,17114.190899999812,473.2530689329556
1783271739,40,,Aggregated,40.200000,0.000000,230,370,500,620,1400,2500,4200,5700,10000,15000,17000,10627,5,230,551.2378513409093,14.031200000317767,17114.190899999812,472.918227157241
1783271740,40,,Aggregated,40.500000,0.000000,230,360,500,620,1400,2500,4200,5700,10000,15000,17000,10671,5,230,549.7965557679439,14.031200000317767,17114.190899999812,472.9736669478024
1783271741,40,,Aggregated,39.800000,0.000000,230,360,500,620,1400,2500,4200,5700,10000,15000,17000,10708,5,230,548.5765154276982,14.031200000317767,17114.190899999812,472.73347030257753
1783271742,40,,Aggregated,39.700000,0.000000,230,360,490,620,1400,2500,4200,5700,10000,15000,17000,10747,5,230,547.0636153903174,14.031200000317767,17114.190899999812,472.4175118637759
1783271743,40,,Aggregated,40.000000,0.000000,230,360,490,610,1400,2500,4200,5700,10000,15000,17000,10791,5,230,545.5586970252671,14.031200000317767,17114.190899999812,472.3262904272079
1783271744,40,,Aggregated,40.100000,0.000000,230,360,490,610,1300,2500,4200,5600,10000,15000,17000,10832,5,230,544.2850109674656,14.031200000317767,17114.190899999812,472.21057976366325
1783271745,40,,Aggregated,40.100000,0.000000,230,360,490,610,1300,2500,4200,5600,10000,15000,17000,10867,5,230,542.9244831323833,14.031200000317767,17114.190899999812,472.0321155792767
1783271746,40,,Aggregated,40.000000,0.000000,230,360,490,610,1300,2500,4200,5600,10000,15000,17000,10912,5,230,541.2861952529029,14.031200000317767,17114.190899999812,472.0672653958944
1783271747,40,,Aggregated,40.100000,0.000000,230,360,490,600,1300,2500,4200,5600,10000,15000,17000,10949,5,230,539.8933626084241,14.031200000317767,17114.190899999812,471.8877523061467
1783271748,40,,Aggregated,40.300000,0.000000,220,360,480,600,1300,2500,4200,5600,10000,15000,17000,10991,5,220,538.4875302428987,14.031200000317767,17114.190899999812,471.8552452006187
1783271749,40,,Aggregated,40.000000,0.000000,220,360,480,600,1300,2500,4200,5600,10000,15000,17000,11030,5,220,537.0983816590788,14.031200000317767,17114.190899999812,471.4574796010879
1783271750,40,,Aggregated,39.900000,0.000000,220,360,480,600,1300,2500,4200,5600,10000,15000,17000,11073,5,220,536.0693690598457,14.031200000317767,17114.190899999812,471.3999819380475
1783271751,40,,Aggregated,39.800000,0.000000,220,360,480,600,1300,2500,4200,5600,10000,15000,17000,11113,5,220,534.5415306577686,14.031200000317767,17114.190899999812,471.15360388733916
1783271752,40,,Aggregated,39.800000,0.000000,220,350,480,600,1300,2500,4200,5600,10000,15000,17000,11151,5,220,533.2023704331259,14.031200000317767,17114.190899999812,470.8035153797866
1783271753,40,,Aggregated,40.400000,0.000000,220,350,480,590,1300,2500,4200,5600,10000,15000,17000,11194,5,220,531.6601660085626,14.031200000317767,17114.190899999812,470.4447025192067
1783271754,40,,Aggregated,39.700000,0.000000,220,350,480,590,1300,2400,4100,5500,10000,15000,17000,11233,5,220,530.4027951660142,14.031200000317767,17114.190899999812,470.4712009258435
1783271755,40,,Aggregated,40.600000,0.000000,220,350,470,590,1300,2400,4100,5500,10000,15000,17000,11273,5,220,529.0382748602823,14.031200000317767,17114.190899999812,470.1005056329282
1783271756,40,,Aggregated,40.200000,0.000000,220,350,470,590,1300,2400,4100,5500,10000,15000,17000,11308,5,220,527.9737338167669,14.031200000317767,17114.190899999812,469.90263530244073
1783271757,40,,Aggregated,39.900000,0.000000,220,350,470,580,1300,2400,4100,5500,10000,15000,17000,11352,5,220,526.6725078664648,14.031200000317767,17114.190899999812,469.848044397463
1783271758,40,,Aggregated,39.400000,0.000000,220,350,470,580,1300,2400,4100,5500,10000,15000,17000,11392,5,220,525.396289782311,14.031200000317767,17114.190899999812,469.5133426966292
1783271759,40,,Aggregated,39.900000,0.000000,220,350,470,580,1300,2400,4100,5500,10000,15000,17000,11432,5,220,524.3648571991031,14.031200000317767,17114.190899999812,469.3896081175647
1783271760,40,,Aggregated,39.800000,0.000000,220,350,470,580,1300,2400,4100,5500,10000,15000,17000,11468,5,220,523.4346185385535,14.031200000317767,17114.190899999812,469.41506801534706
1783271761,40,,Aggregated,39.700000,0.000000,220,350,470,580,1300,2400,4100,5500,10000,15000,17000,11507,5,220,522.4701891891984,14.031200000317767,17114.190899999812,469.3405753019901
1783271762,40,,Aggregated,39.900000,0.000000,220,350,470,580,1300,2400,4100,5500,10000,15000,17000,11546,6,220,521.8463362463233,14.031200000317767,17114.190899999812,469.3794387666724
1783271763,40,,Aggregated,39.000000,0.000000,220,350,470,580,1300,2400,4100,5500,10000,15000,17000,11585,6,220,520.9209623478625,14.031200000317767,17114.190899999812,469.24203711696157
1783271764,40,,Aggregated,39.500000,0.100000,220,350,470,580,1300,2400,4100,5500,10000,15000,17000,11618,6,220,520.7545689533533,14.031200000317767,17114.190899999812,469.0296092270614
1783271765,40,,Aggregated,38.700000,0.100000,220,350,470,580,1300,2400,4100,5500,10000,15000,17000,11659,6,220,520.6162987906329,14.031200000317767,17114.190899999812,469.0285616262115
1783271766,40,,Aggregated,39.000000,0.100000,220,350,470,580,1300,2400,4100,5500,10000,15000,17000,11699,6,220,520.1944910932489,14.031200000317767,17114.190899999812,469.0579536712539
1783271767,40,,Aggregated,37.700000,0.100000,220,350,470,580,1300,2400,4100,5500,10000,15000,17000,11734,6,220,519.3025747145005,14.031200000317767,17114.190899999812,468.8331344809954
1783271768,40,,Aggregated,38.400000,0.100000,220,350,470,580,1300,2400,4100,5500,10000,15000,17000,11780,6,220,518.7220420373513,14.031200000317767,17114.190899999812,468.7301358234295
1783271769,40,,Aggregated,38.600000,0.100000,220,350,470,580,1200,2400,4100,5500,10000,15000,17000,11824,6,220,517.7328983338898,14.031200000317767,17114.190899999812,468.53991880920165
1783271770,40,,Aggregated,38.200000,0.100000,220,350,470,580,1200,2400,4100,5500,10000,15000,17000,11865,6,220,516.632386953228,14.031200000317767,17114.190899999812,468.4561314791403
1783271771,40,,Aggregated,39.300000,0.100000,220,350,470,580,1200,2400,4100,5500,10000,15000,17000,11900,6,220,515.7320850000016,14.031200000317767,17114.190899999812,468.4021848739496
1783271772,40,,Aggregated,38.900000,0.100000,220,350,470,580,1200,2400,4100,5400,10000,15000,17000,11947,6,220,514.4225583242605,14.031200000317767,17114.190899999812,468.4329957311459
1783271773,40,,Aggregated,39.100000,0.100000,220,350,470,570,1200,2400,4000,5400,10000,15000,17000,11979,6,220,513.4732835795968,14.031200000317767,17114.190899999812,468.39953251523497
1783271774,40,,Aggregated,39.400000,0.000000,220,350,470,570,1200,2400,4000,5400,9900,15000,17000,12024,6,220,512.2578909181624,14.031200000317767,17114.190899999812,468.3188622754491
1783271775,40,,Aggregated,39.500000,0.000000,220,350,470,570,1200,2300,4000,5400,9900,15000,17000,12058,6,220,511.5406894509817,14.031200000317767,17114.190899999812,467.9447669596948
1783271776,40,,Aggregated,39.900000,0.000000,220,350,470,570,1200,2300,4000,5400,9900,15000,17000,12094,6,220,511.1242171655378,14.031200000317767,17114.190899999812,467.9742847693071
1783271777,40,,Aggregated,39.800000,0.000000,220,350,470,570,1200,2300,4000,5400,9900,15000,17000,12144,6,220,510.09459580862085,14.031200000317767,17114.190899999812,467.79290184453225
1783271778,40,,Aggregated,39.800000,0.000000,220,340,470,570,1200,2300,4000,5400,9900,15000,17000,12170,6,220,509.38711952340634,14.031200000317767,17114.190899999812,467.629498767461
1783271779,40,,Aggregated,39.700000,0.000000,220,350,470,570,1200,2300,4000,5400,9900,15000,17000,12215,6,220,508.88511531721673,14.031200000317767,17114.190899999812,467.8238231682358
1783271780,40,,Aggregated,39.800000,0.000000,220,350,470,570,1200,2300,4000,5400,9900,15000,17000,12259,6,220,508.0807492780579,14.031200000317767,17114.190899999812,467.9752018924872
1783271781,40,,Aggregated,39.200000,0.000000,220,350,470,570,1200,2300,4000,5400,9900,15000,17000,12301,6,220,507.4957313388942,14.031200000317767,17114.190899999812,468.2430696691326
1783271782,40,,Aggregated,39.300000,0.000000,220,350,470,570,1200,2300,4000,5400,9900,15000,17000,12337,6,220,506.7503588716618,14.031200000317767,17114.190899999812,468.20142660290185
1783271783,40,,Aggregated,39.400000,0.000000,220,350,470,570,1200,2300,4000,5400,9900,15000,17000,12376,6,220,506.12891672589143,14.031200000317767,17114.190899999812,468.31351001939237
1783271784,40,,Aggregated,38.800000,0.000000,220,350,470,570,1200,2300,4000,5400,9900,15000,17000,12419,6,220,505.50669941216614,14.031200000317767,17114.190899999812,468.2692648361382
1783271785,40,,Aggregated,38.700000,0.000000,220,350,470,570,1200,2300,4000,5400,9900,15000,17000,12455,6,220,504.77525792049056,14.031200000317767,17114.190899999812,468.3218787635488
1783271786,40,,Aggregated,39.200000,0.000000,220,350,470,570,1200,2300,4000,5400,9900,15000,17000,12501,6,220,503.8069767218377,14.031200000317767,17114.190899999812,468.37453003759697
1783271787,40,,Aggregated,39.900000,0.000000,220,350,460,560,1100,2300,4000,5400,9900,15000,17000,12540,6,220,502.7961066746207,14.031200000317767,17114.190899999812,468.33708133971294
1783271788,40,,Aggregated,40.100000,0.000000,220,350,460,560,1100,2300,4000,5400,9900,15000,17000,12583,6,220,501.55861434471666,14.031200000317767,17114.190899999812,468.0139871254868
1783271789,40,,Aggregated,39.800000,0.000000,220,340,460,560,1100,2300,4000,5400,9900,15000,17000,12624,6,220,500.4325338719601,14.031200000317767,17114.190899999812,467.8428390367554
1783271790,40,,Aggregated,40.200000,0.000000,220,340,460,560,1100,2300,4000,5400,9900,15000,17000,12666,6,220,499.1847842649308,14.031200000317767,17114.190899999812,467.66627190904785
1783271791,40,,Aggregated,40.100000,0.000000,220,340,460,560,1100,2300,4000,5400,9900,15000,17000,12705,6,220,498.08055357729654,14.031200000317767,17114.190899999812,467.58953168044076
1783271792,40,,Aggregated,40.100000,0.000000,220,340,460,560,1100,2300,4000,5400,9900,15000,17000,12744,6,220,497.106916235053,14.031200000317767,17114.190899999812,467.7893910860013
1783271793,40,,Aggregated,40.200000,0.000000,220,340,460,560,1100,2300,3900,5400,9900,15000,17000,12776,6,220,496.347534165592,14.031200000317767,17114.190899999812,467.7081246086412
1783271794,40,,Aggregated,40.200000,0.000000,220,340,460,550,1100,2300,3900,5300,9900,15000,17000,12822,6,220,495.4354524566713,14.031200000317767,17114.190899999812,467.68881609733273
1783271795,40,,Aggregated,40.500000,0.000000,220,340,460,550,1100,2200,3900,5300,9900,15000,17000,12865,6,220,494.3315494364249,14.031200000317767,17114.190899999812,467.49436455499415
1783271796,40,,Aggregated,40.000000,0.000000,220,340,460,550,1100,2200,3900,5300,9900,15000,17000,12903,6,220,493.2383337285628,14.031200000317767,17114.190899999812,467.3181430675037
1783271797,40,,Aggregated,40.700000,0.000000,220,340,460,550,1100,2200,3900,5300,9900,15000,17000,12943,6,220,492.56244373790946,14.031200000317767,17114.190899999812,467.57791856602023
1783271798,40,,Aggregated,40.200000,0.000000,220,340,460,550,1100,2200,3900,5300,9900,15000,17000,12984,6,220,491.69258878618416,14.031200000317767,17114.190899999812,467.45918052988293
1783271799,40,,Aggregated,39.400000,0.000000,220,340,450,550,1100,2200,3900,5300,9700,15000,17000,13021,6,220,490.7958085937932,14.031200000317767,17114.190899999812,467.46401966054833
1783271800,40,,Aggregated,39.700000,0.000000,220,340,450,550,1100,2200,3900,5300,9700,15000,17000,13063,6,220,489.8460225522208,14.031200000317767,17114.190899999812,467.21725484191995
1783271801,40,,Aggregated,39.700000,0.000000,220,340,450,550,1100,2200,3900,5300,9700,15000,17000,13104,6,220,489.2162650030181,14.031200000317767,17114.190899999812,467.2441239316239
1783271802,40,,Aggregated,39.600000,0.000000,220,340,450,550,1100,2200,3900,5300,9700,15000,17000,13150,7,220,488.21181500377276,14.031200000317767,17114.190899999812,466.97201520912546
1783271803,40,,Aggregated,39.100000,0.000000,220,340,450,550,1100,2200,3900,5300,9700,15000,17000,13183,7,220,487.6959952059312,14.031200000317767,17114.190899999812,466.9715542744444
1783271804,40,,Aggregated,39.500000,0.000000,220,340,450,550,1100,2200,3900,5300,9700,15000,17000,13225,7,220,486.9022925973347,14.031200000317767,17114.190899999812,466.9520604914934
1783271805,40,,Aggregated,39.900000,0.100000,220,340,450,550,1100,2200,3900,5300,9700,15000,17000,13266,7,220,486.1601463213986,14.031200000317767,17114.190899999812,467.1230212573496
1783271806,40,,Aggregated,39.600000,0.100000,220,340,450,540,1100,2200,3900,5300,9700,15000,17000,13304,8,220,485.3048452269812,14.031200000317767,17114.190899999812,466.8396722790138
1783271807,40,,Aggregated,39.500000,0.100000,220,340,450,540,1100,2200,3900,5300,9700,15000,17000,13346,8,220,484.693997527337,14.031200000317767,17114.190899999812,466.8290124381837
1783271808,40,,Aggregated,39.000000,0.100000,220,340,450,540,1000,2200,3900,5300,9700,15000,17000,13392,8,220,483.551602471604,14.031200000317767,17114.190899999812,466.6836170848268
1783271809,40,,Aggregated,39.800000,0.200000,220,340,450,540,1000,2100,3900,5300,9700,15000,17000,13427,8,220,482.5948787889906,14.031200000317767,17114.190899999812,466.48812095032395
1783271810,40,,Aggregated,39.700000,0.200000,220,340,450,540,1000,2100,3900,5300,9700,15000,17000,13471,8,220,481.4577326478915,14.031200000317767,17114.190899999812,466.50471382970824
1783271811,40,,Aggregated,40.100000,0.200000,220,340,450,540,1000,2100,3900,5300,9700,15000,17000,13511,8,220,480.4189388424025,14.031200000317767,17114.190899999812,466.2303308415365
1783271812,40,,Aggregated,40.400000,0.200000,220,340,450,540,1000,2100,3900,5300,9700,15000,17000,13548,8,220,479.5793597947796,14.031200000317767,17114.190899999812,466.20032477118394
1783271813,40,,Aggregated,41.000000,0.200000,220,330,440,540,1000,2100,3900,5300,9700,15000,17000,13588,8,220,478.62529388428976,14.031200000317767,17114.190899999812,465.98130703561964
1783271814,40,,Aggregated,40.500000,0.200000,220,330,440,540,1000,2100,3900,5300,9700,15000,17000,13627,8,220,477.77924570335654,14.031200000317767,17114.190899999812,466.0140896749101
1783271815,40,,Aggregated,39.700000,0.100000,220,330,440,530,1000,2100,3900,5300,9700,15000,17000,13667,8,220,477.1209125703977,14.031200000317767,17114.190899999812,465.9817809321724
1783271816,40,,Aggregated,40.300000,0.100000,210,330,440,530,1000,2100,3800,5300,9700,15000,17000,13706,8,210,476.22773114691427,14.031200000317767,17114.190899999812,465.64088720268495
1783271817,40,,Aggregated,39.700000,0.100000,210,330,440,530,1000,2100,3800,5300,9700,15000,17000,13751,8,210,475.39917996506654,14.031200000317767,17114.190899999812,465.6539888008145
1783271818,40,,Aggregated,40.600000,0.100000,210,330,440,530,1000,2100,3800,5300,9700,15000,17000,13787,9,210,474.64072600272976,14.031200000317767,17114.190899999812,465.46899252919417
1783271819,40,,Aggregated,40.100000,0.000000,210,330,440,530,1000,2100,3800,5200,9700,15000,17000,13829,9,210,473.80288115552577,14.031200000317767,17114.190899999812,465.61009472846916
1783271820,40,,Aggregated,40.100000,0.000000,210,330,440,530,1000,2100,3800,5200,9700,15000,17000,13871,9,210,472.8858214980766,14.031200000317767,17114.190899999812,465.549852209646
1783271821,40,,Aggregated,39.800000,0.100000,210,330,440,530,1000,2100,3800,5200,9700,15000,17000,13914,9,210,471.9077210004246,14.031200000317767,17114.190899999812,465.3562598821331
1783271822,40,,Aggregated,39.500000,0.100000,210,330,440,530,1000,2100,3800,5200,9700,15000,17000,13955,9,210,470.8886400859718,14.031200000317767,17114.190899999812,465.1053385883196
1783271823,40,,Aggregated,39.900000,0.100000,210,330,440,530,1000,2100,3800,5200,9700,15000,17000,13992,9,210,469.9932181889395,14.031200000317767,17114.190899999812,464.97891652372783
1783271824,40,,Aggregated,40.200000,0.100000,210,330,440,520,1000,2100,3800,5200,9600,15000,17000,14030,9,210,469.09306200282674,14.031200000317767,17114.190899999812,464.911903064861
1783271825,40,,Aggregated,40.300000,0.100000,210,330,440,520,990,2100,3800,5200,9600,15000,17000,14071,9,210,468.13889322717716,14.031200000317767,17114.190899999812,464.73207305806267
1783271826,40,,Aggregated,40.200000,0.100000,210,330,430,520,990,2100,3800,5200,9600,15000,17000,14108,9,210,467.31914773884404,14.031200000317767,17114.190899999812,464.6454493904168
1783271827,40,,Aggregated,40.400000,0.100000,210,330,430,520,990,2100,3800,5200,9600,15000,17000,14153,9,210,466.4560298240377,14.031200000317767,17114.190899999812,464.6278527520667
1783271828,40,,Aggregated,40.100000,0.100000,210,330,430,520,980,2100,3800,5200,9600,15000,17000,14190,9,210,465.81860406622314,14.031200000317767,17114.190899999812,464.6250176180409
1783271829,40,,Aggregated,40.200000,0.100000,210,330,430,520,980,2100,3800,5200,9600,15000,17000,14220,9,210,465.26483668774426,14.031200000317767,17114.190899999812,464.6080168776371
1783271830,40,,Aggregated,40.100000,0.100000,210,330,430,520,980,2000,3800,5200,9600,15000,17000,14263,9,210,465.05304254362926,14.031200000317767,17114.190899999812,464.4236135455374
1783271831,40,,Aggregated,39.900000,0.000000,210,330,430,520,990,2000,3800,5200,9600,15000,17000,14299,9,210,465.14455066087044,14.031200000317767,17114.190899999812,464.5045807399119
1783271832,40,,Aggregated,39.000000,0.000000,210,330,430,520,990,2000,3800,5200,9600,15000,17000,14339,9,210,464.8190886672599,14.031200000317767,17114.190899999812,464.2975102866309
1783271833,40,,Aggregated,38.700000,0.000000,210,330,440,520,990,2000,3800,5200,9600,15000,17000,14381,9,210,464.6849281412905,14.031200000317767,17114.190899999812,464.28565468326263
1783271834,40,,Aggregated,38.200000,0.000000,210,330,440,520,990,2000,3800,5200,9600,15000,17000,14429,9,210,464.1652005197651,14.031200000317767,17114.190899999812,464.19966733661374
1783271835,40,,Aggregated,38.200000,0.000000,210,330,430,520,980,2000,3800,5200,9600,15000,17000,14462,9,210,463.5219807011317,14.031200000317767,17114.190899999812,464.115336744572
1783271836,40,,Aggregated,38.500000,0.000000,210,330,430,520,980,2000,3800,5200,9600,15000,17000,14510,9,210,462.64268210887207,14.031200000317767,17114.190899999812,463.9107512060648
1783271837,40,,Aggregated,39.600000,0.000000,210,330,430,520,980,2000,3800,5200,9600,15000,17000,14542,9,210,462.0559081419196,14.031200000317767,17114.190899999812,463.9405858891487
1783271838,40,,Aggregated,38.700000,0.000000,210,330,430,520,970,2000,3800,5200,9600,15000,17000,14591,9,210,461.314615009248,14.031200000317767,17114.190899999812,463.92796929614144
1783271839,40,,Aggregated,39.500000,0.000000,210,330,430,520,970,2000,3800,5100,9600,15000,17000,14628,9,210,460.48314705357876,14.031200000317767,17114.190899999812,463.65682253213015
1783271840,40,,Aggregated,38.400000,0.000000,210,330,430,520,970,2000,3700,5100,9600,15000,17000,14668,9,210,459.8976184823958,14.031200000317767,17114.190899999812,463.53756476683935
1783271841,40,,Aggregated,39.500000,0.000000,210,330,430,520,960,2000,3700,5100,9600,15000,17000,14710,9,210,459.1583999116092,14.031200000317767,17114.190899999812,463.50217539089056
1783271842,40,,Aggregated,40.600000,0.000000,210,330,430,520,960,2000,3700,5100,9600,15000,17000,14747,9,210,458.44339949141585,14.031200000317767,17114.190899999812,463.5245134603648
1783271843,40,,Aggregated,40.300000,0.000000,210,330,430,520,960,2000,3700,5100,9600,15000,17000,14789,9,210,457.7607789640896,14.031200000317767,17114.190899999812,463.5222124552032
1783271844,40,,Aggregated,40.800000,0.000000,210,330,430,520,960,2000,3700,5100,9600,15000,17000,14832,9,210,456.9635462311186,14.031200000317767,17114.190899999812,463.4345334412082
1783271846,40,,Aggregated,40.500000,0.000000,210,330,430,520,960,2000,3700,5100,9600,15000,17000,14872,9,210,456.1562971624466,14.031200000317767,17114.190899999812,463.4041823561054
1783271847,40,,Aggregated,40.500000,0.000000,210,330,430,510,950,2000,3700,5100,9600,15000,17000,14911,9,210,455.3538521695232,14.031200000317767,17114.190899999812,463.4213667762055
1783271848,40,,Aggregated,40.500000,0.000000,210,330,430,510,950,1900,3700,5100,9600,15000,17000,14947,9,210,454.71088473271,14.031200000317767,17114.190899999812,463.4667157289088
1783271849,40,,Aggregated,40.000000,0.000000,210,330,430,510,950,1900,3700,5100,9600,15000,17000,14992,9,210,454.1271936766197,14.031200000317767,17114.190899999812,463.4928628601921
1783271850,40,,Aggregated,40.400000,0.000000,210,330,430,510,950,1900,3700,5100,9300,15000,17000,15034,9,210,453.2413340095665,14.031200000317767,17114.190899999812,463.42171078887856
1783271851,40,,Aggregated,40.400000,0.000000,210,330,430,510,950,1900,3700,5100,9300,15000,17000,15068,9,210,452.65700779132766,14.031200000317767,17114.190899999812,463.51838332890895
1783271852,40,,Aggregated,39.900000,0.000000,210,330,430,510,940,1900,3700,5100,9300,15000,17000,15104,9,210,452.27174692133246,14.031200000317767,17114.190899999812,463.52356991525426
1783271853,40,,Aggregated,39.900000,0.000000,210,330,430,510,940,1900,3700,5100,9300,15000,17000,15139,9,210,452.13051601821775,14.031200000317767,17114.190899999812,463.62236607437745
1783271854,40,,Aggregated,39.300000,0.000000,210,330,430,510,940,1900,3600,5100,9300,15000,17000,15181,9,210,451.9084793228243,14.031200000317767,17114.190899999812,463.61998550820107
1783271855,40,,Aggregated,39.300000,0.000000,210,330,430,510,940,1900,3600,5000,9300,15000,17000,15215,9,210,451.8544547683098,14.031200000317767,17114.190899999812,463.6704567860664
1783271856,40,,Aggregated,38.800000,0.000000,210,330,430,510,940,1900,3600,5000,9300,15000,17000,15256,9,210,451.67022771367255,14.031200000317767,17114.190899999812,463.7432485579444
1783271857,40,,Aggregated,38.300000,0.000000,210,330,430,510,940,1900,3600,5000,9300,15000,17000,15304,9,210,451.10675167275417,14.031200000317767,17114.190899999812,463.68537637219026
1783271858,40,,Aggregated,38.400000,0.000000,210,330,430,510,940,1900,3600,5000,9300,15000,17000,15338,9,210,450.6676781783648,14.031200000317767,17114.190899999812,463.68027122180206
1783271859,40,,Aggregated,39.000000,0.000000,210,330,430,510,940,1900,3600,5000,9300,15000,17000,15388,9,210,449.95657446060386,14.031200000317767,17114.190899999812,463.34299454120094
1783271860,40,,Aggregated,39.000000,0.000000,210,330,430,510,940,1900,3600,4900,9300,15000,17000,15421,9,210,449.27377053367337,14.031200000317767,17114.190899999812,463.0783347383438
1783271861,40,,Aggregated,39.500000,0.000000,210,330,430,510,940,1900,3600,4900,9300,15000,17000,15465,9,210,448.57590803102875,14.031200000317767,17114.190899999812,462.9408341416101
1783271862,40,,Aggregated,38.900000,0.000000,210,330,430,510,930,1900,3600,4900,9300,15000,17000,15507,9,210,447.89608578060376,14.031200000317767,17114.190899999812,462.97407622364096
1783271863,40,,Aggregated,39.500000,0.000000,210,330,430,510,930,1900,3600,4900,9300,15000,17000,15540,9,210,447.3072093629217,14.031200000317767,17114.190899999812,462.73545688545687
1783271864,40,,Aggregated,39.800000,0.000000,210,330,430,510,930,1900,3600,4900,9300,15000,17000,15587,9,210,446.59680386218855,14.031200000317767,17114.190899999812,462.60537627510104
1783271865,40,,Aggregated,40.300000,0.000000,210,330,420,510,930,1900,3600,4900,9300,15000,17000,15622,9,210,445.9339793496293,14.031200000317767,17114.190899999812,462.54019971834595
1783271866,40,,Aggregated,40.400000,0.000000,210,330,420,510,920,1900,3600,4900,9300,15000,17000,15660,9,210,445.245604897824,14.031200000317767,17114.190899999812,462.26538952745847
1783271867,40,,Aggregated,40.100000,0.000000,210,330,420,510,920,1900,3600,4900,9300,15000,17000,15709,9,210,444.7105705264456,14.031200000317767,17114.190899999812,462.11674836081227
1783271868,40,,Aggregated,40.100000,0.000000,210,330,420,510,920,1900,3600,4900,9300,15000,17000,15744,9,210,444.1281787156953,14.031200000317767,17114.190899999812,462.1471671747967
1783271869,40,,Aggregated,40.300000,0.000000,210,330,420,510,920,1900,3500,4900,9300,15000,17000,15789,10,210,443.4983714231455,14.031200000317767,17114.190899999812,462.12249034137693
1783271870,40,,Aggregated,40.600000,0.000000,210,330,420,510,920,1900,3500,4900,9300,15000,17000,15828,10,210,442.8862282158193,14.031200000317767,17114.190899999812,462.0899671468284
1783271871,40,,Aggregated,39.800000,0.100000,210,330,420,510,910,1900,3500,4900,9300,15000,17000,15863,10,210,442.58847001828246,14.031200000317767,17114.190899999812,462.1038265145307
1783271872,40,,Aggregated,39.900000,0.100000,210,330,420,510,910,1900,3500,4900,9300,15000,17000,15908,11,210,442.07351426954796,14.031200000317767,17114.190899999812,462.07009052049284
1783271873,40,,Aggregated,39.100000,0.100000,210,330,420,510,910,1900,3500,4900,9300,15000,17000,15950,11,210,441.4490253855693,14.031200000317767,17114.190899999812,462.02645768025076
1783271874,40,,Aggregated,40.100000,0.200000,210,330,420,500,910,1900,3500,4900,9300,15000,17000,15976,11,210,440.9136092951826,14.031200000317767,17114.190899999812,461.7066850275413
1783271875,40,,Aggregated,40.400000,0.200000,210,330,420,510,910,1900,3500,4900,9200,15000,17000,16016,11,210,440.78405408964363,14.031200000317767,17114.190899999812,461.8409715284715
1783271876,40,,Aggregated,39.300000,0.200000,210,330,420,510,910,1900,3500,4900,9200,15000,17000,16059,11,210,440.66061344416045,14.031200000317767,17114.190899999812,461.87340432156424
1783271877,40,,Aggregated,39.300000,0.200000,210,330,420,510,910,1900,3500,4900,9200,15000,17000,16098,11,210,440.5101109454551,14.031200000317767,17114.190899999812,461.9339048328985
1783271878,40,,Aggregated,39.300000,0.200000,210,330,420,510,910,1800,3500,4900,9200,15000,17000,16140,11,210,440.40090693307883,14.031200000317767,17114.190899999812,461.92775712515487
1783271879,40,,Aggregated,38.500000,0.200000,210,330,420,510,900,1800,3500,4900,9200,15000,17000,16183,11,210,439.9359342705202,14.031200000317767,17114.190899999812,462.0872520546252
1783271880,40,,Aggregated,38.900000,0.200000,210,330,420,510,900,1800,3500,4900,9200,15000,17000,16217,11,210,439.57959706480085,14.031200000317767,17114.190899999812,462.1277671579207
1783271881,40,,Aggregated,38.900000,0.100000,210,330,420,510,900,1800,3500,4900,9200,15000,17000,16260,11,210,439.43416764451956,14.031200000317767,17114.190899999812,462.2212177121771
1783271882,40,,Aggregated,38.400000,0.100000,210,330,420,510,900,1800,3500,4900,9200,15000,17000,16298,11,210,439.1450837096527,14.031200000317767,17114.190899999812,462.07890538716407
1783271883,40,,Aggregated,39.000000,0.100000,210,330,430,510,900,1800,3500,4900,9200,15000,17000,16334,11,210,439.0128447471534,14.031200000317767,17114.190899999812,462.09942451328516
1783271884,40,,Aggregated,38.300000,0.000000,210,330,430,510,900,1800,3500,4900,9200,15000,17000,16379,11,210,438.911115165766,14.031200000317767,17114.190899999812,462.15239025581536
1783271885,40,,Aggregated,37.900000,0.000000,210,330,430,510,900,1800,3500,4800,9200,15000,17000,16420,11,210,438.4720890438552,14.031200000317767,17114.190899999812,462.3086479902558
1783271886,40,,Aggregated,39.000000,0.000000,210,330,430,510,900,1800,3500,4800,9200,15000,17000,16463,11,210,437.97199605783624,14.031200000317767,17114.190899999812,462.3349936220616
1783271887,40,,Aggregated,40.000000,0.000000,210,330,430,510,900,1800,3500,4800,9200,15000,17000,16502,11,210,437.4749453763294,14.031200000317767,17114.190899999812,462.2734214034663
1783271888,40,,Aggregated,39.600000,0.000000,210,330,420,510,900,1800,3500,4800,9200,15000,17000,16543,11,210,436.82740473918295,14.031200000317767,17114.190899999812,462.2551532370187
1783271889,40,,Aggregated,39.800000,0.000000,210,330,420,510,890,1800,3500,4800,9200,15000,17000,16585,11,210,436.2182690503577,14.031200000317767,17114.190899999812,462.16804341272234
1783271890,40,,Aggregated,40.100000,0.000000,210,330,420,510,890,1800,3500,4800,9200,15000,17000,16623,11,210,435.6579511159353,14.031200000317767,17114.190899999812,462.28586897671903
1783271891,40,,Aggregated,39.600000,0.000000,210,330,420,500,890,1800,3500,4800,9200,15000,17000,16665,11,210,435.1315116891778,14.031200000317767,17114.190899999812,462.33417341734173
1783271892,40,,Aggregated,40.300000,0.000000,210,330,420,500,890,1800,3500,4800,9200,15000,17000,16702,11,210,434.49498266076404,14.031200000317767,17114.190899999812,462.1763860615495
1783271893,40,,Aggregated,40.300000,0.000000,210,330,420,500,890,1800,3500,4800,9200,15000,17000,16744,11,210,433.91898205328494,14.031200000317767,17114.190899999812,462.27263497372195
1783271894,40,,Aggregated,40.100000,0.000000,210,330,420,500,890,1800,3500,4800,9200,15000,17000,16780,11,210,433.47850430274366,14.031200000317767,17114.190899999812,462.2411799761621
1783271895,40,,Aggregated,40.600000,0.000000,210,330,420,500,890,1800,3400,4800,9200,15000,17000,16814,11,210,433.27553931842493,14.031200000317767,17114.190899999812,462.22082788152727
1783271896,40,,Aggregated,40.400000,0.000000,210,330,420,500,890,1800,3400,4800,9200,15000,17000,16856,11,210,433.14671000830396,14.031200000317767,17114.190899999812,462.21066682486946
1783271897,40,,Aggregated,39.000000,0.000000,210,330,420,500,890,1800,3400,4800,9200,15000,17000,16900,12,210,432.9561452366919,14.031200000317767,17114.190899999812,462.098875739645
1783271898,40,,Aggregated,39.700000,0.000000,210,330,420,500,880,1800,3400,4800,9200,15000,17000,16940,12,210,432.55237228453905,14.031200000317767,17114.190899999812,462.13713105076744
1783271899,40,,Aggregated,39.000000,0.000000,210,330,420,500,880,1800,3400,4800,9200,15000,17000,16986,12,210,432.0098625103086,14.031200000317767,17114.190899999812,462.06364064523723
1783271900,40,,Aggregated,39.400000,0.100000,210,330,420,500,880,1800,3400,4800,9100,15000,17000,17024,12,210,431.3372280662712,14.031200000317767,17114.190899999812,461.81191259398497
1783271901,40,,Aggregated,39.600000,0.100000,210,330,420,500,880,1800,3400,4800,9100,15000,17000,17063,12,210,430.71951878335244,14.031200000317767,17114.190899999812,461.8690148274043
1783271902,40,,Aggregated,39.600000,0.100000,210,330,420,500,880,1800,3400,4800,9100,15000,17000,17104,12,210,430.03524527013417,14.031200000317767,17114.190899999812,461.76262862488306
1783271903,40,,Aggregated,39.700000,0.100000,210,330,420,500,870,1800,3400,4800,9100,15000,17000,17142,12,210,429.51999454558523,14.031200000317767,17114.190899999812,461.80725702951815
1783271904,40,,Aggregated,39.700000,0.100000,210,330,420,500,870,1800,3400,4800,9100,15000,17000,17178,13,210,429.0875640354248,14.031200000317767,17114.190899999812,461.809989521481
1783271905,40,,Aggregated,39.500000,0.100000,210,330,420,500,870,1700,3400,4800,9100,15000,17000,17223,13,210,428.80231050924056,14.031200000317767,17114.190899999812,461.8662253962724
1783271906,40,,Aggregated,39.600000,0.200000,210,330,420,500,870,1700,3400,4800,9100,15000,17000,17258,13,210,428.3857762371416,14.031200000317767,17114.190899999812,461.83781434696954
1783271907,40,,Aggregated,39.700000,0.200000,210,330,420,500,870,1700,3400,4700,9100,15000,17000,17301,13,210,427.91446278831273,14.031200000317767,17114.190899999812,461.94711288364834
1783271908,40,,Aggregated,40.100000,0.200000,210,330,420,500,870,1700,3400,4700,9100,15000,17000,17349,13,210,427.30364262496306,14.031200000317767,17114.190899999812,461.7839644936308
1783271909,40,,Aggregated,40.500000,0.200000,210,320,420,500,870,1700,3400,4700,9100,15000,17000,17387,13,210,426.69863912121286,14.031200000317767,17114.190899999812,461.62598493127047
1783271910,40,,Aggregated,40.200000,0.100000,210,320,420,500,860,1700,3400,4700,9100,15000,17000,17424,13,210,426.12314566119005,14.031200000317767,17114.190899999812,461.53374655647383
1783271911,40,,Aggregated,39.600000,0.100000,210,320,420,500,860,1700,3400,4700,9100,15000,17000,17466,13,210,425.56981879082775,14.031200000317767,17114.190899999812,461.63139814496736
1783271912,40,,Aggregated,40.100000,0.100000,210,320,420,490,860,1700,3300,4700,9100,15000,17000,17505,13,210,424.9705238160845,14.031200000317767,17114.190899999812,461.5424735789774
1783271913,40,,Aggregated,40.200000,0.100000,210,320,420,490,860,1700,3300,4700,9100,15000,17000,17543,13,210,424.4264473579543,14.031200000317767,17114.190899999812,461.4711280852762
1783271914,40,,Aggregated,39.700000,0.100000,210,320,420,490,860,1700,3300,4700,9100,15000,17000,17581,13,210,423.88010232072224,14.031200000317767,17114.190899999812,461.39110403276266
1783271915,40,,Aggregated,40.200000,0.100000,210,320,420,490,860,1700,3300,4700,9100,15000,17000,17619,13,210,423.6130733072596,14.031200000317767,17114.190899999812,461.1964924229525
1783271916,40,,Aggregated,39.900000,0.000000,210,320,420,490,860,1700,3300,4700,9100,15000,17000,17665,13,210,423.27196566661274,14.031200000317767,17114.190899999812,461.0639682988961
1783271917,40,,Aggregated,40.200000,0.000000,210,320,420,490,850,1700,3300,4700,9100,15000,17000,17706,13,210,422.72030341131335,14.031200000317767,17114.190899999812,460.8934259573026
1783271918,40,,Aggregated,39.800000,0.000000,210,320,420,490,850,1700,3300,4700,9100,15000,17000,17742,13,210,422.24564339424813,14.031200000317767,17114.190899999812,460.8588096043287
1783271919,40,,Aggregated,39.800000,0.000000,210,320,420,490,850,1700,3300,4700,9100,15000,17000,17779,13,210,422.0023098599855,14.031200000317767,17114.190899999812,461.07233252713877
1783271920,40,,Aggregated,39.300000,0.000000,210,320,420,490,850,1700,3300,4700,9100,15000,17000,17821,14,210,421.7091850457815,14.031200000317767,17114.190899999812,461.04702317490603
1783271921,40,,Aggregated,39.700000,0.000000,210,320,420,490,850,1700,3300,4700,9100,15000,17000,17868,15,210,421.50919659731596,14.031200000317767,17114.190899999812,461.0090664875756
1783271922,40,,Aggregated,39.400000,0.100000,210,320,420,490,850,1700,3300,4600,9100,15000,17000,17902,15,210,421.021622673492,14.031200000317767,17114.190899999812,460.9177186906491
1783271923,40,,Aggregated,38.800000,0.200000,210,320,420,490,850,1700,3300,4600,9100,15000,17000,17942,15,210,420.79916040022664,14.031200000317767,17114.190899999812,460.9018504068666
1783271924,40,,Aggregated,39.800000,0.200000,210,320,420,490,850,1700,3300,4600,9100,15000,17000,17985,15,210,420.3546265610715,14.031200000317767,17114.190899999812,460.8045037531276
1783271925,40,,Aggregated,38.800000,0.200000,210,320,410,490,850,1700,3300,4600,9100,15000,17000,18025,15,210,419.74322489325635,14.031200000317767,17114.190899999812,460.7302080443828
1783271926,40,,Aggregated,39.600000,0.200000,210,320,410,490,840,1700,3300,4600,9100,15000,17000,18062,15,210,419.20593726613697,14.031200000317767,17114.190899999812,460.55984940759606
1783271927,40,,Aggregated,40.200000,0.200000,210,320,410,490,840,1700,3300,4600,9100,15000,17000,18110,15,210,418.7340662728353,14.031200000317767,17114.190899999812,460.7021535063501
1783271928,40,,Aggregated,40.100000,0.200000,210,320,410,490,840,1700,3300,4600,9100,15000,17000,18145,15,210,418.29480740154895,14.031200000317767,17114.190899999812,460.73188206117385
1783271929,40,,Aggregated,39.900000,0.200000,210,320,410,490,840,1700,3300,4600,9100,15000,17000,18190,15,210,417.8174935679507,14.031200000317767,17114.190899999812,460.72089059923036
1783271930,40,,Aggregated,40.200000,0.200000,210,320,410,490,840,1700,3300,4600,9100,15000,17000,18226,15,210,417.3726020520666,14.031200000317767,17114.190899999812,460.6130802150774
1783271931,40,,Aggregated,40.200000,0.200000,210,320,410,490,840,1700,3300,4600,9100,15000,17000,18270,15,210,416.71879325127867,14.031200000317767,17114.190899999812,460.4712643678161
1783271932,40,,Aggregated,40.100000,0.100000,210,320,410,490,840,1700,3300,4500,9100,15000,17000,18306,15,210,416.16851287014697,14.031200000317767,17114.190899999812,460.31934884737245
1783271933,40,,Aggregated,40.700000,0.000000,210,320,410,490,840,1700,3300,4500,9100,15000,17000,18350,15,210,415.63061744964494,14.031200000317767,17114.190899999812,460.2833242506812
1783271934,40,,Aggregated,40.200000,0.000000,210,320,410,490,830,1700,3300,4500,9100,15000,17000,18393,15,210,414.93596481818776,14.031200000317767,17114.190899999812,460.1321698472245
1783271935,40,,Aggregated,40.800000,0.000000,210,320,410,490,830,1600,3200,4500,9100,15000,17000,18433,15,210,414.25751861883475,14.031200000317767,17114.190899999812,459.8247165409863
1783271936,40,,Aggregated,40.500000,0.000000,210,320,410,490,830,1600,3200,4500,9100,15000,17000,18462,15,210,413.8825671704563,14.031200000317767,17114.190899999812,459.764814212978
1783271937,40,,Aggregated,40.200000,0.000000,210,320,410,490,830,1600,3200,4500,9100,15000,17000,18512,15,210,413.4846530305189,14.031200000317767,17114.190899999812,459.66578435609335
1783271938,40,,Aggregated,39.700000,0.000000,210,320,410,490,830,1600,3200,4500,9100,15000,17000,18552,15,210,412.97616240842166,14.031200000317767,17114.190899999812,459.5608020698577
1783271939,40,,Aggregated,39.800000,0.000000,210,320,410,480,830,1600,3200,4500,9100,15000,17000,18591,15,210,412.4257024689847,14.031200000317767,17114.190899999812,459.48055510731
1783271940,40,,Aggregated,40.100000,0.000000,210,320,410,480,830,1600,3200,4500,9100,15000,17000,18628,15,210,412.032844959257,14.031200000317767,17114.190899999812,459.5318337985828
1783271941,35,,Aggregated,40.300000,0.000000,210,320,410,480,830,1600,3200,4500,9100,15000,17000,18661,15,210,411.79513850281296,14.031200000317767,17114.190899999812,459.71995069931944
1783271942,30,,Aggregated,40.200000,0.000000,210,320,410,480,830,1600,3200,4500,9100,15000,17000,18688,15,210,411.6643589255625,14.031200000317767,17114.190899999812,459.8204730308219
1783271943,25,,Aggregated,39.200000,0.000000,210,320,410,480,830,1600,3200,4500,9100,15000,17000,18715,15,210,411.7546159231123,14.031200000317767,17114.190899999812,460.21303767031793
1783271944,20,,Aggregated,38.500000,0.000000,210,320,410,490,830,1600,3200,4500,9100,15000,17000,18738,15,210,411.80465131823405,14.031200000317767,17114.190899999812,460.4507418080905
1783271945,20,,Aggregated,37.100000,0.000000,210,320,410,480,830,1600,3200,4500,9100,15000,17000,18760,15,210,411.6082349254315,14.031200000317767,17114.190899999812,460.6495735607676
1783271946,20,,Aggregated,35.600000,0.000000,210,320,410,480,830,1600,3200,4500,9100,15000,17000,18781,15,210,411.36768703482574,14.031200000317767,17114.190899999812,460.78318513391196
1783271947,20,,Aggregated,33.800000,0.000000,210,320,410,480,820,1600,3200,4500,9100,15000,17000,18800,15,210,411.188690016012,14.031200000317767,17114.190899999812,460.95010638297873
1783271948,20,,Aggregated,32.300000,0.000000,210,320,410,480,820,1600,3200,4500,9100,15000,17000,18819,15,210,410.9660607684241,14.031200000317767,17114.190899999812,461.0813008130081
1783271949,20,,Aggregated,30.400000,0.000000,210,320,410,480,820,1600,3200,4500,9100,15000,17000,18841,15,210,410.8460080781782,14.031200000317767,17114.190899999812,461.269837057481
1783271950,20,,Aggregated,28.300000,0.000000,210,320,410,480,820,1600,3200,4500,9100,15000,17000,18859,15,210,410.6520140198786,14.031200000317767,17114.190899999812,461.37578874807787
1783271951,20,,Aggregated,25.800000,0.000000,210,320,410,480,820,1600,3200,4500,9100,15000,17000,18881,15,210,410.4452518405241,14.031200000317767,17114.190899999812,461.61087866108784
1783271952,20,,Aggregated,24.200000,0.000000,210,320,410,480,820,1600,3200,4500,9100,15000,17000,18899,15,210,410.239515445307,14.031200000317767,17114.190899999812,461.7331075718292
1783271953,20,,Aggregated,22.800000,0.000000,210,320,410,480,820,1600,3200,4500,9100,15000,17000,18921,15,210,409.97375909311825,14.031200000317767,17114.190899999812,461.809312404207
1783271954,20,,Aggregated,21.700000,0.000000,210,320,410,480,820,1600,3200,4500,9100,15000,17000,18941,15,210,409.7598123911576,14.031200000317767,17114.190899999812,461.9264558365451
1783271955,20,,Aggregated,21.000000,0.000000,210,320,410,480,820,1600,3100,4500,9100,15000,17000,18960,15,210,409.5451488766302,14.031200000317767,17114.190899999812,462.10316455696204
1783271956,20,,Aggregated,20.100000,0.000000,210,320,410,480,820,1600,3100,4500,9100,15000,17000,18982,15,210,409.33960693819813,14.031200000317767,17114.190899999812,462.3365820250764
1783271958,20,,Aggregated,20.300000,0.000000,210,320,410,480,820,1600,3100,4400,9000,15000,17000,19001,15,210,409.1438669017882,14.031200000317767,17114.190899999812,462.54802378822166
1783271959,20,,Aggregated,20.100000,0.000000,210,320,410,480,820,1600,3100,4400,9000,15000,17000,19022,15,210,408.973894311899,14.031200000317767,17114.190899999812,462.8321943013353
1783271960,20,,Aggregated,20.100000,0.000000,210,320,410,480,810,1600,3100,4400,9000,15000,17000,19041,15,210,408.85956904053853,14.031200000317767,17114.190899999812,463.03392678955936
1783271961,20,,Aggregated,19.800000,0.000000,210,320,410,480,810,1600,3100,4400,9000,15000,17000,19064,15,210,408.60078667650487,14.031200000317767,17114.190899999812,463.2195761644985
1783271962,20,,Aggregated,19.800000,0.000000,210,320,410,480,810,1600,3100,4400,9000,15000,17000,19084,15,210,408.3443624135872,14.031200000317767,17114.190899999812,463.2974743240411
1783271963,20,,Aggregated,20.300000,0.000000,210,320,410,480,810,1600,3100,4400,9000,15000,17000,19102,15,210,408.1534303424149,14.031200000317767,17114.190899999812,463.48754057166786
1783271964,20,,Aggregated,20.300000,0.000000,210,320,410,480,810,1600,3100,4400,9000,15000,17000,19122,15,210,407.96959693027935,14.031200000317767,17114.190899999812,463.71483108461456
1783271965,20,,Aggregated,19.800000,0.000000,210,320,410,480,810,1600,3100,4400,9000,15000,17000,19144,15,210,407.8036308661058,14.031200000317767,17114.190899999812,463.9874111993314
1783271966,20,,Aggregated,20.100000,0.000000,210,320,410,480,810,1600,3100,4400,9000,15000,17000,19166,15,210,407.569946102512,14.031200000317767,17114.190899999812,464.25910466451006
1783271967,20,,Aggregated,19.900000,0.000000,210,320,400,480,810,1600,3100,4400,9000,15000,17000,19186,15,210,407.33457823417007,14.031200000317767,17114.190899999812,464.4062337120817
1783271968,20,,Aggregated,20.100000,0.000000,210,320,400,480,810,1600,3100,4400,9000,15000,17000,19202,15,210,407.1447403552103,14.031200000317767,17114.190899999812,464.5206228517863
1783271969,20,,Aggregated,20.100000,0.000000,210,320,400,480,810,1600,3100,4400,9000,15000,17000,19224,15,210,407.05542947881673,14.031200000317767,17114.190899999812,464.88795255930086
1783271970,20,,Aggregated,20.000000,0.000000,210,320,400,480,810,1600,3100,4400,9000,15000,17000,19243,15,210,406.9423969287949,14.031200000317767,17114.190899999812,465.07867796081695
1783271971,20,,Aggregated,20.000000,0.000000,210,320,400,480,810,1600,3100,4400,9000,15000,17000,19266,15,210,406.6939872418118,14.031200000317767,17114.190899999812,465.168275718883
1783271972,20,,Aggregated,20.100000,0.000000,210,320,400,480,810,1600,3100,4400,9000,15000,17000,19284,15,210,406.49635895046475,14.031200000317767,17114.190899999812,465.2419622484962
1783271973,20,,Aggregated,19.800000,0.000000,210,320,400,480,810,1600,3100,4400,9000,15000,17000,19307,15,210,406.23347219665357,14.031200000317767,17114.190899999812,465.33868545087273
1783271974,20,,Aggregated,19.800000,0.000000,210,320,400,470,810,1600,3100,4400,9000,15000,17000,19323,15,210,406.154714019601,14.031200000317767,17114.190899999812,465.5922993324018
1783271975,20,,Aggregated,20.200000,0.000000,210,320,400,470,800,1600,3100,4400,9000,15000,17000,19347,15,210,405.9210125187767,14.031200000317767,17114.190899999812,465.86111541841115
1783271976,20,,Aggregated,19.700000,0.000000,210,320,400,470,800,1600,3100,4400,9000,15000,17000,19366,15,210,405.7255547403092,14.031200000317767,17114.190899999812,466.10719818238147
1783271977,20,,Aggregated,20.100000,0.000000,210,320,400,470,800,1600,3100,4400,9000,15000,17000,19386,15,210,405.4857937790535,14.031200000317767,17114.190899999812,466.25843392138654
1783271978,20,,Aggregated,20.100000,0.000000,210,320,400,470,800,1600,3100,4400,9000,15000,17000,19406,15,210,405.240630887387,14.031200000317767,17114.190899999812,466.34731526332064
1783271979,20,,Aggregated,20.100000,0.000000,210,320,400,470,800,1600,3100,4400,9000,15000,17000,19427,15,210,405.0687342461877,14.031200000317767,17114.190899999812,466.5512945900036
1783271980,20,,Aggregated,20.200000,0.000000,210,310,400,470,800,1600,3100,4400,9000,15000,17000,19443,15,210,404.9500881448675,14.031200000317767,17114.190899999812,466.6473280872293
1783271981,20,,Aggregated,20.000000,0.000000,210,320,400,470,800,1600,3100,4400,9000,15000,17000,19466,15,210,404.8497379533874,14.031200000317767,17114.190899999812,466.879636288914
1783271982,20,,Aggregated,19.800000,0.000000,210,310,400,470,800,1600,3100,4400,9000,15000,17000,19487,15,210,404.6549177605864,14.031200000317767,17114.190899999812,467.1596448914661
1783271983,20,,Aggregated,20.100000,0.000000,210,310,400,470,800,1600,3100,4400,9000,15000,17000,19507,15,210,404.4187606603068,14.031200000317767,17114.190899999812,467.14118008919877
1783271984,20,,Aggregated,20.000000,0.000000,210,310,400,470,800,1600,3100,4400,9000,15000,17000,19528,15,210,404.26203996316104,14.031200000317767,17114.190899999812,467.25250921753377
1783271985,20,,Aggregated,20.100000,0.000000,210,310,400,470,800,1600,3100,4400,9000,15000,17000,19547,15,210,404.03598940505645,14.031200000317767,17114.190899999812,467.3919271499463
1783271986,20,,Aggregated,20.300000,0.000000,210,310,400,470,800,1600,3100,4400,9000,15000,17000,19569,15,210,403.8000078185236,14.031200000317767,17114.190899999812,467.50881496244057
1783271987,20,,Aggregated,19.900000,0.000000,210,310,400,470,800,1600,3100,4400,9000,15000,17000,19587,15,210,403.5963031398727,14.031200000317767,17114.190899999812,467.6288354520856
1783271988,20,,Aggregated,20.000000,0.000000,210,310,400,470,800,1600,3100,4400,9000,15000,17000,19610,15,210,403.3930243141637,14.031200000317767,17114.190899999812,467.7632330443651
1783271989,20,,Aggregated,19.800000,0.000000,210,310,400,470,800,1600,3100,4400,9000,15000,17000,19628,15,210,403.1576641685736,14.031200000317767,17114.190899999812,467.88282046056656
1783271990,20,,Aggregated,19.900000,0.000000,210,310,400,470,800,1600,3100,4400,9000,15000,17000,19649,15,210,403.01237204441924,14.031200000317767,17114.190899999812,468.1177668074711
1783271991,20,,Aggregated,20.200000,0.000000,210,310,400,470,800,1600,3100,4400,9000,15000,17000,19666,15,210,402.8674047391858,14.031200000317767,17114.190899999812,468.30723075358486
1783271992,20,,Aggregated,20.100000,0.000000,210,310,400,470,800,1600,3100,4400,9000,15000,17000,19690,15,210,402.6100683139052,14.031200000317767,17114.190899999812,468.26363636363635
1783271993,20,,Aggregated,19.800000,0.000000,210,310,400,470,790,1600,3100,4400,9000,15000,17000,19708,15,210,402.42593904002223,14.031200000317767,17114.190899999812,468.4097828293079
1783271994,20,,Aggregated,20.300000,0.000000,210,310,400,470,790,1600,3100,4400,9000,15000,17000,19726,15,210,402.3220821707756,14.031200000317767,17114.190899999812,468.5332556017439
1783271995,20,,Aggregated,19.900000,0.000000,210,310,400,470,790,1600,3100,4400,9000,15000,17000,19750,15,210,402.1378027595294,14.031200000317767,17114.190899999812,468.6592405063291
1783271996,20,,Aggregated,19.800000,0.000000,210,310,400,470,790,1600,3100,4400,9000,15000,17000,19767,15,210,401.99682720193715,14.031200000317767,17114.190899999812,468.85415085748974
1783271997,20,,Aggregated,20.000000,0.000000,210,310,400,470,790,1500,3100,4400,9000,15000,17000,19789,15,210,401.83648988836126,14.031200000317767,17114.190899999812,469.1721158219213
1783271998,20,,Aggregated,20.000000,0.000000,210,310,400,470,790,1500,3100,4400,9000,15000,17000,19809,15,210,401.6598203291841,14.031200000317767,17114.190899999812,469.3105154222828
1783271999,20,,Aggregated,20.000000,0.000000,210,310,400,470,790,1500,3100,4400,9000,15000,17000,19831,15,210,401.46846276541123,14.031200000317767,17114.190899999812,469.48439312187986
1783272000,20,,Aggregated,20.000000,0.000000,210,310,400,470,790,1500,3100,4400,9000,15000,17000,19850,15,210,401.2418876876998,14.031200000317767,17114.190899999812,469.6113853904282
