Timestamp,User Count,Type,Name,Requests/s,Failures/s,50%,66%,75%,80%,90%,95%,98%,99%,99.9%,99.99%,100%,Total Request Count,Total Failure Count,Total Median Response Time,Total Average Response Time,Total Min Response Time,Total Max Response Time,Total Average Content Size
1785350750,0,,Aggregated,0.000000,0.000000,N/A,N/A,N/A,N/A,N/A,N/A,N/A,N/A,N/A,N/A,N/A,0,0,0,0.0,0,0,0
1785350751,2,,Aggregated,0.000000,0.000000,360,360,360,360,360,360,360,360,360,360,360,2,0,281.0109000420198,319.1594500094652,281.0109000420198,357.30799997691065,826.5
1785350752,6,,Aggregated,0.000000,0.000000,480,480,700,700,700,700,700,700,700,700,700,6,0,360,453.3577833402281,200.42470004409552,701.1913000606,828.1666666666666
1785350753,8,,Aggregated,2.000000,0.000000,370,480,700,700,810,810,810,810,810,810,810,9,0,370,456.0817333403975,200.42470004409552,814.5008999854326,827.8888888888889
1785350754,10,,Aggregated,2.000000,0.000000,480,700,810,1000,1000,1000,1000,1000,1000,1000,1000,15,0,480,577.2659133498868,200.42470004409552,1038.7812000699341,773.0666666666667
1785350755,10,,Aggregated,2.666667,0.000000,740,1000,1000,1300,1700,1700,1700,1700,1700,1700,1700,22,0,700,825.7966227406127,200.42470004409552,1745.6480000400916,790.6363636363636
1785350756,10,,Aggregated,3.500000,0.000000,960,1000,1200,1300,1700,1700,1800,1800,1800,1800,1800,28,0,810,899.9955464387313,200.42470004409552,1832.9021000536159,768.9285714285714
1785350757,10,,Aggregated,3.200000,0.000000,1000,1100,1300,1500,1700,2000,2900,2900,2900,2900,2900,32,0,960,999.1502312586817,200.42470004409552,2870.57949998416,776.03125
1785350758,10,,Aggregated,4.000000,0.000000,1000,1300,1500,1700,2000,2700,2900,2900,2900,2900,2900,38,0,1000,1117.2463394775007,200.42470004409552,2870.57949998416,740.4736842105264
1785350759,10,,Aggregated,4.285714,0.000000,1200,1500,1700,1800,2000,2700,3200,3200,3200,3200,3200,44,0,1100,1231.8937909122642,200.42470004409552,3165.543800103478,714.5454545454545
1785350760,10,,Aggregated,4.375000,0.000000,1200,1700,1800,1800,2000,2700,3200,3200,3200,3200,3200,50,0,1200,1272.3512580012903,200.42470004409552,3165.543800103478,711.32
1785350761,10,,Aggregated,4.666667,0.000000,1200,1700,1800,1800,2000,2700,2900,3200,3200,3200,3200,57,0,1200,1307.8317929880302,200.42470004409552,3165.543800103478,696.280701754386
1785350762,10,,Aggregated,4.800000,0.000000,1300,1700,1800,1800,2000,2000,2900,3200,3200,3200,3200,63,0,1300,1327.121890480778,200.42470004409552,3165.543800103478,669.1269841269841
1785350763,10,,Aggregated,5.200000,0.000000,1300,1700,1800,1800,2000,2200,2900,3200,3200,3200,3200,71,0,1300,1367.3677211348622,200.42470004409552,3165.543800103478,674.7464788732394
1785350764,10,,Aggregated,5.600000,0.000000,1400,1700,1800,1800,2000,2200,2900,3200,3200,3200,3200,77,0,1400,1373.4585454645144,200.42470004409552,3165.543800103478,664.8051948051948
1785350765,10,,Aggregated,5.800000,0.000000,1500,1700,1800,1800,2000,2000,2900,3200,3200,3200,3200,83,0,1500,1391.680073504987,200.42470004409552,3165.543800103478,656.3373493975904
1785350766,10,,Aggregated,5.800000,0.000000,1500,1700,1800,1800,2000,2000,2900,3200,3200,3200,3200,90,0,1500,1405.6172644551325,200.42470004409552,3165.543800103478,669.2
1785350767,10,,Aggregated,6.200000,0.000000,1500,1700,1800,1800,2000,2000,2900,3200,3200,3200,3200,95,0,1500,1417.939417904831,200.42470004409552,3165.543800103478,677.2210526315789
1785350768,10,,Aggregated,6.100000,0.000000,1500,1700,1800,1900,2000,2000,2700,2900,3200,3200,3200,102,0,1500,1434.0322215792578,200.42470004409552,3165.543800103478,679.0490196078431
1785350769,10,,Aggregated,6.200000,0.000000,1600,1700,1800,1900,2000,2000,2700,2900,3200,3200,3200,108,0,1500,1444.183035196383,200.42470004409552,3165.543800103478,686.9166666666666
1785350770,10,,Aggregated,6.200000,0.000000,1500,1700,1800,1900,2000,2200,2700,2900,3200,3200,3200,114,0,1500,1453.7881903611776,200.42470004409552,3165.543800103478,686.780701754386
1785350771,10,,Aggregated,6.200000,0.000000,1600,1700,1800,1800,2000,2200,2700,2900,3200,3200,3200,120,0,1500,1455.586228344085,200.42470004409552,3165.543800103478,680.0083333333333
1785350772,10,,Aggregated,6.300000,0.000000,1600,1700,1800,1800,1900,2000,2700,2900,3200,3200,3200,127,0,1600,1461.7912921345037,200.42470004409552,3165.543800103478,681.5590551181102
1785350773,10,,Aggregated,6.400000,0.000000,1600,1700,1800,1900,1900,2200,2700,2900,3200,3200,3200,132,0,1600,1472.6031545547867,200.42470004409552,3165.543800103478,674.5378787878788
1785350774,10,,Aggregated,6.200000,0.000000,1600,1700,1800,1900,2000,2200,2700,2900,3200,3200,3200,140,0,1600,1480.286110722227,200.42470004409552,3165.543800103478,671.5285714285715
1785350775,10,,Aggregated,6.200000,0.000000,1600,1700,1800,1800,1900,2000,2700,2900,3200,3200,3200,146,0,1600,1478.7468794591355,200.42470004409552,3165.543800103478,678.0
1785350776,10,,Aggregated,6.200000,0.000000,1600,1700,1800,1800,1900,2000,2300,2900,3200,3200,3200,154,0,1600,1483.2703584477051,200.42470004409552,3165.543800103478,685.8506493506494
1785350777,10,,Aggregated,6.400000,0.000000,1600,1700,1800,1800,1900,2000,2300,2900,3200,3200,3200,158,0,1600,1476.1462196253854,200.42470004409552,3165.543800103478,689.4810126582279
1785350778,10,,Aggregated,6.300000,0.000000,1600,1700,1800,1900,1900,2000,2300,2900,3200,3200,3200,164,0,1600,1490.2131695175408,200.42470004409552,3165.543800103478,689.530487804878
1785350779,10,,Aggregated,6.400000,0.000000,1600,1700,1800,1800,1900,2200,2300,2900,3200,3200,3200,172,0,1600,1495.8087343060638,200.42470004409552,3165.543800103478,691.2151162790698
1785350780,10,,Aggregated,6.400000,0.000000,1600,1700,1800,1800,1900,2200,2300,2900,3200,3200,3200,179,0,1600,1491.2971474897563,200.42470004409552,3165.543800103478,696.5810055865921
1785350781,11,,Aggregated,6.200000,0.000000,1600,1700,1800,1800,1900,2000,2300,2900,3200,3200,3200,185,0,1600,1490.0111827061737,200.42470004409552,3165.543800103478,696.3513513513514
1785350782,13,,Aggregated,6.200000,0.000000,1600,1700,1800,1800,1900,2000,2300,2900,3200,3200,3200,189,0,1600,1493.8929867764402,200.42470004409552,3165.543800103478,699.1428571428571
1785350783,14,,Aggregated,6.300000,0.000000,1600,1700,1800,1900,2000,2200,2700,2900,3200,3200,3200,198,0,1600,1519.3018671754287,200.42470004409552,3165.543800103478,705.0555555555555
1785350784,15,,Aggregated,6.400000,0.000000,1600,1700,1800,1900,2000,2200,2300,2800,3200,3200,3200,204,0,1600,1520.297184806801,200.42470004409552,3165.543800103478,705.4754901960785
1785350785,16,,Aggregated,6.200000,0.000000,1600,1700,1800,1900,2000,2200,2300,2800,3200,3200,3200,208,0,1600,1529.9918850992422,200.42470004409552,3165.543800103478,703.7980769230769
1785350786,17,,Aggregated,6.500000,0.000000,1600,1700,1900,1900,2100,2300,2800,2800,3200,3200,3200,216,0,1600,1560.3682907434024,200.42470004409552,3165.543800103478,708.4444444444445
1785350787,18,,Aggregated,6.400000,0.000000,1600,1700,1900,1900,2200,2300,2800,3100,3200,3200,3200,220,0,1600,1575.545657729857,200.42470004409552,3165.543800103478,710.6545454545454
1785350788,19,,Aggregated,6.100000,0.000000,1600,1800,1900,1900,2200,2800,3100,3100,3900,3900,3900,228,0,1600,1614.7871333355158,200.42470004409552,3857.62440005783,704.6140350877193
1785350789,20,,Aggregated,6.000000,0.000000,1700,1800,1900,2000,2300,2900,3100,3100,3900,3900,3900,235,0,1700,1643.7324642570334,200.42470004409552,3857.62440005783,701.9744680851064
1785350790,20,,Aggregated,6.100000,0.000000,1700,1800,1900,2000,2300,2900,3100,3100,3900,3900,3900,241,0,1700,1649.9919572630627,39.45130005013198,3857.62440005783,702.3734439834025
1785350791,20,,Aggregated,6.300000,0.000000,1700,1800,1900,2000,2800,2900,3200,3300,3900,3900,3900,248,0,1700,1685.3506096780502,39.45130005013198,3857.62440005783,705.9758064516129
1785350792,20,,Aggregated,6.400000,0.000000,1700,1900,2000,2100,2800,3100,3300,3800,4800,4800,4800,257,0,1700,1730.951455642346,39.45130005013198,4806.422199937515,704.5291828793775
1785350793,20,,Aggregated,6.200000,0.000000,1700,1900,2000,2200,2800,3100,3500,3800,4800,4800,4800,260,0,1700,1744.5937207694021,39.45130005013198,4806.422199937515,705.9769230769231
1785350794,20,,Aggregated,6.300000,0.000000,1700,1900,2000,2200,2900,3100,3800,4000,4800,4800,4800,267,0,1700,1781.5682895124928,39.45130005013198,4806.422199937515,706.1198501872659
1785350795,20,,Aggregated,6.700000,0.000000,1700,1900,2100,2300,2900,3200,3900,4200,4800,4800,4800,273,0,1700,1814.1726153841303,39.45130005013198,4806.422199937515,702.7619047619048
1785350796,20,,Aggregated,6.200000,0.000000,1700,1900,2200,2400,2900,3500,4000,4200,4800,4800,4800,278,0,1700,1844.49190791301,39.45130005013198,4806.422199937515,705.0323741007194
1785350797,20,,Aggregated,6.200000,0.000000,1700,1900,2200,2400,2900,3700,4000,4200,5100,5100,5100,283,0,1700,1862.1892275616967,39.45130005013198,5144.078099983744,704.3074204946996
1785350798,20,,Aggregated,6.500000,0.000000,1700,1900,2300,2600,3100,3800,4000,4200,5100,5100,5100,292,0,1700,1898.3589308216772,39.45130005013198,5144.078099983744,703.6267123287671
1785350799,20,,Aggregated,6.300000,0.000000,1700,2000,2300,2600,3100,3800,4200,4800,5100,5100,5100,301,0,1700,1930.8480684389438,39.45130005013198,5144.078099983744,707.3887043189369
1785350800,20,,Aggregated,6.400000,0.000000,1700,2000,2400,2700,3200,3800,4200,4800,5100,5100,5100,306,0,1700,1948.4413970589753,39.45130005013198,5144.078099983744,703.9673202614379
1785350801,20,,Aggregated,6.500000,0.000000,1800,2000,2400,2700,3500,3800,4200,4800,5100,5100,5100,312,0,1700,1975.6907852570293,39.45130005013198,5144.078099983744,706.375
1785350802,20,,Aggregated,6.400000,0.000000,1800,2100,2500,2800,3600,3800,4200,4800,5100,5100,5100,318,0,1800,1996.7730465416837,39.45130005013198,5144.078099983744,708.6918238993711
1785350803,20,,Aggregated,6.300000,0.000000,1800,2100,2500,2800,3700,3900,4200,4800,5100,5100,5100,324,0,1800,2027.7526074086954,39.45130005013198,5144.078099983744,708.3611111111111
1785350804,20,,Aggregated,6.300000,0.000000,1800,2200,2600,2800,3700,3900,4200,4800,5100,5100,5100,331,0,1800,2038.7594120860454,39.45130005013198,5144.078099983744,708.9154078549849
1785350805,20,,Aggregated,6.100000,0.000000,1800,2300,2600,2900,3700,3900,4200,5000,5200,5200,5200,338,0,1800,2069.1710473389567,39.45130005013198,5241.625300026499,711.4082840236687
1785350806,20,,Aggregated,6.400000,0.000000,1800,2300,2800,2900,3800,3900,4300,5000,5200,5200,5200,344,0,1800,2094.319474710785,39.45130005013198,5241.625300026499,709.1366279069767
1785350807,20,,Aggregated,6.300000,0.000000,1800,2300,2800,2900,3800,3900,4300,5000,5200,5200,5200,350,0,1800,2107.923300572937,39.45130005013198,5241.625300026499,708.8228571428572
1785350809,20,,Aggregated,6.400000,0.000000,1800,2400,2800,2900,3800,3900,4300,5000,5200,5200,5200,354,0,1800,2119.700479380047,39.45130005013198,5241.625300026499,707.8474576271186
1785350810,20,,Aggregated,6.500000,0.000000,1900,2400,2800,2900,3800,4000,4300,5000,5200,5200,5200,361,0,1900,2149.0855268709015,39.45130005013198,5241.625300026499,706.0941828254847
1785350811,20,,Aggregated,6.400000,0.000000,1900,2500,2800,2900,3800,4100,4300,5000,5200,5200,5200,369,0,1900,2170.19627696543,39.45130005013198,5241.625300026499,706.9972899728997
1785350812,20,,Aggregated,6.000000,0.000000,1900,2500,2800,2900,3800,4100,4300,5000,5200,5200,5200,374,0,1900,2184.7193419792,39.45130005013198,5241.625300026499,708.6283422459893
1785350813,20,,Aggregated,6.000000,0.000000,1900,2600,2800,2900,3900,4100,4400,5000,5300,5300,5300,382,0,1900,2198.7116256550794,39.45130005013198,5346.784500055946,707.2748691099476
1785350814,20,,Aggregated,6.300000,0.000000,1900,2600,2800,2900,3900,4100,4400,5000,5300,5300,5300,387,0,1900,2208.374073126688,39.45130005013198,5346.784500055946,704.5710594315245
1785350815,20,,Aggregated,6.200000,0.000000,1900,2600,2800,3000,3900,4100,4400,5000,5300,5300,5300,394,0,1900,2229.575520558909,39.45130005013198,5346.784500055946,705.1294416243654
1785350816,20,,Aggregated,6.400000,0.000000,1900,2700,2800,3000,3900,4100,4300,5000,5300,5300,5300,401,0,1900,2243.518690524351,39.45130005013198,5346.784500055946,705.2269326683291
1785350817,20,,Aggregated,6.200000,0.000000,1900,2700,2800,3000,3900,4100,4300,5000,5300,5300,5300,407,0,1900,2256.5185759220553,39.45130005013198,5346.784500055946,707.0540540540541
1785350818,20,,Aggregated,6.300000,0.000000,2000,2700,2800,3000,3900,4100,4300,5000,5300,5300,5300,414,0,2000,2267.719265218073,39.45130005013198,5346.784500055946,709.1207729468599
1785350819,20,,Aggregated,6.300000,0.000000,2000,2700,2800,3000,3900,4100,4300,5000,5300,5300,5300,421,0,2000,2281.5531731592578,39.45130005013198,5346.784500055946,709.5676959619952
1785350820,20,,Aggregated,6.300000,0.000000,2100,2700,2900,3100,3900,4100,4300,5000,5300,5300,5300,428,0,2000,2297.9396434577516,39.45130005013198,5346.784500055946,709.5841121495328
1785350821,20,,Aggregated,6.600000,0.000000,2100,2700,2900,3100,3900,4100,4300,5000,5300,5300,5300,433,0,2100,2300.930974826778,39.45130005013198,5346.784500055946,709.3856812933026
1785350822,20,,Aggregated,6.500000,0.000000,2100,2700,2900,3100,3900,4100,4300,5000,5300,5300,5300,440,0,2100,2316.8332097731763,39.45130005013198,5346.784500055946,709.3159090909091
1785350823,20,,Aggregated,6.300000,0.000000,2200,2700,2900,3200,3900,4100,4300,5000,5300,5300,5300,446,0,2200,2334.4547569513165,39.45130005013198,5346.784500055946,710.8340807174887
1785350824,20,,Aggregated,6.500000,0.000000,2200,2700,2900,3300,3900,4100,4300,5000,5300,5300,5300,453,0,2200,2341.796373510548,39.45130005013198,5346.784500055946,712.5673289183223
1785350825,20,,Aggregated,6.300000,0.000000,2200,2700,2900,3500,3900,4100,4300,5000,5300,5300,5300,460,0,2200,2341.7092871745926,39.45130005013198,5346.784500055946,711.4195652173913
1785350826,20,,Aggregated,6.300000,0.000000,2300,2700,2900,3600,3900,4100,4300,5000,5300,5300,5300,468,0,2300,2346.0715978635717,39.45130005013198,5346.784500055946,709.1025641025641
1785350827,20,,Aggregated,6.500000,0.000000,2300,2800,2900,3600,3900,4100,4300,5000,5300,5300,5300,476,0,2300,2353.967396008534,39.45130005013198,5346.784500055946,709.6344537815127
1785350828,20,,Aggregated,6.700000,0.000000,2300,2800,2900,3600,3900,4100,4300,5000,5300,5300,5300,483,0,2300,2363.2921565222355,39.45130005013198,5346.784500055946,708.5652173913044
1785350829,20,,Aggregated,6.900000,0.000000,2300,2800,2900,3600,3900,4100,4300,5000,5300,5300,5300,489,0,2300,2368.734616155837,39.45130005013198,5346.784500055946,709.959100204499
1785350830,20,,Aggregated,6.900000,0.000000,2300,2800,3000,3500,3900,4100,4300,5000,5300,5300,5300,497,0,2300,2373.6311183100233,39.45130005013198,5346.784500055946,708.7907444668008
1785350831,20,,Aggregated,6.800000,0.000000,2400,2800,3000,3500,3900,4100,4300,4800,5300,5300,5300,504,0,2400,2384.48622301572,39.45130005013198,5346.784500055946,709.0992063492064
1785350832,20,,Aggregated,6.900000,0.000000,2400,2800,3100,3500,3900,4100,4300,4800,5300,5300,5300,508,0,2400,2391.426300984032,39.45130005013198,5346.784500055946,708.3956692913385
1785350833,20,,Aggregated,7.000000,0.000000,2400,2800,3100,3500,3900,4100,4300,4800,5300,5300,5300,516,0,2400,2400.1524585270768,39.45130005013198,5346.784500055946,710.2403100775193
1785350834,20,,Aggregated,6.800000,0.000000,2400,2800,3100,3500,3900,4100,4300,4800,5300,5300,5300,521,0,2400,2404.443021688964,39.45130005013198,5346.784500055946,708.5220729366603
1785350835,20,,Aggregated,7.000000,0.000000,2400,2800,3200,3600,3900,4100,4400,4900,5300,5300,5300,533,0,2400,2413.328147091637,38.70219993405044,5346.784500055946,709.9493433395872
1785350836,20,,Aggregated,7.000000,0.000000,2400,2800,3200,3600,3900,4100,4400,4900,5300,5300,5300,537,0,2400,2416.8125769083113,38.70219993405044,5346.784500055946,709.2811918063314
1785350837,20,,Aggregated,7.000000,0.000000,2400,2800,3200,3600,3900,4100,4400,4900,5300,5300,5300,542,0,2400,2423.7969424347893,38.70219993405044,5346.784500055946,707.6457564575646
1785350838,20,,Aggregated,7.000000,0.000000,2500,2800,3200,3600,3900,4100,4400,4900,5300,5300,5300,549,0,2500,2422.511517485639,38.70219993405044,5346.784500055946,707.992714025501
1785350839,20,,Aggregated,6.500000,0.000000,2500,2800,3300,3600,3900,4100,4300,4900,5300,5300,5300,555,0,2500,2429.8607655849123,38.70219993405044,5346.784500055946,708.1063063063064
1785350840,20,,Aggregated,6.700000,0.000000,2500,2800,3300,3700,3900,4100,4300,4900,5300,5300,5300,564,0,2500,2441.3112409568494,38.70219993405044,5346.784500055946,708.8723404255319
1785350841,20,,Aggregated,6.600000,0.000000,2500,2800,3300,3700,3900,4100,4400,5000,5300,5300,5300,568,0,2500,2447.1846167248195,38.70219993405044,5346.784500055946,706.7957746478874
1785350842,20,,Aggregated,6.700000,0.000000,2500,2800,3400,3700,3900,4100,4400,5000,5300,5300,5300,576,0,2500,2456.62640989556,38.70219993405044,5346.784500055946,707.3524305555555
1785350843,20,,Aggregated,6.500000,0.000000,2500,2800,3400,3700,3900,4100,4400,5000,5300,5300,5300,582,0,2500,2466.3363395185174,38.70219993405044,5346.784500055946,708.5807560137457
1785350844,20,,Aggregated,6.700000,0.000000,2500,2800,3400,3700,3900,4100,4400,5000,5300,5300,5300,589,0,2500,2464.9626235991514,38.70219993405044,5346.784500055946,707.7657045840407
1785350845,20,,Aggregated,6.600000,0.000000,2500,2800,3400,3700,3900,4100,4400,5000,5300,5300,5300,596,0,2500,2475.2821909393037,38.70219993405044,5346.784500055946,709.1828859060403
1785350846,20,,Aggregated,6.700000,0.000000,2500,2800,3400,3700,3900,4100,4400,4900,5300,5300,5300,602,0,2500,2477.697814451577,38.70219993405044,5346.784500055946,710.3604651162791
1785350847,20,,Aggregated,6.600000,0.000000,2500,2800,3400,3700,3900,4100,4500,5000,5600,5600,5600,610,0,2500,2485.8495619667115,38.70219993405044,5608.742600074038,710.8393442622951
1785350848,20,,Aggregated,6.300000,0.000000,2500,2900,3400,3700,3900,4100,4500,5000,5600,5600,5600,614,0,2500,2490.7876216605114,38.70219993405044,5608.742600074038,709.1889250814332
1785350849,20,,Aggregated,6.600000,0.000000,2500,2900,3400,3700,3900,4100,4500,5000,5600,5600,5600,625,0,2500,2495.978963839449,38.70219993405044,5608.742600074038,709.1952
1785350850,20,,Aggregated,6.400000,0.000000,2500,2900,3400,3600,3900,4100,4500,5000,5600,5600,5600,632,0,2500,2492.8267117084265,38.29199995379895,5608.742600074038,708.1629746835443
1785350851,20,,Aggregated,6.800000,0.000000,2500,2900,3400,3600,3900,4100,4500,5000,5600,5600,5600,637,0,2500,2487.2074828881937,38.29199995379895,5608.742600074038,708.0596546310832
1785350852,20,,Aggregated,6.700000,0.000000,2500,2900,3500,3700,3900,4100,4800,5000,5900,5900,5900,645,0,2500,2504.7656099221763,38.29199995379895,5861.937600071542,709.5643410852713
1785350853,20,,Aggregated,6.800000,0.000000,2500,2900,3500,3700,3900,4100,4500,5000,5900,5900,5900,652,0,2500,2503.1974243862196,38.29199995379895,5861.937600071542,709.5812883435583
1785350854,20,,Aggregated,6.800000,0.000000,2500,2900,3500,3700,3900,4100,4800,5000,5900,5900,5900,659,0,2500,2506.673995447303,38.29199995379895,5861.937600071542,709.8467374810318
1785350855,20,,Aggregated,7.000000,0.000000,2500,2900,3500,3700,3900,4100,4800,5000,5900,5900,5900,667,0,2500,2501.232910494465,37.1937999734655,5861.937600071542,709.311844077961
1785350856,20,,Aggregated,7.000000,0.000000,2500,2900,3500,3700,3900,4100,4800,5000,5900,5900,5900,673,0,2500,2499.1496821689348,37.1937999734655,5861.937600071542,709.3893016344725
1785350857,20,,Aggregated,6.900000,0.000000,2500,2900,3500,3700,3900,4100,4800,5100,6000,6000,6000,681,0,2500,2510.9733550656497,37.1937999734655,5986.151300021447,709.8311306901616
1785350858,20,,Aggregated,7.000000,0.000000,2500,2900,3500,3700,3900,4100,4800,5100,6000,6000,6000,686,0,2500,2513.6079797373595,37.1937999734655,5986.151300021447,709.4839650145773
1785350859,20,,Aggregated,7.100000,0.000000,2500,2900,3500,3700,3900,4200,4800,5100,6000,6000,6000,693,0,2500,2518.7204099567016,37.1937999734655,5986.151300021447,709.4935064935065
1785350860,20,,Aggregated,7.100000,0.000000,2600,2900,3500,3700,3900,4200,4800,5100,6000,6000,6000,698,0,2500,2526.4281706304428,37.1937999734655,5986.151300021447,710.3381088825215
1785350861,20,,Aggregated,7.000000,0.000000,2600,2900,3500,3700,3900,4200,4800,5000,6000,6000,6000,704,0,2600,2527.681064914842,37.1937999734655,5986.151300021447,710.15625
1785350862,20,,Aggregated,6.700000,0.000000,2600,2900,3500,3700,3900,4200,4800,5000,6000,6000,6000,712,0,2600,2535.722594522463,37.1937999734655,5986.151300021447,710.5477528089888
1785350863,20,,Aggregated,6.700000,0.000000,2600,2900,3500,3700,3900,4200,4800,5000,6000,6000,6000,721,0,2600,2544.0536259360942,37.1937999734655,5986.151300021447,711.9819694868238
1785350864,20,,Aggregated,6.900000,0.000000,2600,3000,3500,3700,3900,4200,4800,5000,6000,6000,6000,728,0,2600,2542.598708928371,37.1937999734655,5986.151300021447,712.1785714285714
1785350865,20,,Aggregated,6.500000,0.000000,2600,3000,3500,3700,3900,4200,4800,5000,6000,6000,6000,733,0,2600,2542.9005590721704,37.1937999734655,5986.151300021447,711.8212824010914
1785350866,20,,Aggregated,6.800000,0.000000,2600,3000,3500,3700,3900,4200,4800,5000,6000,6000,6000,739,0,2600,2547.8165396479753,37.1937999734655,5986.151300021447,712.7537212449256
1785350867,20,,Aggregated,6.700000,0.000000,2600,3100,3500,3700,3900,4200,4800,5000,6000,6000,6000,744,0,2600,2552.2630607524025,37.1937999734655,5986.151300021447,712.4072580645161
1785350868,20,,Aggregated,6.600000,0.000000,2600,3100,3500,3700,3900,4200,4800,5000,6000,6000,6000,752,0,2600,2559.454048403998,37.1937999734655,5986.151300021447,711.6515957446809
1785350869,20,,Aggregated,6.500000,0.000000,2600,3200,3500,3700,3900,4200,4800,5000,6000,6000,6000,757,0,2600,2564.9379040948097,37.1937999734655,5986.151300021447,711.334214002642
1785350870,20,,Aggregated,6.500000,0.000000,2600,3200,3500,3700,3900,4200,4800,5100,6700,6700,6700,764,0,2600,2574.3487959421977,37.1937999734655,6685.2310000685975,711.3193717277487
1785350871,21,,Aggregated,6.200000,0.000000,2600,3200,3500,3700,3900,4200,4800,5100,6700,6700,6700,771,0,2600,2580.627424254091,37.1937999734655,6685.2310000685975,712.390402075227
1785350872,22,,Aggregated,6.400000,0.000000,2600,3300,3500,3700,3900,4200,4800,5100,6700,6700,6700,780,0,2600,2575.1002487174283,37.1937999734655,6685.2310000685975,710.1461538461539
1785350873,23,,Aggregated,6.600000,0.000000,2600,3200,3500,3600,3900,4200,4800,5100,6700,6700,6700,790,0,2600,2567.944466834888,37.1937999734655,6685.2310000685975,708.0962025316455
1785350874,24,,Aggregated,6.300000,0.000000,2600,3200,3500,3600,3900,4200,4800,5000,6700,6700,6700,804,0,2600,2554.678668780745,37.1937999734655,6685.2310000685975,705.2910447761194
1785350875,25,,Aggregated,7.000000,0.000000,2600,3200,3500,3600,3900,4200,4800,5000,6700,6700,6700,814,0,2600,2545.7023925059852,37.1937999734655,6685.2310000685975,701.9717444717445
1785350876,26,,Aggregated,7.300000,0.000000,2600,3100,3500,3600,3900,4200,4800,5000,6700,6700,6700,825,0,2600,2533.1530667879533,37.1937999734655,6685.2310000685975,698.6787878787878
1785350877,27,,Aggregated,7.800000,0.000000,2600,3100,3500,3600,3900,4200,4800,5000,6700,6700,6700,834,0,2600,2525.4227643887284,37.116700084879994,6685.2310000685975,696.9184652278177
1785350878,28,,Aggregated,8.300000,0.000000,2600,3100,3500,3600,3900,4200,4800,5000,6700,6700,6700,841,0,2600,2526.7297526754774,37.116700084879994,6685.2310000685975,694.8965517241379
1785350879,29,,Aggregated,8.500000,0.000000,2600,3100,3500,3600,3900,4200,4800,5000,6700,6700,6700,858,0,2600,2510.4332369465124,37.116700084879994,6685.2310000685975,689.4627039627039
1785350880,30,,Aggregated,8.700000,0.000000,2600,3100,3500,3600,3900,4200,4800,5000,6700,6700,6700,871,0,2600,2504.9778652123746,37.116700084879994,6685.2310000685975,685.1044776119403
1785350881,31,,Aggregated,9.400000,0.000000,2600,3100,3500,3600,3900,4200,4800,5000,6700,6700,6700,881,0,2600,2495.674626900953,37.116700084879994,6685.2310000685975,682.22247446084
1785350882,32,,Aggregated,10.400000,0.000000,2600,3100,3500,3600,3900,4200,4800,5100,6700,6700,6700,892,0,2600,2490.1749044839466,37.116700084879994,6685.2310000685975,679.1558295964126
1785350883,33,,Aggregated,10.600000,0.000000,2600,3100,3500,3600,3900,4200,4800,5000,6700,6700,6700,903,0,2600,2484.3893399774606,37.116700084879994,6685.2310000685975,676.5825027685493
1785350884,34,,Aggregated,11.100000,0.000000,2600,3100,3500,3600,3900,4200,4800,5000,6700,6700,6700,912,0,2600,2479.231924670769,37.116700084879994,6685.2310000685975,674.453947368421
1785350885,35,,Aggregated,11.200000,0.000000,2600,3100,3500,3600,3900,4300,4900,5200,6700,6700,6700,926,0,2600,2479.420556154778,37.116700084879994,6685.2310000685975,669.6717062634989
1785350886,36,,Aggregated,10.800000,0.000000,2600,3100,3500,3600,3900,4300,4900,5200,6700,6700,6700,943,0,2600,2468.962835524259,37.116700084879994,6685.2310000685975,666.9077412513255
1785350887,37,,Aggregated,10.800000,0.000000,2600,3200,3500,3600,4000,4400,4900,5200,6700,6700,6700,949,0,2600,2467.990851737814,37.116700084879994,6685.2310000685975,664.2834562697576
1785350888,38,,Aggregated,11.500000,0.000000,2600,3200,3500,3600,4000,4400,4900,5300,6700,6700,6700,961,0,2600,2472.1970546299654,37.116700084879994,6685.2310000685975,660.4932362122789
1785350889,39,,Aggregated,11.700000,0.000000,2600,3200,3500,3600,4000,4500,4900,5300,6700,6700,6700,978,0,2600,2473.0421922287233,37.116700084879994,6685.2310000685975,655.3149284253578
1785350890,40,,Aggregated,11.700000,0.000000,2600,3200,3500,3600,4000,4500,4900,5300,6700,6700,6700,985,0,2600,2462.628411370339,37.116700084879994,6685.2310000685975,653.1817258883249
1785350891,40,,Aggregated,12.000000,0.000000,2600,3200,3500,3600,4000,4500,5000,5400,6700,6700,6700,993,0,2600,2461.069900402635,37.116700084879994,6685.2310000685975,650.9466263846929
1785350892,40,,Aggregated,12.000000,0.000000,2600,3200,3500,3700,4000,4600,5000,5700,6700,7100,7100,1004,0,2600,2462.631178187277,37.116700084879994,7115.8974000718445,649.6225099601594
1785350893,40,,Aggregated,11.400000,0.000000,2600,3200,3500,3700,4000,4600,5300,6000,7400,7600,7600,1017,0,2600,2481.7392262538588,37.116700084879994,7580.984200001694,647.8593903638151
1785350894,40,,Aggregated,11.100000,0.000000,2600,3200,3500,3700,4000,4700,5600,6000,7400,7600,7600,1022,0,2600,2492.120869961087,37.116700084879994,7580.984200001694,647.2945205479452
1785350895,40,,Aggregated,11.100000,0.000000,2600,3200,3500,3700,4100,4700,5700,6100,7800,8200,8200,1032,0,2600,2500.652220446026,37.116700084879994,8179.790399968624,644.4186046511628
1785350896,40,,Aggregated,11.100000,0.000000,2600,3200,3500,3700,4100,4800,5800,6500,8000,8200,8200,1046,0,2600,2510.0820593694607,37.116700084879994,8179.790399968624,642.4933078393882
1785350897,40,,Aggregated,10.900000,0.000000,2600,3200,3500,3700,4100,4800,5900,6500,8000,8200,8200,1055,0,2600,2518.4793508060993,37.116700084879994,8179.790399968624,641.2710900473934
1785350898,40,,Aggregated,10.100000,0.000000,2600,3300,3500,3700,4200,4800,6000,6700,8200,9800,9800,1061,0,2600,2530.682176814575,37.116700084879994,9788.22579991538,640.4778510838831
1785350899,40,,Aggregated,10.400000,0.000000,2600,3300,3600,3700,4200,4900,6100,7200,9800,10000,10000,1073,0,2600,2545.8651969247503,37.116700084879994,10098.588799941353,638.8993476234856
1785350900,40,,Aggregated,10.400000,0.000000,2600,3300,3600,3700,4200,5000,6200,7400,10000,10000,10000,1090,0,2600,2566.452624036828,37.116700084879994,10264.335100073367,637.6293577981652
1785350901,40,,Aggregated,9.900000,0.000000,2600,3300,3600,3800,4300,5200,6200,7400,10000,10000,10000,1104,0,2600,2570.140162771787,37.116700084879994,10264.335100073367,635.8786231884058
1785350902,40,,Aggregated,9.200000,0.000000,2600,3300,3600,3800,4300,5300,6200,7400,10000,10000,10000,1116,0,2600,2565.1408840502,37.116700084879994,10264.335100073367,632.3413978494624
1785350903,40,,Aggregated,10.400000,0.000000,2600,3300,3600,3800,4300,5300,6200,7400,10000,10000,10000,1125,0,2600,2561.998507733353,37.116700084879994,10264.335100073367,630.0995555555555
1785350904,40,,Aggregated,11.000000,0.000000,2600,3300,3600,3800,4400,5600,6400,7600,10000,10000,10000,1141,0,2600,2575.3591786154834,37.116700084879994,10264.335100073367,628.2646801051709
1785350905,40,,Aggregated,10.800000,0.000000,2600,3300,3600,3800,4400,5600,6400,7600,10000,10000,10000,1149,0,2600,2574.263206701843,37.116700084879994,10264.335100073367,626.082680591819
1785350906,40,,Aggregated,11.000000,0.000000,2600,3300,3600,3800,4400,5700,6400,7600,10000,10000,10000,1160,0,2600,2575.272082155651,37.116700084879994,10264.335100073367,625.7301724137931
1785350907,40,,Aggregated,11.700000,0.000000,2600,3300,3600,3800,4400,5700,6500,7700,10000,10000,10000,1171,0,2600,2579.0687329635894,37.116700084879994,10264.335100073367,624.8300597779676
1785350908,40,,Aggregated,11.900000,0.000000,2600,3300,3600,3800,4500,5800,6500,7700,10000,10000,10000,1179,0,2600,2583.650196438175,37.116700084879994,10264.335100073367,623.2832909245122
1785350909,40,,Aggregated,11.400000,0.000000,2600,3300,3700,3800,4600,5800,6500,7700,10000,10000,10000,1193,0,2600,2605.693090696525,37.116700084879994,10264.335100073367,623.5020955574183
1785350910,40,,Aggregated,11.500000,0.000000,2600,3300,3700,3800,4600,5800,6700,7800,10000,11000,11000,1204,0,2600,2615.018427243574,37.116700084879994,11270.470699993894,621.5473421926911
1785350911,40,,Aggregated,11.700000,0.000000,2600,3300,3700,3800,4700,5900,7100,7900,10000,11000,11000,1214,0,2600,2627.4993454707023,37.116700084879994,11270.470699993894,620.4011532125206
1785350912,40,,Aggregated,12.000000,0.000000,2600,3300,3700,3900,4700,5900,7200,7900,10000,11000,11000,1227,0,2600,2624.716295844863,37.024399964138865,11270.470699993894,617.4979625101874
1785350913,40,,Aggregated,11.300000,0.000000,2600,3400,3700,3900,4800,5900,7200,7900,10000,11000,11000,1238,0,2600,2623.848880857725,37.00670006219298,11270.470699993894,614.4628432956381
1785350914,40,,Aggregated,11.200000,0.000000,2600,3400,3700,3900,4800,5900,7300,7900,10000,11000,11000,1247,0,2600,2626.419728870635,37.00670006219298,11270.470699993894,612.8331996792301
1785350915,40,,Aggregated,11.200000,0.000000,2600,3400,3700,3900,4800,5900,7200,7900,10000,11000,11000,1259,0,2600,2630.836499763288,37.00670006219298,11270.470699993894,611.758538522637
1785350916,40,,Aggregated,11.200000,0.000000,2600,3400,3700,3900,4800,6000,7400,7900,10000,11000,11000,1276,0,2600,2643.5447853465666,37.00670006219298,11270.470699993894,611.0478056426332
1785350917,40,,Aggregated,10.500000,0.000000,2600,3400,3700,3900,4900,6000,7500,7900,10000,11000,11000,1289,0,2600,2652.173519706844,37.00670006219298,11270.470699993894,610.178432893716
1785350918,40,,Aggregated,10.500000,0.000000,2600,3400,3700,3900,4900,6000,7400,7900,10000,11000,11000,1303,0,2600,2643.326469379887,37.00670006219298,11270.470699993894,607.3545663852648
1785350919,40,,Aggregated,11.500000,0.000000,2600,3400,3700,3900,4900,6000,7400,7900,10000,11000,11000,1316,0,2600,2640.382479560826,37.00670006219298,11270.470699993894,605.4164133738602
1785350920,40,,Aggregated,12.200000,0.000000,2600,3400,3700,3900,5000,6000,7400,7900,10000,11000,11000,1324,0,2600,2646.2887592915813,37.00670006219298,11270.470699993894,604.7681268882175
1785350921,40,,Aggregated,12.000000,0.000000,2600,3400,3800,3900,5000,6000,7400,7900,10000,11000,11000,1335,0,2600,2643.633806143891,37.00670006219298,11270.470699993894,603.6524344569289
1785350922,40,,Aggregated,12.100000,0.000000,2600,3400,3800,3900,5000,6000,7400,7900,10000,11000,11000,1343,0,2600,2646.3964646331942,37.00670006219298,11270.470699993894,602.9054355919583
1785350923,40,,Aggregated,12.100000,0.000000,2600,3400,3800,3900,5000,6100,7400,7900,10000,11000,11000,1354,0,2600,2657.1125825720032,37.00670006219298,11270.470699993894,602.3064992614476
1785350924,40,,Aggregated,11.700000,0.000000,2600,3400,3800,4000,5000,6100,7500,7900,10000,11000,11000,1361,0,2600,2661.09465143476,36.8900999892503,11270.470699993894,602.0198383541514
1785350925,40,,Aggregated,11.800000,0.000000,2600,3400,3800,4000,5200,6100,7600,8000,10000,11000,11000,1377,0,2600,2672.579238999729,36.8900999892503,11270.470699993894,601.1786492374728
1785350926,40,,Aggregated,11.600000,0.000000,2600,3400,3800,4000,5500,6100,7600,8000,10000,11000,11000,1390,0,2600,2677.0175511529164,36.8900999892503,11270.470699993894,599.5172661870504
1785350927,40,,Aggregated,11.400000,0.000000,2600,3400,3800,4000,5500,6200,7600,8000,10000,11000,11000,1403,0,2600,2677.5073035656164,36.65469994302839,11270.470699993894,597.0577334283678
1785350928,40,,Aggregated,11.900000,0.000000,2700,3500,3800,4000,5600,6200,7600,8000,10000,11000,11000,1412,0,2600,2683.3280138828873,36.65469994302839,11270.470699993894,595.2733711048159
1785350929,40,,Aggregated,11.200000,0.000000,2700,3500,3800,4000,5600,6200,7700,8200,10000,11000,11000,1425,0,2700,2690.418381966781,36.65469994302839,11270.470699993894,595.0933333333334
1785350930,40,,Aggregated,11.000000,0.000000,2700,3500,3800,4000,5600,6200,7700,8200,10000,11000,11000,1440,0,2700,2696.4799139601787,36.65469994302839,11270.470699993894,593.7590277777778
1785350931,40,,Aggregated,10.900000,0.000000,2700,3500,3800,4000,5600,6200,7700,8200,10000,11000,11000,1454,0,2700,2692.1841578421654,36.65469994302839,11270.470699993894,592.4057771664374
1785350932,40,,Aggregated,10.900000,0.000000,2700,3500,3800,4000,5600,6200,7700,8200,10000,11000,11000,1464,0,2700,2691.754932993469,36.65469994302839,11270.470699993894,591.3162568306011
1785350933,40,,Aggregated,11.500000,0.000000,2700,3500,3800,4000,5600,6200,7700,8200,10000,11000,11000,1475,0,2700,2689.5105994593796,36.65469994302839,11270.470699993894,590.2901694915254
1785350934,40,,Aggregated,12.000000,0.000000,2700,3500,3800,4000,5700,6200,7700,8200,10000,11000,11000,1484,0,2700,2687.559298047453,36.65469994302839,11270.470699993894,589.5269541778976
1785350935,40,,Aggregated,11.900000,0.000000,2600,3500,3800,4000,5700,6200,7700,8200,10000,11000,11000,1496,0,2600,2682.902201672737,36.64259996730834,11270.470699993894,588.3529411764706
1785350936,40,,Aggregated,12.000000,0.000000,2700,3500,3900,4000,5700,6200,7700,8000,10000,11000,11000,1506,0,2600,2689.286161223312,36.64259996730834,11270.470699993894,588.2038512616202
1785350937,40,,Aggregated,12.200000,0.000000,2700,3500,3900,4100,5700,6300,7700,8200,10000,11000,11000,1523,0,2700,2709.1942924505634,36.64259996730834,11270.470699993894,587.327642810243
1785350938,40,,Aggregated,11.800000,0.000000,2700,3500,3900,4100,5700,6400,7700,8200,10000,11000,11000,1535,0,2700,2706.0082754412215,36.64259996730834,11270.470699993894,585.6742671009772
1785350939,40,,Aggregated,11.700000,0.000000,2700,3500,3900,4100,5800,6400,7700,8200,10000,11000,11000,1551,0,2700,2703.9005250823434,36.64259996730834,11270.470699993894,583.9387491940684
1785350940,40,,Aggregated,11.900000,0.000000,2600,3500,3900,4100,5800,6400,7700,8200,10000,11000,11000,1565,0,2600,2692.79578626379,36.64259996730834,11270.470699993894,581.0741214057508
1785350941,40,,Aggregated,12.300000,0.000000,2600,3500,3900,4100,5800,6400,7700,8200,10000,11000,11000,1579,0,2600,2690.5540038649133,36.64259996730834,11270.470699993894,579.8068397720076
1785350942,40,,Aggregated,12.600000,0.000000,2700,3500,3900,4100,5800,6400,7700,8400,10000,11000,11000,1591,0,2700,2696.9001201776955,36.64259996730834,11270.470699993894,578.661847894406
1785350943,40,,Aggregated,12.400000,0.000000,2700,3500,3900,4100,5800,6400,7700,8200,10000,11000,11000,1602,0,2700,2701.1348593651755,36.64259996730834,11270.470699993894,577.3851435705368
1785350945,40,,Aggregated,12.400000,0.000000,2700,3500,3900,4100,5800,6400,7700,8200,10000,11000,11000,1611,0,2700,2701.5773721929863,36.64259996730834,11270.470699993894,576.5226567349472
1785350946,40,,Aggregated,12.500000,0.000000,2700,3500,3900,4100,5800,6400,7700,8400,10000,11000,11000,1625,0,2700,2702.8729985863542,36.64259996730834,11270.470699993894,574.9193846153846
1785350947,40,,Aggregated,12.700000,0.000000,2700,3600,3900,4100,5800,6400,7700,8400,10000,11000,11000,1636,0,2700,2708.0263392437614,36.64259996730834,11270.470699993894,574.8930317848411
1785350948,40,,Aggregated,12.700000,0.000000,2700,3600,3900,4100,5800,6400,7700,8400,10000,11000,11000,1647,0,2700,2704.0486918049414,36.64259996730834,11270.470699993894,574.1778992106861
1785350949,40,,Aggregated,12.900000,0.000000,2700,3600,3900,4200,5800,6400,7700,8400,10000,11000,11000,1658,0,2600,2702.8114772030317,36.64259996730834,11270.470699993894,572.5753920386007
1785350950,40,,Aggregated,12.900000,0.000000,2700,3600,3900,4200,5800,6400,7700,8400,10000,11000,11000,1666,0,2600,2701.4240965803097,36.64259996730834,11270.470699993894,571.7160864345739
1785350951,40,,Aggregated,12.200000,0.000000,2700,3600,3900,4200,5800,6400,7700,8400,10000,11000,11000,1682,0,2700,2712.3822079683923,36.64259996730834,11270.470699993894,570.1337693222355
1785350952,40,,Aggregated,12.200000,0.000000,2700,3600,3900,4200,5800,6400,7800,8500,11000,11000,11000,1694,0,2700,2717.2827223157637,36.64259996730834,11419.256999972276,570.0230224321133
1785350953,40,,Aggregated,11.600000,0.000000,2700,3600,3900,4200,5800,6400,7800,8500,11000,11000,11000,1710,0,2700,2716.869379826263,36.64259996730834,11419.256999972276,569.3508771929825
1785350954,40,,Aggregated,11.500000,0.000000,2700,3600,3900,4200,5800,6400,7800,8600,11000,11000,11000,1723,0,2700,2716.968314511241,36.64259996730834,11419.256999972276,568.6256529309344
1785350955,40,,Aggregated,11.500000,0.000000,2700,3600,3900,4200,5800,6400,7800,8600,11000,11000,11000,1728,0,2700,2717.1803289367945,36.64259996730834,11419.256999972276,567.7528935185185
1785350956,40,,Aggregated,11.800000,0.000000,2700,3600,3900,4200,5800,6400,7800,8600,11000,11000,11000,1737,0,2700,2722.9504223964427,36.64259996730834,11419.256999972276,568.343120322395
1785350957,40,,Aggregated,12.000000,0.000000,2700,3600,3900,4200,5800,6400,7800,8700,11000,11000,11000,1751,0,2700,2727.8817010296007,36.64259996730834,11419.256999972276,568.1661907481439
1785350958,40,,Aggregated,11.200000,0.000000,2700,3600,4000,4200,5800,6400,7900,8700,11000,11000,11000,1769,0,2700,2727.6473208608286,36.64259996730834,11419.256999972276,566.7139626907857
1785350959,40,,Aggregated,11.500000,0.000000,2700,3600,4000,4200,5800,6400,7900,8700,11000,11000,11000,1778,0,2700,2732.879751351496,36.64259996730834,11419.256999972276,566.4533183352081
1785350960,40,,Aggregated,12.100000,0.000000,2700,3600,4000,4200,5800,6400,7900,8700,11000,11000,11000,1787,0,2700,2732.0054166776476,36.64259996730834,11419.256999972276,565.9216564073866
1785350961,40,,Aggregated,11.700000,0.000000,2700,3600,4000,4200,5800,6400,7900,8700,11000,11000,11000,1797,0,2700,2734.5812993895565,36.64259996730834,11419.256999972276,565.9070673344463
1785350962,40,,Aggregated,12.000000,0.000000,2700,3600,4000,4200,5900,6400,7900,8600,11000,11000,11000,1810,0,2700,2737.564419504533,36.64259996730834,11419.256999972276,564.7845303867404
1785350963,40,,Aggregated,11.500000,0.000000,2700,3700,4000,4200,5900,6400,7900,8600,11000,11000,11000,1821,0,2700,2741.9099835820857,36.64259996730834,11419.256999972276,564.9335529928611
1785350964,40,,Aggregated,11.500000,0.000000,2700,3700,4000,4200,5900,6500,7900,8800,11000,11000,11000,1835,0,2700,2747.1347698654436,36.64259996730834,11419.256999972276,564.4256130790191
1785350965,40,,Aggregated,11.100000,0.000000,2700,3700,4000,4200,5900,6500,7900,8800,11000,11000,11000,1846,0,2700,2742.1952562854663,36.64259996730834,11419.256999972276,562.332611050921
1785350966,40,,Aggregated,11.000000,0.000000,2700,3700,4000,4200,5900,6500,7900,8800,11000,11000,11000,1853,0,2700,2743.211154669739,36.64259996730834,11419.256999972276,561.917970858068
1785350967,40,,Aggregated,11.600000,0.000000,2700,3700,4000,4200,5900,6500,7900,8800,11000,11000,11000,1859,0,2700,2746.4430549774656,36.64259996730834,11419.256999972276,561.6169983862292
1785350968,40,,Aggregated,11.400000,0.000000,2700,3700,4000,4200,5900,6500,7900,8800,11000,11000,11000,1872,0,2700,2750.979604809341,36.64259996730834,11419.256999972276,560.6623931623932
1785350969,40,,Aggregated,10.700000,0.000000,2700,3700,4000,4300,5900,6500,8000,9200,11000,11000,11000,1895,0,2700,2763.1764821652914,36.64259996730834,11419.256999972276,560.1044854881267
1785350970,40,,Aggregated,10.000000,0.000000,2700,3700,4000,4300,5900,6500,8000,9200,11000,11000,11000,1907,0,2700,2765.232059204725,36.64259996730834,11419.256999972276,559.7246984792869
1785350971,40,,Aggregated,11.700000,0.000000,2700,3700,4000,4300,5900,6500,8000,9200,11000,11000,11000,1919,0,2700,2763.5337536236216,36.64259996730834,11419.256999972276,559.2626367899948
1785350972,40,,Aggregated,11.800000,0.000000,2700,3700,4000,4300,5900,6500,8000,9200,11000,11000,11000,1929,0,2700,2761.637779265814,36.64259996730834,11419.256999972276,558.9512700881286
1785350973,40,,Aggregated,12.100000,0.000000,2700,3700,4000,4300,5900,6500,8000,9200,11000,11000,11000,1937,0,2700,2760.3734711428024,36.64259996730834,11419.256999972276,558.7026329375323
1785350974,40,,Aggregated,11.500000,0.000000,2700,3700,4000,4300,5900,6500,8000,9200,11000,11000,11000,1950,0,2700,2764.1373409249054,36.64259996730834,11419.256999972276,556.9507692307692
1785350975,40,,Aggregated,11.500000,0.000000,2700,3700,4000,4300,5900,6500,8000,9200,11000,11000,11000,1957,0,2700,2766.215732602693,36.64259996730834,11419.256999972276,556.4900357690342
1785350976,40,,Aggregated,11.500000,0.000000,2700,3700,4000,4300,5900,6500,8000,9200,11000,11000,11000,1968,0,2700,2768.195340093223,36.64259996730834,11419.256999972276,556.256605691057
1785350977,40,,Aggregated,10.800000,0.000000,2700,3700,4100,4400,6000,6500,8000,9200,11000,11000,11000,1986,0,2700,2773.097552116719,36.64259996730834,11419.256999972276,554.9989929506546
1785350978,40,,Aggregated,11.500000,0.000000,2700,3700,4100,4400,6000,6500,8000,9200,11000,11000,11000,1991,0,2700,2771.2855442007394,36.64259996730834,11419.256999972276,554.3676544450025
1785350979,40,,Aggregated,12.600000,0.000000,2700,3700,4100,4400,6000,6500,8000,8800,10000,11000,11000,2001,0,2700,2780.002759871895,36.64259996730834,11419.256999972276,553.6771614192903
1785350980,40,,Aggregated,12.000000,0.000000,2700,3700,4100,4400,6000,6500,8000,8800,10000,11000,11000,2011,0,2700,2780.816807112671,36.64259996730834,11419.256999972276,554.0606663351566
1785350981,40,,Aggregated,10.800000,0.000000,2700,3700,4100,4400,6000,6500,8000,8800,10000,11000,11000,2024,0,2700,2781.912668232885,36.64259996730834,11419.256999972276,553.4624505928854
1785350982,40,,Aggregated,10.600000,0.000000,2700,3700,4100,4400,6000,6500,8000,8800,10000,11000,11000,2033,0,2700,2776.173223021788,36.64259996730834,11419.256999972276,552.7314313821938
1785350983,40,,Aggregated,10.300000,0.000000,2700,3700,4100,4400,6000,6500,8000,8800,10000,11000,11000,2046,0,2700,2777.538129766752,36.64259996730834,11419.256999972276,551.5
1785350984,40,,Aggregated,10.600000,0.000000,2700,3700,4100,4400,6000,6600,8100,9200,11000,13000,13000,2062,0,2700,2786.994322746164,36.64259996730834,12620.678500039503,549.8860329776916
1785350985,40,,Aggregated,10.500000,0.000000,2700,3700,4100,4400,6000,6600,8200,9200,11000,13000,13000,2072,0,2700,2792.4774245670383,36.64259996730834,12620.678500039503,549.6433397683397
1785350986,40,,Aggregated,10.900000,0.000000,2700,3700,4100,4400,6000,6600,8200,9200,11000,13000,13000,2083,0,2700,2795.7963887195224,36.64259996730834,12620.678500039503,549.8454152664426
1785350987,40,,Aggregated,11.500000,0.000000,2700,3700,4100,4500,6000,6600,8200,9200,11000,13000,13000,2094,0,2700,2801.1889817109645,36.64259996730834,12620.678500039503,549.2607449856733
1785350988,40,,Aggregated,11.600000,0.000000,2700,3700,4100,4400,6000,6600,8200,8800,11000,13000,13000,2102,0,2700,2797.1878480984205,36.64259996730834,12620.678500039503,549.3853472882969
1785350989,40,,Aggregated,10.500000,0.000000,2700,3700,4100,4400,6000,6600,8200,8800,11000,13000,13000,2118,0,2700,2792.1757700674852,36.64259996730834,12620.678500039503,547.1345609065156
1785350990,40,,Aggregated,11.200000,0.000000,2700,3800,4100,4500,6100,6600,8200,9200,11000,13000,13000,2134,0,2700,2799.4008203386875,36.64259996730834,12620.678500039503,546.3865979381443
1785350991,40,,Aggregated,11.200000,0.000000,2700,3800,4100,4500,6100,6600,8200,9200,11000,13000,13000,2145,0,2700,2796.1327540804905,36.64259996730834,12620.678500039503,544.9188811188811
1785350992,40,,Aggregated,12.200000,0.000000,2700,3800,4100,4500,6100,6600,8200,9200,11000,13000,13000,2158,0,2700,2794.3125793339636,36.64259996730834,12620.678500039503,543.4925857275255
1785350993,40,,Aggregated,12.100000,0.000000,2700,3800,4100,4500,6100,6600,8200,9200,11000,13000,13000,2171,0,2700,2801.3844588680413,36.64259996730834,12620.678500039503,543.6126209120221
1785350994,40,,Aggregated,12.200000,0.000000,2700,3800,4100,4500,6100,6600,8200,9200,11000,13000,13000,2179,0,2700,2803.8642385509397,36.64259996730834,12620.678500039503,544.3597980725103
1785350995,40,,Aggregated,12.600000,0.000000,2700,3800,4100,4500,6100,6600,8200,9400,11000,13000,13000,2189,0,2700,2804.8866788042787,36.64259996730834,12620.678500039503,544.4559159433531
1785350996,40,,Aggregated,12.000000,0.000000,2700,3800,4100,4500,6100,6600,8200,9400,11000,13000,13000,2200,0,2700,2801.2627735919723,36.64259996730834,12620.678500039503,543.1877272727273
1785350997,40,,Aggregated,12.000000,0.000000,2700,3800,4100,4500,6100,6600,8200,9200,11000,13000,13000,2212,0,2700,2803.4592281654286,36.64259996730834,12620.678500039503,542.501808318264
1785350998,40,,Aggregated,11.300000,0.000000,2700,3800,4100,4500,6100,6600,8200,9200,11000,13000,13000,2227,0,2700,2801.0923480922916,36.64259996730834,12620.678500039503,541.3978446340368
1785350999,40,,Aggregated,11.800000,0.000000,2700,3800,4100,4500,6100,6600,8200,9200,11000,13000,13000,2239,0,2700,2804.1159807956665,36.64259996730834,12620.678500039503,540.7976775346136
1785351000,40,,Aggregated,12.200000,0.000000,2700,3800,4200,4500,6100,6600,8200,9200,11000,13000,13000,2252,0,2700,2803.9350651872373,36.64259996730834,12620.678500039503,540.417406749556
1785351001,40,,Aggregated,12.600000,0.000000,2700,3800,4200,4500,6100,6600,8200,9200,11000,13000,13000,2264,0,2700,2804.1290806986613,36.64259996730834,12620.678500039503,540.1148409893993
1785351002,40,,Aggregated,11.300000,0.000000,2700,3800,4200,4500,6100,6600,8200,9200,11000,13000,13000,2280,0,2700,2802.9251953516473,36.64259996730834,12620.678500039503,539.4508771929825
1785351003,40,,Aggregated,11.900000,0.000000,2700,3800,4200,4500,6100,6600,8200,9200,11000,13000,13000,2291,0,2700,2800.7178665219067,36.64259996730834,12620.678500039503,538.6704495853339
1785351004,40,,Aggregated,11.900000,0.000000,2700,3800,4200,4600,6100,6600,8200,9000,11000,13000,13000,2302,0,2600,2801.205397785223,36.64259996730834,12620.678500039503,538.6159860990443
1785351005,40,,Aggregated,11.800000,0.000000,2600,3800,4200,4600,6100,6700,8200,9200,11000,13000,13000,2320,0,2600,2805.4637582764904,36.526900017634034,12620.678500039503,538.8560344827587
1785351006,40,,Aggregated,12.300000,0.000000,2600,3800,4200,4600,6100,6700,8200,9200,11000,13000,13000,2331,0,2600,2800.4122600607125,36.526900017634034,12620.678500039503,538.5195195195195
1785351007,40,,Aggregated,12.800000,0.000000,2600,3800,4200,4600,6100,6700,8200,9200,11000,13000,13000,2343,0,2600,2795.3931779349364,36.526900017634034,12620.678500039503,538.0217669654289
1785351008,40,,Aggregated,12.900000,0.000000,2600,3800,4200,4600,6100,6700,8200,9200,11000,13000,13000,2350,0,2600,2794.5923502559954,36.526900017634034,12620.678500039503,537.7612765957447
1785351009,40,,Aggregated,12.800000,0.000000,2600,3800,4200,4600,6100,6700,8200,9200,11000,13000,13000,2360,0,2600,2797.082601907521,36.526900017634034,12620.678500039503,537.3152542372882
1785351010,40,,Aggregated,12.300000,0.000000,2600,3800,4200,4600,6100,6700,8200,9400,11000,13000,13000,2374,0,2600,2803.035695956839,36.526900017634034,12620.678500039503,536.3828980623421
1785351011,40,,Aggregated,11.500000,0.000000,2600,3800,4200,4600,6100,6700,8200,9400,11000,13000,13000,2384,0,2600,2808.9389823832344,36.526900017634034,12620.678500039503,536.7755872483222
1785351012,40,,Aggregated,12.400000,0.000000,2600,3800,4200,4600,6100,6700,8400,9400,11000,13000,13000,2390,0,2600,2810.0423214650737,36.526900017634034,12620.678500039503,536.6820083682009
1785351013,40,,Aggregated,12.100000,0.000000,2600,3800,4200,4600,6100,6700,8400,9400,11000,13000,13000,2399,0,2600,2812.487900959436,36.526900017634034,12620.678500039503,536.4089203834931
1785351014,40,,Aggregated,11.500000,0.000000,2600,3800,4200,4700,6100,6700,8400,9400,11000,13000,13000,2412,0,2600,2819.9383753738857,36.526900017634034,12620.678500039503,536.62271973466
1785351015,40,,Aggregated,11.300000,0.000000,2600,3800,4200,4700,6200,6700,8400,9400,11000,13000,13000,2423,0,2600,2819.164887743299,36.526900017634034,12620.678500039503,536.0462236896409
1785351016,40,,Aggregated,10.800000,0.000000,2700,3800,4200,4700,6100,6700,8400,9400,11000,13000,13000,2436,0,2600,2820.679949302953,36.526900017634034,12620.678500039503,536.2598522167488
1785351017,40,,Aggregated,10.100000,0.000000,2700,3800,4200,4700,6200,6700,8400,9500,11000,13000,13000,2452,0,2700,2826.5300379291393,36.526900017634034,12620.678500039503,536.292414355628
1785351018,40,,Aggregated,10.400000,0.000000,2700,3800,4200,4700,6200,6700,8400,9500,11000,13000,13000,2462,0,2700,2827.8290590991123,36.526900017634034,12620.678500039503,536.4069861900894
1785351019,40,,Aggregated,10.800000,0.000000,2700,3800,4200,4700,6100,6700,8400,9500,11000,13000,13000,2474,0,2700,2823.348063137467,36.526900017634034,12620.678500039503,535.965238480194
1785351020,40,,Aggregated,11.200000,0.000000,2600,3800,4200,4700,6100,6700,8400,9500,11000,13000,13000,2489,0,2600,2817.8213303342764,36.526900017634034,12620.678500039503,535.6143029329048
1785351021,40,,Aggregated,11.200000,0.000000,2600,3800,4200,4700,6100,6700,8400,9500,11000,13000,13000,2510,0,2600,2817.0068375307574,36.526900017634034,12620.678500039503,534.9270916334661
1785351022,40,,Aggregated,11.100000,0.000000,2600,3800,4200,4700,6100,6700,8400,9500,11000,13000,13000,2525,0,2600,2811.448631129449,36.526900017634034,12620.678500039503,534.0562376237624
1785351023,40,,Aggregated,11.600000,0.000000,2600,3800,4200,4700,6200,6800,8400,9500,11000,13000,13000,2537,0,2600,2812.5412540408793,36.526900017634034,12620.678500039503,533.892786756011
1785351024,40,,Aggregated,12.900000,0.000000,2600,3800,4200,4700,6100,6800,8400,9500,11000,13000,13000,2554,0,2600,2810.904496594213,36.526900017634034,12620.678500039503,533.2090837901331
1785351025,40,,Aggregated,12.900000,0.000000,2600,3800,4200,4700,6100,6700,8400,9500,11000,13000,13000,2565,0,2600,2808.3188444060556,36.526900017634034,12620.678500039503,532.9352826510722
1785351026,40,,Aggregated,13.400000,0.000000,2600,3800,4200,4700,6100,6700,8400,9500,11000,13000,13000,2572,0,2600,2807.88353168801,36.526900017634034,12620.678500039503,532.7134525660964
1785351027,40,,Aggregated,14.100000,0.000000,2600,3800,4200,4700,6100,6800,8400,9500,11000,13000,13000,2586,0,2600,2810.5139203023164,36.526900017634034,12620.678500039503,533.047177107502
1785351028,40,,Aggregated,13.900000,0.000000,2600,3800,4200,4700,6100,6800,8400,9500,11000,13000,13000,2596,0,2600,2811.705462404334,36.526900017634034,12620.678500039503,532.8574730354392
1785351029,40,,Aggregated,13.500000,0.000000,2600,3800,4200,4700,6100,6700,8400,9500,11000,13000,13000,2606,0,2600,2809.145516923088,36.526900017634034,12620.678500039503,532.7317728319264
1785351030,40,,Aggregated,13.400000,0.000000,2600,3800,4200,4700,6200,6800,8400,9500,11000,13000,13000,2619,0,2600,2809.871901871497,36.526900017634034,12620.678500039503,532.9438717067583
1785351031,40,,Aggregated,13.500000,0.000000,2600,3800,4200,4700,6200,6700,8400,9500,11000,13000,13000,2630,0,2600,2807.8331143351825,36.526900017634034,12620.678500039503,532.6106463878327
1785351032,40,,Aggregated,12.800000,0.000000,2600,3800,4200,4700,6200,6700,8400,9500,11000,13000,13000,2642,0,2600,2809.7149445501263,36.526900017634034,12620.678500039503,531.6468584405753
1785351033,40,,Aggregated,12.600000,0.000000,2600,3900,4200,4700,6200,6800,8400,9500,11000,13000,13000,2650,0,2600,2816.518418189261,36.526900017634034,12620.678500039503,531.5494339622642
1785351034,40,,Aggregated,12.200000,0.000000,2600,3900,4200,4700,6200,6800,8400,9500,11000,13000,13000,2661,0,2600,2820.365842014946,36.526900017634034,12620.678500039503,530.9180759113116
1785351035,40,,Aggregated,11.700000,0.000000,2700,3900,4200,4800,6200,6800,8400,9500,11000,13000,13000,2678,0,2600,2824.325311203022,36.526900017634034,12620.678500039503,530.5881254667662
1785351036,40,,Aggregated,11.300000,0.000000,2600,3900,4200,4800,6200,6800,8400,9500,11000,13000,13000,2689,0,2600,2821.581113723113,36.526900017634034,12620.678500039503,530.5779100037189
1785351037,40,,Aggregated,11.100000,0.000000,2600,3900,4200,4700,6200,6800,8400,9500,11000,13000,13000,2698,0,2600,2817.4916360642655,36.526900017634034,12620.678500039503,529.6186063750927
1785351038,40,,Aggregated,11.700000,0.000000,2600,3900,4200,4700,6200,6800,8400,9400,11000,13000,13000,2709,0,2600,2814.8273053899957,36.526900017634034,12620.678500039503,529.0586932447397
1785351039,40,,Aggregated,11.400000,0.000000,2600,3900,4200,4800,6200,6800,8400,9400,11000,13000,13000,2734,0,2600,2818.4790858821248,36.526900017634034,12620.678500039503,528.3588149231895
1785351040,40,,Aggregated,11.100000,0.000000,2700,3900,4200,4800,6200,6900,8400,9400,11000,13000,13000,2748,0,2600,2819.5945436687016,36.526900017634034,12620.678500039503,527.6109898107715
1785351041,40,,Aggregated,11.600000,0.000000,2600,3900,4200,4800,6200,6800,8400,9400,11000,13000,13000,2762,0,2600,2814.913030015052,36.526900017634034,12620.678500039503,527.2342505430847
1785351042,40,,Aggregated,12.800000,0.000000,2600,3900,4200,4800,6200,6800,8400,9400,11000,13000,13000,2776,0,2600,2810.578846650534,36.526900017634034,12620.678500039503,526.3216858789625
1785351043,40,,Aggregated,12.900000,0.000000,2600,3900,4200,4800,6200,6800,8400,9400,11000,13000,13000,2792,0,2600,2806.6007144705636,36.526900017634034,12620.678500039503,524.8699856733524
1785351044,40,,Aggregated,12.900000,0.000000,2600,3900,4200,4800,6200,6800,8400,9200,11000,13000,13000,2804,0,2600,2804.246504850866,36.52299998793751,12620.678500039503,524.4686162624822
1785351045,40,,Aggregated,13.600000,0.000000,2600,3900,4200,4800,6200,6800,8400,9200,11000,13000,13000,2812,0,2600,2801.2215495384035,36.52299998793751,12620.678500039503,524.399359886202
1785351046,40,,Aggregated,13.900000,0.000000,2600,3900,4200,4800,6200,6800,8400,9200,11000,13000,13000,2819,0,2600,2800.0458710897633,36.52299998793751,12620.678500039503,524.2213550904576
1785351047,40,,Aggregated,13.700000,0.000000,2600,3900,4200,4800,6200,6800,8400,9300,11000,13000,13000,2834,0,2600,2802.7800961192856,36.52299998793751,12620.678500039503,523.8496824276641
1785351048,40,,Aggregated,12.900000,0.000000,2600,3900,4200,4800,6200,6900,8400,9300,11000,13000,13000,2854,0,2600,2807.14522705044,36.52299998793751,12620.678500039503,523.4551506657323
1785351049,40,,Aggregated,12.900000,0.000000,2600,3900,4200,4800,6200,6900,8400,9300,11000,13000,13000,2868,0,2600,2802.491396130379,36.52299998793751,12620.678500039503,522.3612273361227
1785351050,40,,Aggregated,13.900000,0.000000,2600,3900,4200,4800,6200,6800,8400,9300,11000,13000,13000,2881,0,2600,2796.2380642144426,36.52299998793751,12620.678500039503,521.9121832696981
1785351051,40,,Aggregated,14.000000,0.000000,2600,3900,4200,4800,6200,6800,8400,9300,11000,13000,13000,2893,0,2600,2792.462778880737,36.52299998793751,12620.678500039503,520.8527480124438
1785351052,40,,Aggregated,13.500000,0.000000,2600,3900,4200,4800,6200,6900,8400,9200,11000,13000,13000,2911,0,2600,2789.5458402961226,36.52299998793751,12620.678500039503,519.8213672277568
1785351053,40,,Aggregated,13.000000,0.000000,2600,3900,4200,4800,6200,7000,8400,9300,11000,13000,13000,2926,0,2600,2789.8562220103468,36.52299998793751,12620.678500039503,518.8704716336296
1785351054,40,,Aggregated,13.100000,0.000000,2600,3900,4200,4900,6200,7000,8400,9300,11000,13000,13000,2939,0,2600,2789.351641205276,36.52299998793751,12620.678500039503,518.9003062266077
1785351055,40,,Aggregated,13.500000,0.000000,2600,3900,4200,4900,6200,7000,8400,9300,11000,13000,13000,2953,0,2600,2784.753888825614,36.52299998793751,12620.678500039503,518.3681002370471
1785351056,40,,Aggregated,13.500000,0.000000,2600,3900,4200,4900,6200,7000,8400,9300,11000,13000,13000,2966,0,2600,2782.5617020236077,36.4575000712648,12620.678500039503,517.950101146325
1785351057,40,,Aggregated,13.600000,0.000000,2600,3900,4200,4900,6200,7000,8400,9300,11000,13000,13000,2988,0,2600,2780.1720908306643,36.4575000712648,12620.678500039503,517.3189424364123
1785351058,40,,Aggregated,14.100000,0.000000,2600,3800,4200,4900,6200,7000,8400,9300,11000,13000,13000,3000,0,2600,2776.8035273673013,36.4575000712648,12620.678500039503,517.0283333333333
1785351059,40,,Aggregated,14.700000,0.000000,2600,3900,4300,4900,6200,7000,8400,9300,11000,13000,13000,3011,0,2600,2776.7036994693,36.4575000712648,12620.678500039503,516.8545333776154
1785351060,40,,Aggregated,14.700000,0.000000,2600,3800,4300,4900,6200,7000,8400,9300,11000,13000,13000,3024,0,2600,2776.3213924940806,36.4575000712648,12620.678500039503,516.6127645502645
1785351061,40,,Aggregated,14.400000,0.000000,2600,3800,4300,4900,6200,7000,8400,9300,11000,13000,13000,3034,0,2600,2774.503909558943,36.4575000712648,12620.678500039503,516.3282794990112
1785351062,40,,Aggregated,14.100000,0.000000,2600,3800,4200,4900,6200,7000,8400,9300,11000,13000,13000,3052,0,2600,2773.581026442272,36.4575000712648,12620.678500039503,515.9996723460026
1785351063,40,,Aggregated,14.200000,0.000000,2600,3800,4200,4900,6200,7000,8400,9300,11000,13000,13000,3063,0,2600,2773.32723421539,36.4575000712648,12620.678500039503,515.8279464577212
1785351064,40,,Aggregated,13.900000,0.000000,2600,3800,4200,4900,6200,7000,8400,9300,11000,13000,13000,3072,0,2600,2771.614626009716,36.4575000712648,12620.678500039503,515.3935546875
1785351065,40,,Aggregated,13.800000,0.000000,2600,3800,4200,5000,6200,7000,8400,9300,11000,13000,13000,3090,0,2600,2772.146277443938,36.4575000712648,12620.678500039503,515.289644012945
1785351066,40,,Aggregated,13.500000,0.000000,2600,3900,4200,5000,6200,7000,8400,9300,11000,13000,13000,3104,0,2600,2771.8365648845825,36.4575000712648,12620.678500039503,514.9416881443299
1785351067,40,,Aggregated,13.200000,0.000000,2600,3900,4200,5000,6200,7100,8400,9300,11000,13000,13000,3123,0,2600,2768.552053474855,36.4575000712648,12620.678500039503,514.4604546910023
1785351068,40,,Aggregated,13.600000,0.000000,2500,3800,4200,5000,6200,7100,8400,9300,11000,13000,13000,3139,0,2500,2761.4859234156806,36.4575000712648,12620.678500039503,513.5371137304874
1785351069,40,,Aggregated,13.600000,0.000000,2500,3800,4200,5000,6200,7100,8400,9300,11000,13000,13000,3149,0,2500,2760.356061671,36.4575000712648,12620.678500039503,513.061924420451
1785351071,40,,Aggregated,13.600000,0.000000,2500,3900,4200,5000,6200,7100,8400,9300,11000,13000,13000,3158,0,2500,2760.769691957566,36.4575000712648,12620.678500039503,513.3258391386954
1785351072,40,,Aggregated,13.900000,0.000000,2500,3900,4200,5000,6200,7100,8400,9300,11000,13000,13000,3170,0,2500,2763.3781135968443,36.4575000712648,12620.678500039503,513.4845425867508
1785351073,40,,Aggregated,13.800000,0.000000,2500,3900,4200,5000,6200,7300,8400,9400,11000,13000,13000,3181,0,2500,2765.3154302426537,36.4575000712648,12620.678500039503,513.2819867966049
1785351074,40,,Aggregated,13.400000,0.000000,2500,3900,4200,5000,6200,7300,8400,9400,11000,13000,13000,3192,0,2500,2765.503861717434,36.4575000712648,12620.678500039503,513.3364661654135
1785351075,40,,Aggregated,12.900000,0.000000,2500,3900,4300,5000,6200,7300,8400,9300,11000,13000,13000,3201,0,2500,2766.7544033433405,36.4575000712648,12620.678500039503,513.3973758200563
1785351076,40,,Aggregated,12.900000,0.000000,2500,3900,4300,5000,6200,7300,8400,9300,11000,13000,13000,3208,0,2500,2767.44659650937,36.4575000712648,12620.678500039503,513.2129052369078
1785351077,40,,Aggregated,12.900000,0.000000,2500,3900,4300,5000,6200,7400,8400,9300,11000,13000,13000,3217,0,2500,2770.6684913900785,36.4575000712648,12620.678500039503,513.4821262045384
1785351078,40,,Aggregated,12.700000,0.000000,2500,3900,4300,5000,6200,7400,8500,9300,11000,13000,13000,3227,0,2500,2770.9256184697533,36.4575000712648,12620.678500039503,512.9789277967152
1785351079,40,,Aggregated,11.300000,0.000000,2500,3900,4300,5100,6200,7400,8500,9300,11000,13000,13000,3238,0,2500,2775.4765432989575,36.4575000712648,12620.678500039503,513.0348980852378
1785351080,40,,Aggregated,10.300000,0.000000,2500,3900,4300,5100,6200,7400,8500,9300,11000,13000,13000,3250,0,2500,2776.6867909852763,36.4575000712648,12620.678500039503,512.2735384615385
1785351081,40,,Aggregated,9.700000,0.000000,2500,3900,4300,5100,6200,7400,8500,9400,11000,13000,13000,3268,0,2500,2781.2423100679403,36.4575000712648,12620.678500039503,512.4060587515299
1785351082,40,,Aggregated,9.700000,0.000000,2500,3900,4300,5100,6200,7500,8500,9400,11000,13000,13000,3283,0,2500,2782.0613314657626,36.4575000712648,12620.678500039503,511.8443496801706
1785351083,40,,Aggregated,9.900000,0.000000,2500,3900,4300,5100,6200,7500,8500,9400,11000,13000,13000,3291,0,2500,2780.7731527506016,36.4575000712648,12620.678500039503,511.81221513217866
1785351084,40,,Aggregated,10.900000,0.000000,2500,3900,4300,5200,6200,7500,8500,9300,11000,13000,13000,3306,0,2500,2783.2635759837835,36.4575000712648,12620.678500039503,512.0066545674531
1785351085,40,,Aggregated,11.000000,0.000000,2500,3900,4300,5200,6200,7500,8500,9300,11000,13000,13000,3319,0,2500,2777.8754746618256,36.4575000712648,12620.678500039503,511.4052425429346
1785351086,40,,Aggregated,11.400000,0.000000,2500,3900,4300,5200,6200,7500,8500,9400,11000,13000,13000,3332,0,2500,2779.3774841544323,36.4575000712648,12620.678500039503,511.45888355342134
1785351087,40,,Aggregated,11.700000,0.000000,2500,3900,4300,5200,6200,7500,8500,9400,11000,13000,13000,3350,0,2500,2778.453300060472,36.4575000712648,12620.678500039503,510.75373134328356
1785351088,40,,Aggregated,12.300000,0.000000,2500,3900,4300,5200,6200,7500,8500,9500,11000,13000,13000,3359,0,2500,2780.1130297715113,36.4575000712648,12620.678500039503,510.6213158678178
1785351089,40,,Aggregated,13.200000,0.000000,2500,3900,4300,5200,6200,7500,8500,9500,11000,13000,13000,3371,0,2500,2778.987825809108,36.4575000712648,12620.678500039503,510.78018392168497
1785351090,40,,Aggregated,12.900000,0.000000,2500,3900,4300,5200,6200,7500,8500,9500,11000,13000,13000,3383,0,2500,2777.632743098552,36.4575000712648,12620.678500039503,510.74401418859003
1785351091,40,,Aggregated,12.900000,0.000000,2500,3900,4300,5200,6200,7500,8500,9500,11000,13000,13000,3393,0,2500,2777.256478250038,36.4575000712648,12620.678500039503,510.27674624226347
1785351092,40,,Aggregated,13.300000,0.000000,2500,3900,4300,5300,6200,7500,8500,9400,11000,13000,13000,3407,0,2500,2780.570296537142,36.4575000712648,12620.678500039503,509.748459054887
1785351093,40,,Aggregated,12.600000,0.000000,2500,3900,4300,5300,6200,7500,8500,9500,11000,13000,13000,3419,0,2500,2780.738937935727,36.4575000712648,12620.678500039503,509.71570634688504
1785351094,40,,Aggregated,12.300000,0.000000,2500,3900,4300,5300,6200,7500,8500,9500,11000,13000,13000,3429,0,2500,2782.392377020219,36.4575000712648,12620.678500039503,509.87926509186354
1785351095,40,,Aggregated,12.700000,0.000000,2500,3900,4300,5300,6200,7500,8500,9500,11000,13000,13000,3439,0,2500,2787.1886594075477,36.4575000712648,12620.678500039503,509.556266356499
1785351096,40,,Aggregated,12.000000,0.000000,2500,3900,4300,5300,6200,7500,8500,9500,11000,13000,13000,3449,0,2500,2788.6679670346844,36.4575000712648,12620.678500039503,509.09481008988115
1785351097,40,,Aggregated,12.100000,0.000000,2500,3900,4300,5300,6200,7500,8500,9500,11000,13000,13000,3458,0,2500,2790.584499538155,36.4575000712648,12620.678500039503,509.1636784268363
1785351098,40,,Aggregated,12.100000,0.000000,2500,3900,4300,5300,6200,7500,8500,9500,11000,13000,13000,3467,0,2500,2788.9550224987256,36.4575000712648,12620.678500039503,508.6123449668301
1785351099,40,,Aggregated,10.800000,0.000000,2500,3900,4300,5300,6200,7500,8500,9500,11000,13000,13000,3474,0,2500,2788.694697438993,36.4575000712648,12620.678500039503,508.4971214738054
1785351100,40,,Aggregated,11.100000,0.000000,2500,3900,4300,5300,6200,7500,8500,9500,11000,13000,13000,3483,0,2500,2793.8764832624524,36.4575000712648,12620.678500039503,508.56818834338213
1785351101,40,,Aggregated,10.300000,0.000000,2500,3900,4300,5300,6300,7500,8500,9500,11000,13000,13000,3491,0,2500,2796.9605531661914,36.4575000712648,12620.678500039503,508.50157547980524
1785351102,40,,Aggregated,9.900000,0.000000,2600,3900,4300,5300,6300,7500,8500,9500,11000,13000,13000,3504,0,2500,2801.4378074495353,36.4575000712648,12620.678500039503,508.5673515981735
1785351103,40,,Aggregated,9.700000,0.000000,2600,3900,4300,5300,6300,7600,8500,9500,11000,13000,13000,3519,0,2600,2804.7663433087005,36.4575000712648,12620.678500039503,508.1540210287013
1785351104,40,,Aggregated,9.700000,0.000000,2600,3900,4300,5400,6300,7600,8500,9500,11000,13000,13000,3530,0,2600,2805.9407986977913,36.4575000712648,12620.678500039503,507.799716713881
1785351105,40,,Aggregated,9.600000,0.000000,2600,3900,4300,5400,6300,7600,8500,9500,11000,13000,13000,3543,0,2600,2808.7219776470524,36.4575000712648,12620.678500039503,507.6700536268699
1785351106,40,,Aggregated,10.100000,0.000000,2500,3900,4300,5400,6300,7600,8500,9500,11000,13000,13000,3555,0,2500,2806.8464497056502,36.4575000712648,12620.678500039503,507.0407876230661
1785351107,40,,Aggregated,10.000000,0.000000,2500,3900,4300,5400,6300,7600,8500,9500,11000,13000,13000,3573,0,2500,2808.130180381647,36.4575000712648,12620.678500039503,507.19003638399107
1785351108,40,,Aggregated,10.400000,0.000000,2500,3900,4300,5400,6300,7600,8500,9500,11000,13000,13000,3590,0,2500,2805.3288643742617,36.4575000712648,12620.678500039503,506.40919220055713
1785351109,40,,Aggregated,10.900000,0.000000,2500,3900,4300,5400,6300,7600,8500,9500,11000,13000,13000,3604,0,2500,2803.6731170099188,36.4575000712648,12620.678500039503,506.20255271920087
1785351110,40,,Aggregated,11.800000,0.000000,2500,3900,4300,5400,6300,7600,8500,9500,11000,13000,13000,3617,0,2500,2800.239692978626,36.4575000712648,12620.678500039503,505.9010229471938
1785351111,40,,Aggregated,12.900000,0.000000,2500,3900,4300,5400,6300,7600,8500,9500,11000,13000,13000,3629,0,2500,2800.950751172226,36.4575000712648,12620.678500039503,506.01432901625793
1785351112,40,,Aggregated,13.100000,0.000000,2500,3900,4300,5400,6300,7600,8500,9500,11000,13000,13000,3637,0,2500,2801.5597672268004,36.4575000712648,12620.678500039503,506.13417651910913
1785351113,40,,Aggregated,13.400000,0.000000,2500,3900,4300,5400,6300,7600,8500,9500,11000,13000,13000,3644,0,2500,2801.8892430032397,36.4575000712648,12620.678500039503,505.80543358946215
1785351114,40,,Aggregated,13.200000,0.000000,2500,3900,4300,5400,6300,7600,8500,9500,11000,13000,13000,3656,0,2500,2802.126074727537,36.4575000712648,12620.678500039503,505.2015864332604
1785351115,40,,Aggregated,12.900000,0.000000,2500,3900,4300,5400,6300,7600,8500,9500,11000,13000,13000,3667,0,2500,2803.893010963657,36.4575000712648,12620.678500039503,504.59830924461414
1785351116,40,,Aggregated,12.600000,0.000000,2500,3900,4300,5400,6300,7600,8500,9500,11000,13000,13000,3684,0,2500,2803.789298888053,36.4575000712648,12620.678500039503,504.128664495114
1785351117,40,,Aggregated,12.600000,0.000000,2500,3900,4300,5400,6300,7600,8500,9500,11000,13000,13000,3698,0,2500,2801.581075014429,36.4575000712648,12620.678500039503,502.99918875067607
1785351118,40,,Aggregated,12.100000,0.000000,2500,3900,4400,5400,6300,7600,8500,9400,11000,13000,13000,3717,0,2500,2801.7970663177516,36.4575000712648,12620.678500039503,501.9136400322841
1785351119,40,,Aggregated,12.700000,0.000000,2500,3900,4400,5400,6300,7600,8500,9400,11000,13000,13000,3730,0,2500,2798.6401994914936,36.4575000712648,12620.678500039503,501.2828418230563
1785351120,40,,Aggregated,12.700000,0.000000,2500,3900,4400,5400,6300,7600,8500,9400,11000,13000,13000,3744,0,2500,2800.2495918545546,36.4575000712648,12620.678500039503,501.40705128205127
1785351121,40,,Aggregated,12.400000,0.000000,2500,3900,4400,5400,6300,7600,8500,9400,11000,13000,13000,3757,0,2500,2800.708343785859,36.4575000712648,12620.678500039503,501.26270960873035
1785351122,40,,Aggregated,12.300000,0.000000,2500,3900,4400,5400,6300,7600,8500,9400,11000,13000,13000,3766,0,2500,2798.1285601177074,36.4575000712648,12620.678500039503,501.3380244291025
1785351123,40,,Aggregated,12.700000,0.000000,2500,3900,4400,5400,6300,7600,8500,9400,11000,13000,13000,3776,0,2500,2797.802531727543,36.4575000712648,12620.678500039503,501.1114936440678
1785351124,40,,Aggregated,12.900000,0.000000,2500,3900,4400,5400,6300,7600,8500,9400,11000,13000,13000,3785,0,2500,2799.321909036518,36.4575000712648,12620.678500039503,501.18996036988113
1785351125,40,,Aggregated,12.800000,0.000000,2500,3900,4400,5400,6300,7600,8500,9400,11000,13000,13000,3797,0,2500,2800.3496427187674,36.4575000712648,12620.678500039503,501.3534369238873
1785351126,40,,Aggregated,12.800000,0.000000,2500,3900,4400,5400,6300,7600,8500,9400,11000,13000,13000,3809,0,2500,2801.004735522009,36.4575000712648,12620.678500039503,501.46705171961145
1785351127,40,,Aggregated,12.900000,0.000000,2500,3900,4400,5400,6300,7600,8500,9400,11000,13000,13000,3820,0,2500,2803.2943931160817,36.4575000712648,12620.678500039503,501.10732984293196
1785351128,40,,Aggregated,13.000000,0.000000,2500,3900,4400,5400,6300,7600,8500,9400,11000,13000,13000,3833,0,2500,2805.0419174284752,36.4575000712648,12620.678500039503,500.6639707800678
1785351129,40,,Aggregated,12.100000,0.000000,2500,3900,4400,5400,6300,7600,8500,9400,11000,13000,13000,3844,0,2500,2805.3915042152316,36.4575000712648,12620.678500039503,500.5665972944849
1785351130,40,,Aggregated,11.700000,0.000000,2500,3900,4400,5400,6300,7600,8500,9400,11000,13000,13000,3852,0,2500,2802.3711714183046,36.4575000712648,12620.678500039503,500.3881100726895
1785351131,40,,Aggregated,11.300000,0.000000,2500,3900,4400,5400,6300,7600,8500,9400,11000,13000,13000,3869,0,2500,2804.118219850998,36.4575000712648,12620.678500039503,500.12974928922205
1785351132,40,,Aggregated,11.400000,0.000000,2500,3900,4400,5400,6300,7600,8500,9400,11000,13000,13000,3878,0,2500,2808.0110065248227,36.4575000712648,12620.678500039503,500.381897885508
1785351133,40,,Aggregated,10.900000,0.000000,2500,3900,4400,5500,6300,7600,8500,9400,11000,13000,13000,3890,0,2500,2808.26749318848,36.4575000712648,12620.678500039503,500.37789203084833
1785351134,40,,Aggregated,10.900000,0.000000,2500,3900,4400,5500,6300,7600,8500,9400,11000,13000,13000,3900,0,2500,2808.6355012828453,36.4575000712648,12620.678500039503,500.37589743589746
1785351135,40,,Aggregated,11.300000,0.000000,2500,3900,4400,5500,6300,7600,8500,9400,11000,13000,13000,3915,0,2500,2810.2574234746357,36.4575000712648,12620.678500039503,500.2457215836526
1785351136,40,,Aggregated,11.300000,0.000000,2500,4000,4400,5500,6300,7600,8500,9400,11000,13000,13000,3929,0,2500,2808.770903793148,36.4575000712648,12620.678500039503,500.2458640875541
1785351137,40,,Aggregated,11.300000,0.000000,2500,4000,4400,5500,6300,7600,8500,9400,11000,13000,13000,3947,0,2500,2806.6839635680053,36.4575000712648,12620.678500039503,499.9100582721054
1785351138,40,,Aggregated,12.100000,0.000000,2500,4000,4400,5500,6300,7600,8500,9400,11000,13000,13000,3960,0,2500,2805.3442664653544,36.4575000712648,12620.678500039503,499.44772727272726
1785351139,40,,Aggregated,12.500000,0.000000,2500,4000,4400,5500,6300,7600,8500,9400,11000,13000,13000,3968,0,2500,2803.3882064775194,36.4575000712648,12620.678500039503,499.2825100806452
1785351140,40,,Aggregated,12.400000,0.000000,2500,4000,4400,5500,6300,7600,8500,9400,11000,13000,13000,3979,0,2500,2804.243473511654,36.4575000712648,12620.678500039503,499.16134707212865
1785351141,40,,Aggregated,12.500000,0.000000,2500,4000,4400,5500,6300,7600,8500,9400,11000,13000,13000,3993,0,2500,2806.449802505087,36.4575000712648,12620.678500039503,499.28374655647383
1785351142,40,,Aggregated,12.600000,0.000000,2500,4000,4400,5500,6300,7600,8500,9400,11000,13000,13000,4002,0,2500,2808.425853473998,36.4575000712648,12620.678500039503,499.487756121939
1785351143,40,,Aggregated,12.900000,0.000000,2500,4000,4400,5500,6300,7600,8500,9400,11000,13000,13000,4012,0,2500,2810.9174003995713,36.4575000712648,12620.678500039503,499.6089232303091
1785351144,40,,Aggregated,12.500000,0.000000,2500,4000,4400,5500,6300,7600,8500,9400,11000,13000,13000,4023,0,2500,2811.2922978879287,36.4575000712648,12620.678500039503,499.0740740740741
1785351145,40,,Aggregated,12.400000,0.000000,2500,4000,4400,5500,6300,7600,8500,9400,11000,13000,13000,4031,0,2500,2812.2479381798844,36.4575000712648,12620.678500039503,498.91118829074674
1785351146,40,,Aggregated,12.300000,0.000000,2500,4000,4400,5500,6300,7600,8500,9400,11000,13000,13000,4041,0,2500,2811.7849642422602,36.4575000712648,12620.678500039503,498.585993565949
1785351147,40,,Aggregated,12.100000,0.000000,2500,4000,4400,5500,6300,7600,8500,9400,11000,13000,13000,4049,0,2500,2812.1179031866895,36.4575000712648,12620.678500039503,498.7510496418869
1785351148,40,,Aggregated,11.100000,0.000000,2500,4000,4400,5500,6300,7600,8500,9400,11000,13000,13000,4058,0,2500,2814.088826836562,36.4575000712648,12620.678500039503,498.46821094135043
1785351149,40,,Aggregated,10.600000,0.000000,2500,4000,4400,5500,6300,7600,8500,9400,11000,13000,13000,4080,0,2500,2821.136732917352,36.4575000712648,12620.678500039503,498.26985294117645
1785351150,40,,Aggregated,9.900000,0.000000,2500,4000,4400,5500,6300,7700,8500,9400,11000,13000,13000,4094,0,2500,2821.721835760382,36.4575000712648,12620.678500039503,498.0723009281876
1785351151,40,,Aggregated,10.500000,0.000000,2500,4000,4400,5500,6300,7700,8500,9400,11000,13000,13000,4114,0,2500,2817.4683510945215,36.4575000712648,12620.678500039503,497.55590666018475
1785351152,40,,Aggregated,11.200000,0.000000,2500,4000,4400,5500,6300,7600,8500,9400,11000,13000,13000,4126,0,2500,2814.287910907096,36.4575000712648,12620.678500039503,497.2045564711585
1785351153,40,,Aggregated,11.500000,0.000000,2500,4000,4400,5500,6300,7600,8500,9400,11000,13000,13000,4140,0,2500,2810.8704128026047,36.4575000712648,12620.678500039503,496.8937198067633
1785351154,40,,Aggregated,12.200000,0.000000,2500,4000,4400,5500,6300,7600,8500,9400,11000,13000,13000,4150,0,2500,2812.7996626272006,36.4575000712648,12620.678500039503,497.01734939759035
1785351155,40,,Aggregated,12.100000,0.000000,2500,4000,4400,5500,6300,7600,8500,9400,11000,13000,13000,4164,0,2500,2814.4382373445596,36.4575000712648,12620.678500039503,496.9438040345821
1785351156,40,,Aggregated,12.800000,0.000000,2500,4000,4400,5500,6300,7600,8500,9400,11000,13000,13000,4173,0,2500,2813.547543758128,36.4575000712648,12620.678500039503,496.8279415288761
1785351157,40,,Aggregated,12.800000,0.000000,2500,4000,4400,5500,6300,7600,8500,9400,11000,13000,13000,4182,0,2500,2811.9715259212403,36.4575000712648,12620.678500039503,496.35796269727405
1785351158,40,,Aggregated,13.300000,0.000000,2500,4000,4400,5500,6300,7600,8500,9400,11000,13000,13000,4193,0,2500,2814.488167827966,36.4575000712648,12620.678500039503,496.40352969234436
1785351159,40,,Aggregated,13.200000,0.000000,2500,4000,4400,5500,6300,7600,8500,9400,11000,13000,13000,4201,0,2500,2814.729769674506,36.4575000712648,12620.678500039503,496.01594858367054
1785351160,40,,Aggregated,13.400000,0.000000,2500,4000,4400,5500,6300,7600,8500,9400,11000,13000,13000,4216,0,2500,2815.7978881174013,36.4575000712648,12620.678500039503,495.5149430740038
1785351161,40,,Aggregated,12.700000,0.000000,2500,4000,4400,5500,6300,7600,8500,9400,11000,13000,13000,4228,0,2500,2814.7245496695505,36.4575000712648,12620.678500039503,495.1705298013245
1785351162,40,,Aggregated,11.700000,0.000000,2500,4000,4400,5500,6300,7600,8500,9400,11000,13000,13000,4243,0,2500,2812.9197159327978,36.4575000712648,12620.678500039503,494.95522036295074
1785351163,40,,Aggregated,11.600000,0.000000,2500,4000,4400,5500,6400,7600,8500,9400,11000,13000,13000,4259,0,2500,2812.8839575493353,36.4575000712648,12620.678500039503,494.6642404320263
1785351164,40,,Aggregated,11.200000,0.000000,2500,4000,4400,5500,6400,7600,8500,9400,11000,13000,13000,4275,0,2500,2811.0063535444365,36.4575000712648,12620.678500039503,494.02573099415207
1785351165,40,,Aggregated,11.500000,0.000000,2500,4000,4400,5500,6400,7600,8500,9400,11000,13000,13000,4286,0,2500,2810.7212786753794,36.4575000712648,12620.678500039503,493.95823611759215
1785351166,40,,Aggregated,11.800000,0.000000,2500,4000,4400,5500,6400,7600,8500,9400,11000,13000,13000,4300,0,2500,2809.8709531169116,36.4575000712648,12620.678500039503,493.62697674418604
1785351167,40,,Aggregated,12.200000,0.000000,2500,4000,4400,5500,6400,7600,8500,9400,11000,13000,13000,4317,0,2500,2809.471722215166,36.4575000712648,12620.678500039503,493.2244614315497
1785351168,40,,Aggregated,12.200000,0.000000,2500,4000,4400,5500,6400,7600,8500,9400,11000,13000,13000,4335,0,2500,2807.429325906087,36.4575000712648,12620.678500039503,493.2475201845444
1785351169,40,,Aggregated,12.700000,0.000000,2500,4000,4400,5500,6400,7600,8500,9400,11000,13000,13000,4349,0,2500,2804.666876202114,36.4575000712648,12620.678500039503,492.91814210163255
1785351170,40,,Aggregated,13.700000,0.000000,2500,4000,4400,5500,6400,7600,8500,9400,11000,13000,13000,4356,0,2500,2803.393155280747,36.4575000712648,12620.678500039503,492.84894398530764
1785351171,40,,Aggregated,14.200000,0.000000,2500,4000,4400,5500,6400,7600,8500,9400,11000,13000,13000,4363,0,2500,2804.6028883343624,36.4575000712648,12620.678500039503,492.78157231262895
1785351172,40,,Aggregated,14.600000,0.000000,2500,4000,4400,5500,6400,7600,8500,9400,11000,13000,13000,4373,0,2500,2803.8018104968733,36.4575000712648,12620.678500039503,492.9400868968671
1785351173,40,,Aggregated,13.700000,0.000000,2500,4000,4400,5500,6400,7600,8500,9400,11000,13000,13000,4391,0,2500,2806.0676874522196,36.4575000712648,12620.678500039503,492.62605329082214
1785351174,40,,Aggregated,13.500000,0.000000,2500,4000,4400,5500,6400,7600,8500,9400,11000,13000,13000,4403,0,2500,2804.9805239161115,36.4575000712648,12620.678500039503,492.343175107881
1785351175,40,,Aggregated,13.700000,0.000000,2500,4000,4400,5500,6400,7600,8500,9400,11000,13000,13000,4415,0,2500,2803.2683575090614,36.4575000712648,12620.678500039503,491.98573046432614
1785351176,40,,Aggregated,13.100000,0.000000,2500,4000,4400,5500,6400,7700,8500,9400,11000,13000,13000,4432,0,2500,2806.864150587187,36.4575000712648,12620.678500039503,492.2317238267148
1785351177,40,,Aggregated,12.800000,0.000000,2500,4000,4400,5600,6400,7700,8500,9400,11000,13000,13000,4440,0,2500,2807.235166554631,36.4575000712648,12620.678500039503,492.0572072072072
1785351178,40,,Aggregated,13.000000,0.000000,2500,4000,4400,5600,6400,7700,8500,9400,11000,13000,13000,4453,0,2500,2806.9401228391457,36.4575000712648,12620.678500039503,491.96294632831797
1785351179,40,,Aggregated,12.800000,0.000000,2500,4000,4400,5600,6400,7700,8500,9400,11000,13000,13000,4466,0,2500,2806.096297783909,36.4575000712648,12620.678500039503,491.39296909986564
1785351180,40,,Aggregated,11.900000,0.000000,2500,4000,4500,5600,6400,7700,8500,9400,11000,13000,13000,4477,0,2500,2805.830151843399,36.4575000712648,12620.678500039503,491.34085324994413
1785351181,40,,Aggregated,11.800000,0.000000,2500,4000,4500,5600,6400,7700,8500,9400,11000,13000,13000,4487,0,2500,2805.0556076226585,36.4575000712648,12620.678500039503,491.31490973924673
1785351182,40,,Aggregated,11.800000,0.000000,2500,4000,4500,5600,6400,7700,8500,9400,11000,13000,13000,4494,0,2500,2807.221101758553,36.4575000712648,12620.678500039503,491.3587004895416
1785351183,40,,Aggregated,12.200000,0.000000,2500,4000,4500,5600,6400,7600,8500,9400,11000,13000,13000,4504,0,2500,2810.233340342558,36.4575000712648,12620.678500039503,491.6551953818828
1785351184,40,,Aggregated,12.200000,0.000000,2500,4000,4500,5600,6400,7700,8500,9400,11000,13000,13000,4523,0,2500,2813.6525927930593,36.4575000712648,12620.678500039503,491.2776917974796
1785351185,40,,Aggregated,11.500000,0.000000,2500,4000,4500,5600,6400,7700,8500,9400,11000,13000,13000,4530,0,2500,2814.123435453217,36.4575000712648,12620.678500039503,491.35916114790285
1785351186,40,,Aggregated,11.000000,0.000000,2500,4000,4500,5600,6400,7700,8500,9400,11000,13000,13000,4540,0,2500,2812.9370115204883,36.4575000712648,12620.678500039503,491.37202643171804
1785351187,40,,Aggregated,11.900000,0.000000,2500,4000,4500,5600,6400,7700,8500,9400,11000,13000,13000,4550,0,2500,2814.317315802841,36.4575000712648,12620.678500039503,491.20593406593406
1785351188,40,,Aggregated,11.000000,0.000000,2500,4000,4500,5600,6400,7700,8500,9400,11000,13000,13000,4561,0,2500,2814.1457208512898,36.4575000712648,12620.678500039503,490.96820872615655
1785351189,40,,Aggregated,10.800000,0.000000,2500,4000,4500,5600,6400,7700,8500,9400,11000,13000,13000,4574,0,2500,2816.4231068435993,36.4575000712648,12620.678500039503,491.0557498906865
1785351190,40,,Aggregated,10.800000,0.000000,2500,4000,4500,5600,6400,7700,8500,9400,11000,13000,13000,4591,0,2500,2816.9666595954736,36.4575000712648,12620.678500039503,490.8285776519277
1785351191,40,,Aggregated,11.000000,0.000000,2500,4000,4500,5600,6400,7700,8500,9400,11000,13000,13000,4606,0,2500,2816.4543729054703,36.4575000712648,12620.678500039503,490.24641771602256
1785351192,40,,Aggregated,10.700000,0.000000,2500,4000,4500,5600,6400,7700,8500,9400,11000,13000,13000,4618,0,2500,2815.426966826016,36.4575000712648,12620.678500039503,489.95171069727155
1785351193,40,,Aggregated,11.200000,0.000000,2500,4000,4500,5600,6400,7700,8500,9400,11000,13000,13000,4631,0,2500,2815.2687136476147,36.4575000712648,12620.678500039503,489.5873461455409
1785351194,40,,Aggregated,11.700000,0.000000,2500,4000,4500,5600,6400,7700,8500,9400,11000,13000,13000,4644,0,2500,2812.1935523691345,36.057099932804704,12620.678500039503,489.40051679586566
1785351195,40,,Aggregated,12.200000,0.000000,2500,4000,4500,5600,6400,7700,8500,9400,11000,13000,13000,4650,0,2500,2811.6286527316215,36.057099932804704,12620.678500039503,489.41333333333336
1785351196,40,,Aggregated,12.800000,0.000000,2500,4000,4500,5600,6400,7700,8500,9400,11000,13000,13000,4661,0,2500,2815.076513259368,36.057099932804704,12620.678500039503,489.5074018450976
1785351197,40,,Aggregated,12.100000,0.000000,2500,4000,4500,5600,6400,7700,8500,9400,11000,13000,13000,4675,0,2500,2813.9849273587615,36.057099932804704,12620.678500039503,489.1790374331551
1785351199,40,,Aggregated,12.000000,0.000000,2500,4000,4500,5600,6400,7700,8500,9400,11000,13000,13000,4685,0,2500,2813.4694470869504,36.057099932804704,12620.678500039503,489.0629669156884
1785351200,40,,Aggregated,12.100000,0.000000,2500,4000,4500,5600,6400,7700,8500,9400,11000,13000,13000,4694,0,2500,2814.5558483814207,36.057099932804704,12620.678500039503,488.8363868768641
1785351201,40,,Aggregated,12.500000,0.000000,2500,4000,4500,5600,6400,7700,8500,9400,11000,13000,13000,4709,0,2500,2815.8206880658786,36.057099932804704,12620.678500039503,488.4852410278191
1785351202,40,,Aggregated,12.000000,0.000000,2500,4000,4500,5600,6400,7700,8500,9400,11000,13000,13000,4721,0,2500,2818.013279856468,36.057099932804704,12620.678500039503,488.33806396949797
1785351203,40,,Aggregated,11.900000,0.000000,2500,4000,4500,5600,6400,7700,8500,9500,11000,13000,13000,4734,0,2500,2822.65314000898,36.057099932804704,12620.678500039503,487.70722433460077
1785351204,40,,Aggregated,11.800000,0.000000,2500,4000,4500,5600,6400,7700,8500,9500,11000,13000,13000,4747,0,2500,2821.7229557831215,36.057099932804704,12620.678500039503,487.8068253633874
1785351205,40,,Aggregated,11.500000,0.000000,2500,4000,4500,5600,6400,7700,8500,9500,11000,13000,13000,4759,0,2500,2820.5917962182493,36.057099932804704,12620.678500039503,487.6579113259088
1785351206,40,,Aggregated,11.500000,0.000000,2500,4000,4500,5600,6400,7700,8500,9500,11000,13000,13000,4771,0,2500,2819.4858923292095,36.057099932804704,12620.678500039503,487.3739258017187
1785351207,40,,Aggregated,11.400000,0.000000,2500,4000,4500,5600,6400,7700,8500,9500,11000,13000,13000,4781,0,2500,2817.970774859382,36.057099932804704,12620.678500039503,487.26019661158756
1785351208,40,,Aggregated,11.400000,0.000000,2500,4000,4500,5600,6400,7700,8500,9500,11000,13000,13000,4794,0,2500,2818.6166521699897,36.057099932804704,12620.678500039503,487.49937421777224
1785351209,40,,Aggregated,11.800000,0.000000,2500,4000,4500,5600,6400,7700,8500,9500,11000,13000,13000,4811,0,2500,2818.9324456459944,36.057099932804704,12620.678500039503,487.30180835585116
1785351210,40,,Aggregated,11.900000,0.000000,2500,4000,4500,5600,6400,7700,8500,9500,11000,13000,13000,4821,0,2500,2822.3161287083044,36.057099932804704,12620.678500039503,487.60029039618337
1785351211,40,,Aggregated,12.400000,0.000000,2500,4000,4500,5600,6400,7700,8500,9500,11000,13000,13000,4827,0,2500,2823.695643775165,36.057099932804704,12620.678500039503,487.88854360886677
1785351212,40,,Aggregated,12.400000,0.000000,2500,4000,4500,5600,6400,7700,8500,9500,11000,13000,13000,4835,0,2500,2823.735656587976,36.057099932804704,12620.678500039503,488.17642192347466
1785351213,40,,Aggregated,12.600000,0.000000,2500,4000,4500,5700,6400,7700,8500,9500,11000,13000,13000,4845,0,2500,2824.152563013993,36.057099932804704,12620.678500039503,488.1981424148607
1785351214,40,,Aggregated,11.400000,0.000000,2500,4000,4500,5700,6400,7700,8500,9500,11000,13000,13000,4853,0,2500,2824.472292293989,36.057099932804704,12620.678500039503,488.2188337111065
1785351215,40,,Aggregated,11.400000,0.000000,2500,4000,4500,5700,6400,7700,8500,9500,11000,13000,13000,4861,0,2500,2824.5753365362393,36.057099932804704,12620.678500039503,487.96852499485703
1785351216,40,,Aggregated,10.400000,0.000000,2500,4000,4500,5700,6400,7700,8500,9500,11000,13000,13000,4882,0,2500,2829.6878818523105,36.057099932804704,12620.678500039503,488.0145432199918
1785351217,40,,Aggregated,10.200000,0.000000,2500,4000,4500,5700,6400,7700,8500,9500,11000,13000,13000,4893,0,2500,2829.0237179037017,36.057099932804704,12620.678500039503,487.802983854486
1785351218,40,,Aggregated,11.000000,0.000000,2500,4000,4500,5700,6400,7700,8500,9400,11000,13000,13000,4903,0,2500,2831.421258250578,36.057099932804704,12620.678500039503,487.82459718539667
1785351219,40,,Aggregated,11.100000,0.000000,2500,4000,4500,5700,6400,7800,8500,9400,11000,13000,13000,4916,0,2500,2831.5653366156503,36.057099932804704,12620.678500039503,487.91822620016274
1785351220,40,,Aggregated,10.500000,0.000000,2500,4000,4600,5700,6400,7800,8500,9400,11000,13000,13000,4933,0,2500,2832.6873232115668,36.057099932804704,12620.678500039503,487.98763429961485
1785351221,40,,Aggregated,10.500000,0.000000,2500,4000,4500,5700,6400,7800,8500,9400,11000,13000,13000,4942,0,2500,2832.534197208083,36.057099932804704,12620.678500039503,488.20679886685554
1785351222,40,,Aggregated,10.600000,0.000000,2500,4000,4500,5700,6400,7800,8500,9400,11000,13000,13000,4953,0,2500,2831.4281138102897,36.057099932804704,12620.678500039503,487.99636583888554
1785351223,40,,Aggregated,11.600000,0.000000,2500,4000,4500,5700,6400,7800,8500,9400,11000,13000,13000,4959,0,2500,2833.4077233116295,36.057099932804704,12620.678500039503,488.275257108288
1785351224,40,,Aggregated,11.600000,0.000000,2500,4000,4500,5700,6400,7800,8500,9500,11000,13000,13000,4968,0,2500,2834.590589573713,36.057099932804704,12620.678500039503,488.36070853462155
1785351225,40,,Aggregated,11.300000,0.000000,2500,4000,4500,5700,6400,7800,8500,9500,11000,13000,13000,4975,0,2500,2835.532245608499,36.057099932804704,12620.678500039503,488.5748743718593
1785351226,40,,Aggregated,11.500000,0.000000,2500,4000,4600,5700,6400,7800,8500,9500,11000,13000,13000,4989,0,2500,2839.196298296697,36.057099932804704,12620.678500039503,488.6067348165965
1785351227,40,,Aggregated,11.300000,0.000000,2500,4000,4600,5700,6400,7800,8500,9500,11000,13000,13000,4999,0,2500,2837.5562062216904,36.057099932804704,12620.678500039503,488.36327265453093
1785351228,40,,Aggregated,10.700000,0.000000,2500,4000,4600,5700,6400,7800,8500,9500,11000,13000,13000,5014,0,2500,2838.6045669530017,36.057099932804704,12620.678500039503,487.73713601914636
1785351229,40,,Aggregated,10.700000,0.000000,2500,4000,4600,5700,6400,7800,8500,9500,11000,13000,13000,5024,0,2500,2838.3160335195435,36.057099932804704,12620.678500039503,487.76015127388536
1785351230,40,,Aggregated,11.400000,0.000000,2500,4000,4600,5700,6400,7800,8500,9500,11000,13000,13000,5033,0,2500,2842.1759181406455,36.057099932804704,12620.678500039503,487.97516391814025
1785351231,40,,Aggregated,10.800000,0.000000,2500,4000,4600,5700,6400,7800,8500,9500,11000,13000,13000,5041,0,2500,2844.776111208476,36.057099932804704,12620.678500039503,488.0888712557032
1785351232,40,,Aggregated,10.400000,0.000000,2500,4000,4600,5700,6400,7800,8500,9500,11000,13000,13000,5050,0,2500,2846.789230436054,36.057099932804704,12620.678500039503,488.4342574257426
1785351233,40,,Aggregated,9.800000,0.000000,2500,4000,4600,5700,6400,7800,8500,9500,11000,13000,13000,5065,0,2500,2845.974177157359,36.057099932804704,12620.678500039503,488.4005923000987
1785351234,40,,Aggregated,9.800000,0.000000,2500,4000,4600,5700,6400,7800,8500,9500,11000,13000,13000,5073,0,2500,2846.226060378906,36.057099932804704,12620.678500039503,488.5481963335304
1785351235,40,,Aggregated,10.300000,0.000000,2500,4000,4600,5700,6400,7800,8500,9600,11000,13000,13000,5089,0,2500,2846.461407585377,36.057099932804704,12620.678500039503,488.12733346433487
1785351236,40,,Aggregated,10.300000,0.000000,2500,4000,4600,5700,6400,7800,8500,9600,11000,14000,14000,5107,0,2500,2845.8294529864406,36.057099932804704,13792.360799969174,487.6483258272959
1785351237,40,,Aggregated,11.100000,0.000000,2500,4000,4600,5700,6400,7800,8500,9600,11000,14000,14000,5129,0,2500,2846.3160306690465,36.057099932804704,13792.360799969174,487.1195164749464
1785351238,40,,Aggregated,11.500000,0.000000,2500,4000,4600,5700,6400,7800,8500,9600,11000,14000,14000,5142,0,2500,2842.575826040765,36.057099932804704,13792.360799969174,486.67133411124075
1785351239,40,,Aggregated,12.200000,0.000000,2500,4000,4600,5700,6400,7800,8500,9600,11000,14000,14000,5156,0,2500,2842.399488363386,36.057099932804704,13792.360799969174,486.51415826221876
1785351240,40,,Aggregated,12.300000,0.000000,2500,4000,4600,5700,6400,7800,8500,9600,11000,14000,14000,5173,0,2500,2840.822784438715,36.057099932804704,13792.360799969174,486.33732843611057
1785351241,40,,Aggregated,12.600000,0.000000,2500,4000,4600,5700,6400,7800,8500,9600,11000,14000,14000,5184,0,2500,2837.9709912425665,36.057099932804704,13792.360799969174,486.03935185185185
1785351242,40,,Aggregated,13.400000,0.000000,2500,4000,4600,5700,6400,7800,8500,9600,11000,14000,14000,5193,0,2500,2837.444818833245,36.057099932804704,13792.360799969174,485.70999422299246
1785351243,40,,Aggregated,14.000000,0.000000,2500,4000,4600,5700,6400,7800,8500,9600,11000,14000,14000,5205,0,2500,2838.2789141980584,36.057099932804704,13792.360799969174,485.67223823246877
1785351244,40,,Aggregated,14.000000,0.000000,2500,4000,4600,5700,6400,7800,8500,9600,11000,14000,14000,5214,0,2500,2838.0129376104596,36.057099932804704,13792.360799969174,485.7523973916379
1785351245,40,,Aggregated,14.000000,0.000000,2500,4000,4600,5700,6400,7800,8500,9600,11000,14000,14000,5224,0,2500,2835.8329516655713,36.057099932804704,13792.360799969174,485.6483537519142
1785351246,40,,Aggregated,14.200000,0.000000,2500,4000,4600,5700,6400,7800,8500,9600,11000,14000,14000,5234,0,2500,2837.2062784106142,36.057099932804704,13792.360799969174,485.79327474207105
1785351247,40,,Aggregated,13.300000,0.000000,2500,4000,4600,5700,6400,7800,8500,9600,11000,14000,14000,5250,0,2500,2838.779764343083,36.057099932804704,13792.360799969174,485.82609523809526
1785351248,40,,Aggregated,12.700000,0.000000,2500,4000,4600,5700,6400,7800,8500,9600,11000,14000,14000,5264,0,2500,2840.096443028282,36.057099932804704,13792.360799969174,485.9802431610942
1785351249,40,,Aggregated,12.800000,0.000000,2500,4000,4600,5700,6400,7800,8500,9600,11000,14000,14000,5271,0,2500,2839.8816374882567,36.057099932804704,13792.360799969174,486.05615632707264
1785351250,40,,Aggregated,12.500000,0.000000,2500,4000,4600,5700,6400,7800,8500,9600,12000,14000,14000,5277,0,2500,2841.7336663446386,36.057099932804704,13792.360799969174,486.1921546333144
1785351251,40,,Aggregated,12.100000,0.000000,2500,4000,4600,5700,6400,7800,8500,9600,12000,14000,14000,5288,0,2500,2844.259439882912,36.057099932804704,13792.360799969174,486.2804462934947
1785351252,40,,Aggregated,11.000000,0.000000,2500,4000,4600,5700,6400,7800,8500,9600,12000,14000,14000,5302,0,2500,2845.6259471710136,36.057099932804704,13792.360799969174,486.40399849113544
1785351253,40,,Aggregated,10.500000,0.000000,2500,4000,4600,5700,6400,7800,8500,9600,12000,14000,14000,5310,0,2500,2845.3940695670058,36.057099932804704,13792.360799969174,486.30018832391715
1785351254,40,,Aggregated,10.700000,0.000000,2500,4000,4600,5700,6400,7800,8500,9600,12000,14000,14000,5318,0,2500,2845.042168503328,36.057099932804704,13792.360799969174,486.321737495299
1785351255,40,,Aggregated,10.500000,0.000000,2500,4000,4600,5700,6400,7800,8500,9600,12000,14000,14000,5333,0,2500,2847.0421295519986,36.057099932804704,13792.360799969174,486.2943933995875
1785351256,40,,Aggregated,10.300000,0.000000,2500,4100,4600,5700,6400,7800,8500,9600,12000,14000,14000,5350,0,2500,2847.062621159015,36.057099932804704,13792.360799969174,485.99794392523364
1785351257,40,,Aggregated,10.900000,0.000000,2500,4000,4600,5700,6400,7800,8500,9600,12000,14000,14000,5365,0,2500,2846.439297670224,36.057099932804704,13792.360799969174,485.9455731593663
1785351258,40,,Aggregated,11.100000,0.000000,2500,4000,4600,5700,6400,7800,8500,9600,12000,14000,14000,5374,0,2500,2845.4221663194726,36.057099932804704,13792.360799969174,485.75158168961667
1785351259,40,,Aggregated,11.000000,0.000000,2500,4000,4600,5700,6400,7800,8500,9700,12000,14000,14000,5383,0,2500,2847.573408136837,36.057099932804704,13792.360799969174,485.8361508452536
1785351260,40,,Aggregated,10.700000,0.000000,2500,4000,4600,5700,6400,7800,8500,9700,12000,14000,14000,5395,0,2500,2846.9230232624036,36.057099932804704,13792.360799969174,485.5599629286376
1785351261,40,,Aggregated,10.600000,0.000000,2500,4100,4600,5700,6400,7800,8500,9600,12000,14000,14000,5407,0,2500,2848.5545430924226,36.057099932804704,13792.360799969174,485.6800443869059
1785351262,40,,Aggregated,11.400000,0.000000,2500,4100,4600,5700,6400,7800,8500,9700,12000,15000,15000,5416,0,2500,2849.9468708273566,36.057099932804704,14744.474899955094,485.48818316100443
1785351263,40,,Aggregated,11.900000,0.000000,2500,4100,4600,5700,6400,7800,8500,9700,12000,15000,15000,5426,0,2500,2852.135495411171,36.057099932804704,14744.474899955094,485.4826760044231
1785351264,40,,Aggregated,11.400000,0.000000,2500,4100,4600,5700,6400,7800,8500,9700,12000,15000,15000,5443,0,2500,2852.8516898771486,36.057099932804704,14744.474899955094,485.5568620246188
1785351265,40,,Aggregated,11.800000,0.000000,2500,4100,4600,5700,6400,7800,8500,9700,12000,15000,15000,5452,0,2500,2851.2013581440074,36.057099932804704,14744.474899955094,485.39875275128395
1785351266,40,,Aggregated,12.100000,0.000000,2500,4100,4600,5700,6400,7800,8500,9700,12000,15000,15000,5462,0,2500,2851.935612266782,36.057099932804704,14744.474899955094,485.302087147565
1785351267,40,,Aggregated,12.200000,0.000000,2500,4100,4600,5700,6400,7800,8500,9700,12000,15000,15000,5474,0,2500,2852.4123303984293,36.057099932804704,14744.474899955094,485.3008768724881
1785351268,40,,Aggregated,12.000000,0.000000,2500,4100,4600,5700,6400,7800,8500,9700,12000,15000,15000,5486,0,2500,2852.3468453155756,36.057099932804704,14744.474899955094,485.30258840685383
1785351269,40,,Aggregated,11.200000,0.000000,2500,4100,4600,5800,6400,7800,8500,9600,12000,15000,15000,5503,0,2500,2854.8619138290787,36.057099932804704,14744.474899955094,485.0703252771216
1785351270,40,,Aggregated,11.000000,0.000000,2500,4100,4600,5800,6400,7800,8500,9600,12000,15000,15000,5515,0,2500,2853.3220318951016,36.057099932804704,14744.474899955094,484.8591115140526
1785351271,40,,Aggregated,11.800000,0.000000,2500,4100,4600,5800,6400,7800,8500,9600,12000,15000,15000,5525,0,2500,2852.8706855387445,36.057099932804704,14744.474899955094,484.8828959276018
1785351272,40,,Aggregated,12.300000,0.000000,2500,4100,4600,5700,6400,7800,8500,9600,12000,15000,15000,5531,0,2500,2851.4444973244545,36.057099932804704,14744.474899955094,484.7774362683059
1785351273,40,,Aggregated,11.600000,0.000000,2500,4100,4600,5800,6400,7800,8500,9600,12000,15000,15000,5544,0,2500,2852.1639837485036,36.057099932804704,14744.474899955094,484.87085137085137
1785351274,40,,Aggregated,11.700000,0.000000,2500,4100,4600,5800,6400,7800,8500,9600,12000,15000,15000,5558,0,2500,2853.611454174466,36.057099932804704,14744.474899955094,484.8686577905722
1785351275,40,,Aggregated,11.400000,0.000000,2500,4100,4600,5800,6400,7800,8500,9600,12000,15000,15000,5567,0,2500,2854.3856473328037,36.057099932804704,14744.474899955094,484.8009700017963
1785351276,40,,Aggregated,11.700000,0.000000,2500,4100,4600,5800,6400,7800,8500,9700,12000,15000,15000,5582,0,2500,2855.819867861257,36.057099932804704,14744.474899955094,484.896990326048
1785351277,40,,Aggregated,11.100000,0.000000,2500,4100,4600,5800,6400,7800,8500,9700,12000,15000,15000,5598,0,2500,2855.7008257951966,36.057099932804704,14744.474899955094,484.67006073597713
1785351278,40,,Aggregated,11.200000,0.000000,2500,4100,4600,5800,6400,7800,8500,9600,12000,15000,15000,5610,0,2500,2854.091696185651,36.057099932804704,14744.474899955094,484.31711229946524
1785351279,40,,Aggregated,11.900000,0.000000,2500,4100,4700,5800,6400,7800,8500,9600,12000,15000,15000,5624,0,2500,2856.8859108822166,36.057099932804704,14744.474899955094,484.1461593172119
1785351280,40,,Aggregated,12.400000,0.000000,2500,4100,4700,5800,6400,7800,8500,9600,12000,15000,15000,5635,0,2500,2856.4596782789363,36.057099932804704,14744.474899955094,484.0851818988465
1785351281,40,,Aggregated,11.700000,0.000000,2500,4100,4700,5800,6400,7800,8500,9600,12000,15000,15000,5644,0,2500,2855.5583344439824,36.057099932804704,14744.474899955094,484.0201984408221
1785351282,40,,Aggregated,11.900000,0.000000,2500,4100,4700,5800,6400,7800,8500,9600,12000,15000,15000,5653,0,2500,2856.1949449499475,36.057099932804704,14744.474899955094,484.2182911728286
1785351283,40,,Aggregated,11.700000,0.000000,2500,4100,4700,5800,6400,7800,8500,9600,12000,15000,15000,5664,0,2500,2857.6607592164955,36.057099932804704,14744.474899955094,484.4231991525424
1785351284,40,,Aggregated,12.000000,0.000000,2500,4100,4700,5800,6400,7800,8500,9600,12000,15000,15000,5675,0,2500,2858.256455225027,36.057099932804704,14744.474899955094,484.4780616740088
1785351285,40,,Aggregated,11.900000,0.000000,2500,4100,4700,5800,6400,7800,8500,9600,12000,15000,15000,5690,0,2500,2856.671408734967,36.057099932804704,14744.474899955094,484.2279437609842
1785351286,40,,Aggregated,11.600000,0.000000,2500,4100,4700,5800,6400,7800,8500,9600,12000,15000,15000,5699,0,2500,2854.3249824885033,36.057099932804704,14744.474899955094,483.96139673626953
1785351287,40,,Aggregated,11.700000,0.000000,2500,4100,4700,5800,6400,7800,8500,9600,12000,15000,15000,5711,0,2500,2856.3738049206727,36.057099932804704,14744.474899955094,483.6746629311854
1785351288,40,,Aggregated,12.100000,0.000000,2500,4100,4700,5800,6400,7800,8500,9600,12000,15000,15000,5727,0,2500,2856.911520988665,36.057099932804704,14744.474899955094,483.2016762702986
1785351289,40,,Aggregated,11.400000,0.000000,2500,4100,4700,5800,6400,7800,8500,9600,12000,15000,15000,5739,0,2500,2856.2650080505186,36.057099932804704,14744.474899955094,483.2327931695417
1785351290,40,,Aggregated,11.500000,0.000000,2500,4100,4700,5800,6400,7800,8500,9600,12000,15000,15000,5749,0,2500,2855.3500142984567,36.057099932804704,14744.474899955094,483.1429813880675
1785351291,40,,Aggregated,11.700000,0.000000,2500,4100,4700,5800,6400,7800,8500,9600,12000,15000,15000,5761,0,2500,2853.8650762718207,36.057099932804704,14744.474899955094,482.94775212636694
1785351292,40,,Aggregated,11.200000,0.000000,2500,4100,4700,5800,6400,7900,8600,9700,12000,15000,15000,5781,0,2500,2857.793059713122,36.057099932804704,14744.474899955094,483.1165888254627
1785351293,40,,Aggregated,11.400000,0.000000,2500,4100,4700,5800,6400,7900,8600,9700,12000,15000,15000,5789,0,2500,2855.924445759434,36.057099932804704,14744.474899955094,482.9136292969425
1785351294,40,,Aggregated,12.100000,0.000000,2500,4100,4700,5800,6400,7900,8600,9700,12000,15000,15000,5799,0,2500,2853.635419244913,36.057099932804704,14744.474899955094,482.71374374892224
1785351295,40,,Aggregated,12.500000,0.000000,2500,4100,4700,5800,6400,7900,8500,9600,12000,15000,15000,5814,0,2500,2854.161657464891,36.057099932804704,14744.474899955094,482.5868593051256
1785351296,40,,Aggregated,12.400000,0.000000,2500,4100,4700,5800,6400,7900,8500,9600,12000,15000,15000,5823,0,2500,2856.488350231937,36.057099932804704,14744.474899955094,482.8955864674566
1785351297,40,,Aggregated,12.600000,0.000000,2500,4100,4700,5800,6400,7900,8500,9600,12000,15000,15000,5831,0,2500,2859.2059412623094,36.057099932804704,14744.474899955094,483.1145601097582
1785351298,40,,Aggregated,12.400000,0.000000,2500,4100,4700,5800,6400,7900,8600,9700,12000,15000,15000,5839,0,2500,2860.1863618257676,36.057099932804704,14744.474899955094,483.2510703887652
1785351299,40,,Aggregated,12.200000,0.000000,2500,4100,4700,5800,6400,7900,8600,9800,12000,15000,15000,5851,0,2500,2864.8975862588677,36.057099932804704,14744.474899955094,483.3373782259443
1785351300,40,,Aggregated,11.500000,0.000000,2500,4100,4700,5800,6400,7900,8600,9800,12000,15000,15000,5859,0,2500,2865.9500529954967,36.057099932804704,14744.474899955094,483.3599590373784
1785351301,40,,Aggregated,11.300000,0.000000,2500,4100,4700,5800,6400,7900,8600,9800,12000,15000,15000,5874,0,2500,2865.6307613722133,36.057099932804704,14744.474899955094,483.3398025195778
1785351302,40,,Aggregated,11.100000,0.000000,2500,4100,4700,5800,6400,7900,8600,9800,12000,15000,15000,5883,0,2500,2866.3914006460122,36.057099932804704,14744.474899955094,483.52609212986573
1785351303,40,,Aggregated,11.100000,0.000000,2500,4100,4700,5800,6400,7900,8600,9800,12000,15000,15000,5890,0,2500,2866.709310730121,36.057099932804704,14744.474899955094,483.5964346349745
1785351304,40,,Aggregated,10.800000,0.000000,2500,4100,4700,5800,6400,7900,8600,9700,12000,15000,15000,5902,0,2500,2868.8732410709144,36.057099932804704,14744.474899955094,483.5096577431379
1785351305,40,,Aggregated,10.200000,0.000000,2500,4100,4700,5800,6400,7900,8600,9700,12000,15000,15000,5912,0,2500,2869.5979590325733,36.057099932804704,14744.474899955094,483.64140730717185
1785351306,40,,Aggregated,10.100000,0.000000,2500,4100,4700,5800,6400,7900,8600,9700,12000,15000,15000,5928,0,2500,2869.1325691296693,36.057099932804704,14744.474899955094,483.5340755735493
1785351307,40,,Aggregated,9.900000,0.000000,2500,4100,4700,5800,6400,7900,8600,9700,12000,15000,15000,5941,0,2500,2872.764990187001,36.057099932804704,14744.474899955094,483.6970207035853
1785351308,40,,Aggregated,9.600000,0.000000,2500,4100,4700,5800,6400,7900,8600,9700,12000,15000,15000,5951,0,2500,2872.476646362145,36.057099932804704,14744.474899955094,483.8260796504789
1785351309,40,,Aggregated,10.400000,0.000000,2500,4100,4800,5800,6400,7900,8600,9700,12000,15000,15000,5960,0,2500,2873.39821092304,36.057099932804704,14744.474899955094,483.8998322147651
1785351310,40,,Aggregated,11.000000,0.000000,2500,4100,4700,5800,6400,7900,8600,9700,12000,15000,15000,5968,0,2500,2872.162790633587,36.057099932804704,14744.474899955094,483.8084785522788
1785351311,40,,Aggregated,11.000000,0.000000,2500,4100,4700,5800,6400,7900,8600,9700,12000,15000,15000,5979,0,2500,2872.4965632549643,36.057099932804704,14744.474899955094,483.7815688242181
1785351312,40,,Aggregated,10.800000,0.000000,2500,4100,4700,5800,6400,7900,8600,9700,12000,15000,15000,5993,0,2500,2871.9761978477354,36.057099932804704,14744.474899955094,483.56732854997495
1785351313,40,,Aggregated,10.700000,0.000000,2500,4100,4700,5800,6400,7900,8600,9700,12000,15000,15000,6003,0,2500,2872.4751547728943,36.057099932804704,14744.474899955094,483.20706313509913
1785351314,40,,Aggregated,10.400000,0.000000,2500,4100,4700,5800,6400,7900,8600,9700,12000,15000,15000,6015,0,2500,2873.549049792463,36.057099932804704,14744.474899955094,482.9640897755611
1785351316,40,,Aggregated,11.000000,0.000000,2500,4100,4700,5800,6400,7900,8600,9700,12000,15000,15000,6029,0,2500,2874.1852630124367,36.057099932804704,14744.474899955094,483.1139492453143
1785351317,40,,Aggregated,11.000000,0.000000,2500,4100,4700,5800,6400,7900,8600,9700,12000,15000,15000,6041,0,2500,2874.3325555705824,36.057099932804704,14744.474899955094,483.1441814269161
1785351318,40,,Aggregated,11.300000,0.000000,2500,4100,4800,5800,6400,7900,8600,9700,12000,15000,15000,6052,0,2500,2876.868752181394,36.057099932804704,14744.474899955094,483.30684071381364
1785351319,40,,Aggregated,11.600000,0.000000,2500,4100,4800,5800,6400,7900,8600,9700,12000,15000,15000,6058,0,2500,2878.2547361838365,36.057099932804704,14744.474899955094,483.43298118190825
1785351320,40,,Aggregated,11.300000,0.000000,2500,4100,4800,5800,6400,7900,8600,9700,12000,15000,15000,6064,0,2500,2879.3350915075544,36.057099932804704,14744.474899955094,483.3134894459103
1785351321,40,,Aggregated,11.000000,0.000000,2500,4100,4800,5800,6400,7900,8600,9700,12000,15000,15000,6076,0,2500,2879.481780069373,36.057099932804704,14744.474899955094,483.3446346280448
1785351322,40,,Aggregated,10.700000,0.000000,2500,4100,4800,5800,6400,7900,8600,9700,12000,15000,15000,6088,0,2500,2880.4124769220784,36.057099932804704,14744.474899955094,483.1021681997372
1785351323,40,,Aggregated,10.300000,0.000000,2500,4100,4800,5800,6400,7900,8600,9700,12000,15000,15000,6097,0,2500,2881.241036395223,36.057099932804704,14744.474899955094,483.0446121043136
1785351324,40,,Aggregated,10.700000,0.000000,2500,4100,4800,5800,6400,7900,8600,9700,12000,15000,15000,6106,0,2500,2881.3469698332387,36.057099932804704,14744.474899955094,483.01473960039306
1785351325,40,,Aggregated,10.800000,0.000000,2500,4100,4800,5800,6500,7900,8600,9700,12000,15000,15000,6113,0,2500,2883.713470473079,36.057099932804704,14744.474899955094,483.0595452314739
1785351326,40,,Aggregated,10.300000,0.000000,2500,4100,4800,5800,6500,7900,8600,9700,12000,15000,15000,6125,0,2500,2887.3401236248137,36.057099932804704,14744.474899955094,483.0355918367347
1785351327,40,,Aggregated,10.300000,0.000000,2600,4100,4800,5800,6500,7900,8600,9700,12000,15000,15000,6137,0,2600,2889.822188496343,36.057099932804704,14744.474899955094,483.14534788984844
1785351328,40,,Aggregated,9.600000,0.000000,2600,4100,4800,5800,6500,7900,8600,9700,12000,15000,15000,6151,0,2600,2890.843954544302,36.057099932804704,14744.474899955094,483.2617460575516
1785351329,40,,Aggregated,9.600000,0.000000,2600,4100,4800,5800,6500,7900,8600,9700,12000,15000,15000,6163,0,2600,2891.4833053873535,36.057099932804704,14744.474899955094,483.15852669154634
1785351330,40,,Aggregated,9.800000,0.000000,2600,4100,4800,5800,6500,7900,8600,9700,12000,15000,15000,6172,0,2500,2890.987168082016,36.057099932804704,14744.474899955094,482.9687297472456
1785351331,40,,Aggregated,10.400000,0.000000,2600,4100,4800,5800,6500,7900,8600,9700,12000,15000,15000,6183,0,2600,2891.962551641934,36.057099932804704,14744.474899955094,483.0535338832282
1785351332,40,,Aggregated,10.400000,0.000000,2600,4100,4800,5800,6500,7900,8600,9700,12000,15000,15000,6190,0,2600,2892.542691341204,36.057099932804704,14744.474899955094,483.23327948303717
1785351333,40,,Aggregated,10.700000,0.000000,2600,4100,4800,5800,6500,7900,8600,9600,12000,15000,15000,6202,0,2600,2894.1623063692236,36.057099932804704,14744.474899955094,483.02483069977427
1785351334,40,,Aggregated,10.200000,0.000000,2600,4100,4800,5800,6500,7900,8600,9600,12000,15000,15000,6215,0,2600,2893.4999793084507,36.057099932804704,14744.474899955094,482.87433628318587
1785351335,40,,Aggregated,10.200000,0.000000,2600,4100,4800,5800,6500,7900,8600,9700,12000,15000,15000,6231,0,2600,2893.004251324373,36.057099932804704,14744.474899955094,482.7038998555609
1785351336,40,,Aggregated,10.800000,0.000000,2500,4100,4800,5800,6500,7900,8600,9700,12000,15000,15000,6248,0,2500,2890.4700896770205,36.057099932804704,14744.474899955094,482.48463508322664
1785351337,40,,Aggregated,11.800000,0.000000,2500,4100,4800,5800,6500,7900,8600,9700,12000,15000,15000,6265,0,2500,2890.040632913304,36.057099932804704,14744.474899955094,482.4785315243416
1785351338,40,,Aggregated,12.100000,0.000000,2500,4100,4800,5800,6500,7900,8600,9700,12000,15000,15000,6280,0,2500,2889.2799224525334,36.057099932804704,14744.474899955094,482.1248407643312
1785351339,40,,Aggregated,12.600000,0.000000,2500,4100,4800,5800,6500,7900,8600,9700,12000,15000,15000,6286,0,2500,2888.257115606418,36.057099932804704,14744.474899955094,482.010817690105
1785351340,40,,Aggregated,12.700000,0.000000,2500,4100,4800,5800,6500,7900,8600,9700,12000,15000,15000,6303,0,2500,2890.0878719977472,36.057099932804704,14744.474899955094,482.21624623195305
1785351341,40,,Aggregated,12.300000,0.000000,2500,4100,4800,5800,6500,7900,8600,9700,12000,15000,15000,6309,0,2500,2890.973572594984,36.057099932804704,14744.474899955094,482.31035029323186
1785351342,40,,Aggregated,12.300000,0.000000,2500,4100,4800,5800,6500,7900,8600,9700,12000,15000,15000,6314,0,2500,2891.8760668834057,36.057099932804704,14744.474899955094,482.3500158378207
1785351343,40,,Aggregated,12.700000,0.000000,2500,4100,4800,5800,6500,7900,8600,9700,12000,15000,15000,6321,0,2500,2892.8431342670183,36.057099932804704,14744.474899955094,482.42050308495493
1785351344,40,,Aggregated,12.400000,0.000000,2600,4100,4800,5800,6500,7900,8600,9700,12000,15000,15000,6330,0,2600,2893.685770774394,36.057099932804704,14744.474899955094,482.6003159557662
1785351345,40,,Aggregated,11.700000,0.000000,2600,4100,4900,5800,6500,7900,8600,9700,12000,15000,15000,6342,0,2600,2897.341137764482,36.057099932804704,14744.474899955094,482.63434247871334
1785351346,40,,Aggregated,11.300000,0.000000,2600,4100,4900,5800,6500,7900,8600,9700,12000,15000,15000,6349,0,2600,2897.735473870309,36.057099932804704,14744.474899955094,482.7042053866751
1785351347,40,,Aggregated,11.000000,0.000000,2600,4100,4900,5800,6500,7900,8600,9700,12000,15000,15000,6358,0,2600,2897.504227980901,36.057099932804704,14744.474899955094,482.573765335011
1785351348,40,,Aggregated,11.000000,0.000000,2600,4100,4900,5800,6500,7900,8600,9700,12000,15000,15000,6367,0,2600,2900.993652238504,36.057099932804704,14744.474899955094,482.51829747133655
1785351349,40,,Aggregated,9.300000,0.000000,2600,4100,4900,5800,6500,7900,8600,9700,12000,15000,15000,6381,0,2600,2903.5774543335806,36.057099932804704,14744.474899955094,482.65898761949535
1785351350,40,,Aggregated,9.000000,0.000000,2600,4100,4900,5800,6500,7900,8600,9700,12000,15000,15000,6388,0,2600,2905.7882816378865,36.057099932804704,14744.474899955094,482.7036631183469
1785351351,35,,Aggregated,9.000000,0.000000,2600,4100,5000,5900,6500,7900,8600,9700,12000,15000,15000,6392,0,2600,2906.285786420984,36.057099932804704,14744.474899955094,482.5852628285357
1785351352,30,,Aggregated,8.400000,0.000000,2600,4100,5000,5900,6500,7900,8600,9700,12000,15000,15000,6402,0,2600,2909.4587790225796,36.057099932804704,14744.474899955094,482.89409559512654
1785351353,25,,Aggregated,8.400000,0.000000,2600,4100,5000,5900,6500,7900,8600,9700,12000,15000,15000,6406,0,2600,2911.1181316425973,36.057099932804704,14744.474899955094,483.1108335935061
1785351354,20,,Aggregated,8.500000,0.000000,2600,4100,5000,5900,6500,7900,8600,9700,12000,15000,15000,6413,0,2600,2912.4689422894858,36.057099932804704,14744.474899955094,483.1808825822548
1785351355,20,,Aggregated,8.500000,0.000000,2600,4100,5000,5900,6500,7900,8600,9700,12000,15000,15000,6416,0,2600,2912.907859507872,36.057099932804704,14744.474899955094,483.24049251870326
1785351356,20,,Aggregated,8.500000,0.000000,2600,4100,5000,5900,6500,7900,8600,9700,12000,15000,15000,6421,0,2600,2914.5028947987253,36.057099932804704,14744.474899955094,483.38124902663134
1785351357,20,,Aggregated,7.300000,0.000000,2600,4100,5000,5900,6500,7900,8600,9700,12000,15000,15000,6424,0,2600,2915.1063010900752,36.057099932804704,14744.474899955094,483.41391656288914
1785351358,20,,Aggregated,7.400000,0.000000,2600,4100,5000,5900,6500,7900,8600,9700,12000,15000,15000,6437,0,2600,2916.602798524545,36.057099932804704,14744.474899955094,483.5449743669411
1785351359,20,,Aggregated,6.600000,0.000000,2600,4100,5000,5900,6500,7900,8600,9700,12000,15000,15000,6444,0,2600,2915.8953837061504,36.057099932804704,14744.474899955094,483.68963376784603
1785351360,20,,Aggregated,6.700000,0.000000,2600,4100,5000,5900,6500,7900,8600,9700,12000,15000,15000,6454,0,2600,2915.193087666946,36.057099932804704,14744.474899955094,483.9194298109699
1785351361,20,,Aggregated,6.100000,0.000000,2600,4100,5000,5800,6500,7900,8600,9700,12000,15000,15000,6461,0,2600,2913.6322150599744,36.057099932804704,14744.474899955094,483.8572976319455
1785351362,20,,Aggregated,6.700000,0.000000,2600,4100,5000,5800,6500,7900,8600,9700,12000,15000,15000,6471,0,2600,2913.0778483236736,36.057099932804704,14744.474899955094,484.1826611033843
1785351363,20,,Aggregated,6.600000,0.000000,2600,4100,4900,5800,6500,7900,8600,9700,12000,15000,15000,6479,0,2600,2911.9374252357616,36.057099932804704,14744.474899955094,484.2992745794104
1785351364,20,,Aggregated,6.800000,0.000000,2600,4100,4900,5800,6500,7900,8600,9700,12000,15000,15000,6487,0,2600,2910.6863281027686,36.057099932804704,14744.474899955094,484.5173423770618
1785351365,20,,Aggregated,7.100000,0.000000,2600,4100,4900,5800,6500,7900,8600,9700,12000,15000,15000,6494,0,2600,2910.62186184212,36.057099932804704,14744.474899955094,484.655990144749
1785351366,20,,Aggregated,7.200000,0.000000,2600,4100,4900,5800,6500,7900,8600,9700,12000,15000,15000,6502,0,2600,2909.6132835900958,36.057099932804704,14744.474899955094,484.87250076899414
1785351367,20,,Aggregated,7.800000,0.000000,2600,4100,4900,5800,6500,7900,8600,9700,12000,15000,15000,6513,0,2600,2908.1991843240953,36.057099932804704,14744.474899955094,485.0187317672348
1785351368,20,,Aggregated,7.900000,0.000000,2600,4100,4900,5800,6500,7900,8600,9700,12000,15000,15000,6517,0,2600,2908.3597859448623,36.057099932804704,14744.474899955094,485.12705232468926
1785351369,20,,Aggregated,8.800000,0.000000,2600,4100,4900,5800,6500,7900,8600,9700,12000,15000,15000,6529,0,2600,2906.0984530866117,36.057099932804704,14744.474899955094,485.3481390718334
1785351370,20,,Aggregated,8.000000,0.000000,2600,4100,4900,5800,6500,7900,8600,9700,12000,15000,15000,6538,0,2600,2905.592919241731,36.057099932804704,14744.474899955094,485.51453043744266
1785351371,20,,Aggregated,8.200000,0.000000,2600,4100,4900,5800,6500,7900,8600,9700,12000,15000,15000,6544,0,2600,2904.8644272161196,36.057099932804704,14744.474899955094,485.4746332518337
1785351372,20,,Aggregated,8.400000,0.000000,2600,4100,4800,5800,6500,7900,8600,9700,12000,15000,15000,6550,0,2600,2904.8163775423272,36.057099932804704,14744.474899955094,485.79022900763357
1785351373,20,,Aggregated,8.400000,0.000000,2600,4100,4800,5800,6500,7900,8600,9700,12000,15000,15000,6557,0,2600,2904.642974927876,36.057099932804704,14744.474899955094,486.0311117889279
1785351374,20,,Aggregated,8.100000,0.000000,2600,4100,4800,5800,6500,7900,8600,9700,12000,15000,15000,6563,0,2600,2904.4069004269336,36.057099932804704,14744.474899955094,486.01843669053784
1785351375,20,,Aggregated,8.100000,0.000000,2600,4100,4800,5800,6500,7900,8600,9700,12000,15000,15000,6574,0,2600,2903.5498745364116,36.057099932804704,14744.474899955094,485.93808944326133
1785351376,20,,Aggregated,7.800000,0.000000,2600,4100,4800,5800,6500,7900,8600,9700,12000,15000,15000,6581,0,2600,2902.8172323966855,36.057099932804704,14744.474899955094,485.97523172770093
1785351377,20,,Aggregated,7.800000,0.000000,2600,4100,4800,5800,6500,7900,8600,9700,12000,15000,15000,6590,0,2600,2902.096081047436,36.057099932804704,14744.474899955094,486.14264036418814
1785351378,20,,Aggregated,7.900000,0.000000,2600,4100,4800,5800,6500,7900,8600,9700,12000,15000,15000,6595,0,2600,2901.724562669087,36.057099932804704,14744.474899955094,486.3035633055345
1785351379,20,,Aggregated,7.700000,0.000000,2600,4100,4800,5800,6500,7900,8600,9600,12000,15000,15000,6602,0,2600,2902.198894744429,36.057099932804704,14744.474899955094,486.4165404422902
1785351380,20,,Aggregated,8.000000,0.000000,2600,4100,4800,5800,6500,7900,8600,9600,12000,15000,15000,6611,0,2600,2901.8561539862085,36.057099932804704,14744.474899955094,486.6584480411436
1785351381,20,,Aggregated,7.500000,0.000000,2600,4100,4800,5800,6500,7900,8600,9600,12000,15000,15000,6616,0,2600,2901.1852027966793,36.057099932804704,14744.474899955094,486.8177146311971
1785351382,20,,Aggregated,7.200000,0.000000,2600,4100,4800,5800,6500,7900,8600,9600,12000,15000,15000,6623,0,2600,2901.1148841164086,36.057099932804704,14744.474899955094,487.07957119130305
1785351383,20,,Aggregated,7.100000,0.000000,2600,4100,4800,5800,6500,7900,8600,9600,12000,15000,15000,6632,0,2600,2901.048874156038,36.057099932804704,14744.474899955094,487.31981302774426
1785351384,20,,Aggregated,7.300000,0.000000,2600,4100,4800,5800,6500,7900,8600,9600,12000,15000,15000,6639,0,2600,2900.6250217657434,36.057099932804704,14744.474899955094,487.5812622382889
1785351385,20,,Aggregated,7.200000,0.000000,2600,4100,4800,5800,6500,7900,8600,9600,12000,15000,15000,6644,0,2600,2900.569708459174,36.057099932804704,14744.474899955094,487.6149909692956
1785351386,20,,Aggregated,7.200000,0.000000,2600,4100,4800,5800,6500,7900,8600,9600,12000,15000,15000,6648,0,2600,2900.2724921334134,36.057099932804704,14744.474899955094,487.6222924187726
1785351387,20,,Aggregated,7.200000,0.000000,2600,4100,4800,5800,6500,7900,8600,9600,12000,15000,15000,6660,0,2600,2900.3942365619705,36.057099932804704,14744.474899955094,487.81471471471474
1785351388,20,,Aggregated,6.900000,0.000000,2600,4100,4800,5800,6500,7900,8600,9600,12000,15000,15000,6669,0,2600,2899.0393429603414,36.057099932804704,14744.474899955094,487.85380116959067
1785351389,20,,Aggregated,6.500000,0.000000,2600,4100,4800,5800,6500,7900,8600,9600,12000,15000,15000,6675,0,2600,2898.953648599614,36.057099932804704,14744.474899955094,487.9366292134832
1785351390,20,,Aggregated,7.200000,0.000000,2600,4100,4700,5800,6400,7800,8600,9600,12000,15000,15000,6681,0,2600,2898.6189330792427,36.057099932804704,14744.474899955094,488.1430923514444
1785351391,20,,Aggregated,7.600000,0.000000,2600,4100,4700,5800,6400,7800,8600,9600,12000,15000,15000,6690,0,2600,2898.331798699908,36.057099932804704,14744.474899955094,488.50254110612855
1785351392,20,,Aggregated,7.300000,0.000000,2600,4100,4700,5800,6400,7800,8600,9600,12000,15000,15000,6698,0,2600,2897.915187160668,36.057099932804704,14744.474899955094,488.6839355031353
1785351393,20,,Aggregated,7.100000,0.000000,2600,4100,4700,5800,6400,7800,8600,9600,12000,15000,15000,6707,0,2600,2897.255688967043,36.057099932804704,14744.474899955094,489.04070374235874
1785351394,20,,Aggregated,7.500000,0.000000,2600,4100,4700,5800,6400,7800,8600,9600,12000,15000,15000,6716,0,2600,2895.8110848871193,36.057099932804704,14744.474899955094,489.10407980941034
1785351395,20,,Aggregated,7.300000,0.000000,2600,4100,4700,5800,6400,7800,8600,9600,12000,15000,15000,6723,0,2600,2894.9813259262064,36.057099932804704,14744.474899955094,489.2613416629481
1785351396,20,,Aggregated,7.300000,0.000000,2600,4100,4700,5800,6400,7800,8600,9600,12000,15000,15000,6736,0,2600,2893.461470932582,36.057099932804704,14744.474899955094,489.4020190023753
1785351397,20,,Aggregated,7.800000,0.000000,2600,4100,4700,5800,6400,7800,8600,9600,12000,15000,15000,6742,0,2600,2892.7944243550937,36.057099932804704,14744.474899955094,489.60530999703354
1785351398,20,,Aggregated,7.800000,0.000000,2600,4100,4700,5800,6400,7800,8600,9600,12000,15000,15000,6751,0,2600,2891.071048111674,36.057099932804704,14744.474899955094,489.764034957784
1785351399,20,,Aggregated,8.700000,0.000000,2600,4100,4700,5800,6400,7800,8600,9600,12000,15000,15000,6758,0,2600,2891.0473336641194,36.057099932804704,14744.474899955094,490.01746078721516
1785351400,20,,Aggregated,8.000000,0.000000,2600,4100,4700,5800,6400,7800,8600,9600,12000,15000,15000,6765,0,2600,2890.349237753511,36.057099932804704,14744.474899955094,490.26947524020693
1785351401,20,,Aggregated,7.900000,0.000000,2600,4100,4700,5800,6400,7800,8600,9600,12000,15000,15000,6772,0,2600,2890.4611518757783,36.057099932804704,14744.474899955094,490.3981098641465
1785351402,20,,Aggregated,8.000000,0.000000,2600,4100,4700,5800,6400,7800,8600,9600,12000,15000,15000,6778,0,2600,2890.855194054694,36.057099932804704,14744.474899955094,490.5749483623488
1785351403,20,,Aggregated,8.600000,0.000000,2600,4100,4700,5800,6400,7800,8600,9600,12000,15000,15000,6786,0,2600,2890.278253876019,36.057099932804704,14744.474899955094,490.7788093132921
1785351404,20,,Aggregated,7.800000,0.000000,2600,4100,4700,5800,6400,7800,8600,9600,12000,15000,15000,6793,0,2600,2890.3809106584276,36.057099932804704,14744.474899955094,490.7869866038569
1785351405,20,,Aggregated,8.100000,0.000000,2600,4100,4700,5800,6400,7800,8600,9600,12000,15000,15000,6804,0,2600,2889.478456334884,36.057099932804704,14744.474899955094,491.0436507936508
1785351406,20,,Aggregated,8.000000,0.000000,2600,4100,4700,5800,6400,7800,8600,9600,12000,15000,15000,6808,0,2600,2889.2071538634705,36.057099932804704,14744.474899955094,491.2420681551116
1785351407,20,,Aggregated,7.800000,0.000000,2600,4100,4600,5800,6400,7800,8600,9600,12000,15000,15000,6816,0,2600,2888.393703873626,36.057099932804704,14744.474899955094,491.4213615023474
1785351408,20,,Aggregated,8.000000,0.000000,2600,4100,4600,5800,6400,7800,8600,9600,12000,15000,15000,6822,0,2600,2888.8700369690264,36.057099932804704,14744.474899955094,491.5255057167986
1785351409,20,,Aggregated,7.000000,0.000000,2600,4100,4600,5800,6400,7800,8600,9600,12000,15000,15000,6829,0,2600,2889.2672743157973,36.057099932804704,14744.474899955094,491.62776394786937
1785351410,20,,Aggregated,7.100000,0.000000,2600,4100,4600,5800,6400,7800,8600,9600,12000,15000,15000,6836,0,2600,2888.3779995468913,36.057099932804704,14744.474899955094,491.5364248098303
