Timestamp,User Count,Type,Name,Requests/s,Failures/s,50%,66%,75%,80%,90%,95%,98%,99%,99.9%,99.99%,100%,Total Request Count,Total Failure Count,Total Median Response Time,Total Average Response Time,Total Min Response Time,Total Max Response Time,Total Average Content Size
1785413974,0,,Aggregated,0.000000,0.000000,N/A,N/A,N/A,N/A,N/A,N/A,N/A,N/A,N/A,N/A,N/A,0,0,0,0.0,0,0,0
1785413975,2,,Aggregated,0.000000,0.000000,330,330,330,330,330,330,330,330,330,330,330,2,0,292.2892000005959,313.150549999591,292.2892000005959,334.01189999858616,830.0
1785413976,4,,Aggregated,0.000000,0.000000,330,330,570,570,570,570,570,570,570,570,570,6,0,290,367.838999999852,221.91579999889655,565.2766000002885,830.0
1785413977,8,,Aggregated,0.000000,0.000000,370,570,590,590,590,650,650,650,650,650,650,12,0,330,408.6750500000562,221.91579999889655,648.6291000001074,830.0
1785413978,10,,Aggregated,1.000000,0.000000,570,600,620,650,700,700,700,700,700,700,700,20,0,570,463.5662699999557,221.91579999889655,696.9100999995135,747.0
1785413979,10,,Aggregated,2.000000,0.000000,570,600,640,650,700,700,730,730,730,730,730,27,0,570,474.0787037036272,221.91579999889655,733.9814999995724,768.3333333333334
1785413980,10,,Aggregated,3.000000,0.000000,580,640,700,700,750,1100,1100,1100,1100,1100,1100,38,0,570,536.11154210519,221.91579999889655,1065.5086000006122,764.078947368421
1785413981,10,,Aggregated,4.000000,0.000000,570,650,700,710,980,1100,1100,1100,1100,1100,1100,47,0,570,554.7421340424796,221.91579999889655,1065.5086000006122,776.7021276595744
1785413982,10,,Aggregated,5.000000,0.000000,570,650,710,750,1000,1100,1100,1100,1100,1100,1100,58,0,570,575.8349775861179,194.42109999909007,1068.46620000033,758.1896551724138
1785413983,10,,Aggregated,5.714286,0.000000,580,690,710,780,1000,1100,1100,1500,1500,1500,1500,70,0,570,591.8370571427398,194.42109999909007,1460.6273000008514,746.5714285714286
1785413984,10,,Aggregated,6.250000,0.000000,570,660,710,750,1000,1100,1100,1500,1500,1500,1500,76,0,570,573.7866157893989,184.0180999988661,1460.6273000008514,742.1052631578947
1785413985,10,,Aggregated,6.555556,0.000000,570,690,740,880,1100,1100,1500,1600,1600,1600,1600,86,0,570,597.9104593022151,184.0180999988661,1616.1850999997114,752.2093023255813
1785413986,10,,Aggregated,7.000000,0.000000,570,700,740,940,1100,1100,1500,1600,1600,1600,1600,97,0,570,603.9602556700198,184.0180999988661,1616.1850999997114,743.9175257731958
1785413987,10,,Aggregated,7.600000,0.000000,570,690,740,880,1100,1100,1300,1500,1600,1600,1600,109,0,570,602.2673183485219,184.0180999988661,1616.1850999997114,738.0733944954128
1785413988,10,,Aggregated,8.400000,0.000000,540,650,730,750,1100,1100,1300,1500,1600,1600,1600,120,0,540,586.2127116665761,184.0180999988661,1616.1850999997114,746.375
1785413989,10,,Aggregated,9.100000,0.000000,540,650,710,740,1000,1100,1300,1500,1600,1600,1600,126,0,540,575.5070833332404,184.0180999988661,1616.1850999997114,750.2777777777778
1785413990,10,,Aggregated,9.800000,0.000000,540,650,730,770,1100,1100,1300,1500,1600,1600,1600,138,0,530,579.3848173912077,184.0180999988661,1616.1850999997114,745.1159420289855
1785413991,10,,Aggregated,10.000000,0.000000,520,650,730,750,1000,1100,1300,1500,1600,1600,1600,150,0,520,573.0564706665488,184.0180999988661,1616.1850999997114,746.24
1785413993,10,,Aggregated,9.600000,0.000000,500,620,710,750,1000,1100,1100,1500,1600,1600,1600,160,0,500,555.7018724998784,184.0180999988661,1616.1850999997114,751.35625
1785413994,10,,Aggregated,9.800000,0.000000,500,600,700,740,1000,1100,1100,1500,1600,1600,1600,170,0,490,548.4337199998823,184.0180999988661,1616.1850999997114,746.1176470588235
1785413995,10,,Aggregated,10.000000,0.000000,480,590,700,730,1000,1100,1100,1500,1600,1600,1600,180,0,470,534.7221011109772,182.62750000030792,1616.1850999997114,741.5
1785413996,10,,Aggregated,10.100000,0.000000,480,590,700,730,1000,1100,1100,1500,1600,1600,1600,188,0,470,532.7258643615677,182.62750000030792,1616.1850999997114,740.7978723404256
1785413997,10,,Aggregated,10.000000,0.000000,480,590,700,740,1000,1100,1300,1500,1600,1600,1600,197,0,480,537.6996761420132,182.62750000030792,1616.1850999997114,736.4162436548223
1785413998,10,,Aggregated,10.200000,0.000000,490,600,700,740,1000,1100,1400,1400,1600,1600,1600,208,0,490,544.2579418268172,182.62750000030792,1616.1850999997114,737.3317307692307
1785413999,10,,Aggregated,10.000000,0.000000,480,600,700,740,1000,1100,1400,1400,1600,1600,1600,220,0,480,542.6741695453446,182.62750000030792,1616.1850999997114,738.5727272727273
1785414000,10,,Aggregated,10.000000,0.000000,470,590,690,730,1000,1100,1400,1400,1600,1600,1600,230,0,460,532.4379169564133,172.99199999979464,1616.1850999997114,742.5130434782609
1785414001,10,,Aggregated,9.700000,0.000000,460,580,670,730,980,1100,1400,1400,1600,1600,1600,240,0,450,521.6505866665633,167.25299999961862,1616.1850999997114,735.7625
1785414002,10,,Aggregated,10.400000,0.000000,440,570,650,710,980,1100,1400,1400,1600,1600,1600,250,0,440,512.3809703999068,167.25299999961862,1616.1850999997114,736.092
1785414003,10,,Aggregated,10.200000,0.000000,440,570,660,710,980,1100,1300,1400,1600,1600,1600,259,0,440,513.9385169883402,167.25299999961862,1616.1850999997114,739.1814671814672
1785414004,10,,Aggregated,9.900000,0.000000,440,570,650,710,980,1100,1300,1400,1600,1600,1600,269,0,440,511.0387052043863,167.25299999961862,1616.1850999997114,739.3048327137546
1785414005,10,,Aggregated,9.800000,0.000000,440,560,650,710,980,1100,1300,1400,1600,1600,1600,280,0,430,506.2002482142102,167.25299999961862,1616.1850999997114,736.725
1785414006,11,,Aggregated,9.800000,0.000000,430,540,640,700,960,1100,1300,1400,1600,1600,1600,292,0,430,497.4685897259531,167.25299999961862,1616.1850999997114,734.6849315068494
1785414007,13,,Aggregated,9.800000,0.000000,430,540,640,700,940,1100,1300,1400,1600,1600,1600,303,0,430,493.40459273920567,167.25299999961862,1616.1850999997114,730.3102310231023
1785414008,14,,Aggregated,10.300000,0.000000,420,530,620,690,940,1100,1300,1400,1600,1600,1600,316,0,420,487.33370759487406,167.25299999961862,1616.1850999997114,729.9905063291139
1785414009,15,,Aggregated,10.600000,0.000000,430,540,620,690,910,1100,1300,1400,1600,1600,1600,327,0,430,490.1680247705807,167.25299999961862,1616.1850999997114,733.1865443425077
1785414010,16,,Aggregated,10.700000,0.000000,430,550,640,700,940,1100,1300,1400,1600,1600,1600,336,0,430,497.07705267851355,167.25299999961862,1616.1850999997114,735.6309523809524
1785414011,17,,Aggregated,10.800000,0.000000,440,570,680,730,980,1100,1400,1500,1700,1700,1700,352,0,440,515.1399963067847,52.33299999963492,1712.2543000004953,735.4517045454545
1785414012,18,,Aggregated,10.500000,0.000000,450,590,700,750,980,1100,1400,1600,1700,1700,1700,365,0,450,534.4012052054484,52.33299999963492,1712.2543000004953,734.2301369863013
1785414013,19,,Aggregated,10.900000,0.000000,460,590,710,780,1000,1200,1500,1600,2200,2200,2200,374,0,460,547.983003475891,52.33299999963492,2202.178499999718,732.5294117647059
1785414014,20,,Aggregated,11.100000,0.000000,470,620,740,830,1100,1300,1600,1700,2300,2300,2300,389,0,470,572.9210750642175,47.62940000000526,2271.159899999475,734.5681233933162
1785414015,20,,Aggregated,11.500000,0.000000,480,650,750,880,1100,1400,1700,2000,2400,2400,2400,400,0,480,594.679009499946,47.62940000000526,2413.2690000005823,735.545
1785414016,20,,Aggregated,11.900000,0.000000,500,670,820,940,1200,1500,1800,2000,2400,2400,2400,415,0,500,618.5395036144096,47.62940000000526,2413.2690000005823,736.9349397590362
1785414017,20,,Aggregated,11.900000,0.000000,510,690,830,970,1300,1600,1900,2200,2700,2700,2700,428,0,510,635.4597764018202,46.92629999954079,2700.788100000864,736.6518691588785
1785414018,20,,Aggregated,12.300000,0.000000,520,700,870,980,1300,1700,2300,2400,3000,3000,3000,446,0,520,670.0311553811257,46.92629999954079,2951.159300000654,728.9349775784754
1785414019,20,,Aggregated,12.400000,0.000000,530,710,900,1000,1400,1700,2300,2400,3000,3000,3000,457,0,530,685.9674728664892,46.92629999954079,2951.159300000654,729.5404814004377
1785414020,20,,Aggregated,13.000000,0.000000,540,730,940,1100,1400,1700,2300,2700,3000,3000,3000,470,0,540,702.8322102127316,46.92629999954079,2951.159300000654,729.1212765957447
1785414021,20,,Aggregated,12.600000,0.000000,560,750,980,1100,1500,1800,2400,2700,3100,3100,3100,485,0,560,723.1680876288275,46.92629999954079,3092.7354999985255,727.4618556701031
1785414022,20,,Aggregated,13.400000,0.000000,560,770,980,1100,1500,2000,2400,2700,3300,3300,3300,494,0,560,737.6007734817405,46.92629999954079,3299.118900000394,727.6295546558705
1785414023,20,,Aggregated,12.800000,0.000000,570,790,1000,1100,1600,2000,2600,2800,3300,3300,3300,507,0,570,761.8111542405953,46.92629999954079,3311.9630000001052,728.9566074950691
1785414024,20,,Aggregated,13.100000,0.000000,580,820,1000,1100,1600,2100,2700,2900,3300,3300,3300,519,0,580,782.0588181117148,46.92629999954079,3311.9630000001052,728.4219653179191
1785414025,20,,Aggregated,12.700000,0.000000,590,840,1100,1200,1700,2200,2700,3000,3300,3300,3300,534,0,590,800.2016833332829,46.92629999954079,3311.9630000001052,724.1104868913858
1785414026,20,,Aggregated,12.800000,0.000000,590,840,1100,1200,1700,2200,2700,3000,3300,3300,3300,545,0,590,805.9148563302184,46.92629999954079,3311.9630000001052,720.7412844036697
1785414027,20,,Aggregated,12.900000,0.000000,600,870,1100,1300,1700,2200,2700,3000,3300,3300,3300,559,0,600,821.3451205723959,46.92629999954079,3311.9630000001052,721.9302325581396
1785414028,20,,Aggregated,12.900000,0.000000,600,880,1100,1300,1800,2200,2700,3000,3300,3300,3300,566,0,600,831.2399346289255,46.92629999954079,3311.9630000001052,719.1590106007067
1785414029,20,,Aggregated,12.800000,0.000000,610,900,1100,1300,1900,2300,2800,3100,3600,3600,3600,579,0,610,849.7570117443369,46.92629999954079,3627.280700000483,721.5975820379965
1785414030,20,,Aggregated,11.800000,0.000000,610,910,1100,1300,1900,2400,2900,3100,3600,3600,3600,591,0,610,860.5532808798151,46.92629999954079,3627.280700000483,721.2335025380711
1785414031,20,,Aggregated,12.300000,0.000000,610,930,1100,1300,1900,2400,2900,3200,3600,3600,3600,601,0,610,870.2894312811476,46.92629999954079,3627.280700000483,719.1497504159734
1785414032,20,,Aggregated,11.700000,0.000000,620,940,1100,1400,2000,2600,3000,3300,3600,3600,3600,613,0,620,887.6595424143026,46.92629999954079,3627.280700000483,719.952691680261
1785414033,20,,Aggregated,12.000000,0.000000,620,940,1200,1400,2000,2600,3000,3300,3600,3600,3600,624,0,620,895.0472025640541,46.92629999954079,3627.280700000483,721.8798076923077
1785414034,20,,Aggregated,12.000000,0.000000,620,970,1200,1400,2100,2700,3000,3400,3800,3800,3800,635,0,620,912.0701234645167,46.92629999954079,3820.108199999595,722.4314960629921
1785414035,20,,Aggregated,12.000000,0.000000,620,980,1200,1400,2100,2700,3100,3400,3800,3800,3800,643,0,620,918.0181735613801,46.92629999954079,3820.108199999595,719.1290824261275
1785414036,20,,Aggregated,11.500000,0.000000,640,980,1200,1500,2100,2700,3100,3500,3800,3800,3800,661,0,640,933.393751588457,46.92629999954079,3820.108199999595,719.8366111951589
1785414037,20,,Aggregated,11.600000,0.000000,650,980,1300,1500,2200,2800,3100,3500,3800,3800,3800,673,0,650,942.6833942049982,46.92629999954079,3820.108199999595,718.0891530460624
1785414038,20,,Aggregated,11.400000,0.000000,670,980,1300,1500,2200,2800,3200,3500,4200,4200,4200,683,0,670,950.6392298681748,46.92629999954079,4181.283599999006,716.0585651537335
1785414039,20,,Aggregated,11.200000,0.000000,690,1000,1300,1500,2200,2800,3200,3500,4200,4200,4200,696,0,680,962.5992102010982,46.92629999954079,4181.283599999006,716.0244252873563
1785414040,20,,Aggregated,11.800000,0.000000,700,1000,1300,1600,2200,2800,3100,3500,4200,4200,4200,710,0,700,971.9056542253007,46.92629999954079,4181.283599999006,715.2394366197183
1785414041,20,,Aggregated,11.600000,0.000000,700,1000,1400,1600,2200,2800,3200,3500,4200,4200,4200,728,0,700,982.9869971153396,46.92629999954079,4181.283599999006,713.9615384615385
1785414042,20,,Aggregated,11.900000,0.000000,710,1000,1400,1600,2200,2800,3200,3500,4200,4200,4200,737,0,710,983.9301492536881,37.497999999686726,4181.283599999006,713.5793758480326
1785414043,20,,Aggregated,12.400000,0.000000,720,1100,1400,1600,2200,2800,3100,3500,4200,4200,4200,751,0,720,995.5485074566761,37.497999999686726,4181.283599999006,713.525965379494
1785414044,20,,Aggregated,12.400000,0.000000,730,1100,1400,1600,2200,2800,3100,3500,4200,4200,4200,762,0,730,1005.1262119422095,37.497999999686726,4181.283599999006,715.2073490813648
1785414045,20,,Aggregated,12.600000,0.000000,740,1100,1400,1600,2200,2800,3100,3500,4200,4200,4200,777,0,740,1015.6118446589076,37.497999999686726,4181.283599999006,713.3655083655084
1785414046,20,,Aggregated,12.500000,0.000000,750,1100,1500,1600,2200,2700,3100,3500,4200,4200,4200,788,0,750,1020.9867069796666,37.497999999686726,4181.283599999006,713.0748730964467
1785414047,20,,Aggregated,12.700000,0.000000,770,1100,1500,1600,2200,2700,3100,3500,4200,4200,4200,802,0,760,1028.6180216957332,37.497999999686726,4181.283599999006,711.9912718204489
1785414048,20,,Aggregated,12.800000,0.000000,770,1100,1500,1600,2200,2700,3100,3500,4200,4200,4200,821,0,770,1034.3300431181176,37.497999999686726,4181.283599999006,711.4738124238734
1785414049,20,,Aggregated,13.100000,0.000000,780,1200,1500,1600,2200,2700,3100,3500,4200,4200,4200,830,0,780,1037.04482373491,37.497999999686726,4181.283599999006,711.7277108433735
1785414050,20,,Aggregated,13.000000,0.000000,780,1200,1500,1600,2200,2700,3100,3500,4200,4200,4200,836,0,780,1038.117672368391,37.497999999686726,4181.283599999006,712.5681818181819
1785414051,20,,Aggregated,13.600000,0.000000,780,1200,1500,1700,2200,2700,3100,3500,4200,4200,4200,844,0,780,1044.516336729831,37.497999999686726,4181.283599999006,712.8933649289099
1785414052,20,,Aggregated,12.900000,0.000000,780,1200,1500,1700,2300,2800,3200,3500,4200,4200,4200,855,0,780,1051.960697543839,37.497999999686726,4181.283599999006,713.4175438596491
1785414053,20,,Aggregated,11.900000,0.000000,780,1200,1500,1700,2300,2900,3300,3600,4300,4300,4300,871,0,780,1071.2280409873485,37.497999999686726,4308.878299998469,713.8438576349024
1785414054,20,,Aggregated,11.600000,0.000000,800,1200,1500,1700,2300,2900,3300,3700,4300,4300,4300,880,0,790,1076.6120386363398,37.497999999686726,4308.878299998469,714.0829545454545
1785414055,20,,Aggregated,11.400000,0.000000,810,1200,1500,1700,2300,2900,3300,3700,4300,4300,4300,893,0,810,1076.6980660694014,37.497999999686726,4308.878299998469,711.11758118701
1785414056,20,,Aggregated,12.100000,0.000000,810,1200,1500,1700,2300,2900,3300,3600,4300,4300,4300,903,0,810,1082.2187516057327,37.497999999686726,4308.878299998469,710.7729789590255
1785414057,20,,Aggregated,11.600000,0.000000,800,1200,1500,1700,2400,2900,3300,3600,4300,4300,4300,910,0,800,1078.6225003296443,37.497999999686726,4308.878299998469,709.1384615384616
1785414058,20,,Aggregated,11.200000,0.000000,800,1200,1600,1700,2400,2900,3400,3800,5500,5500,5500,919,0,800,1089.947536017388,37.497999999686726,5548.660000000382,708.5114254624592
1785414059,20,,Aggregated,11.000000,0.000000,810,1300,1600,1800,2400,2900,3400,3800,5500,5500,5500,929,0,810,1097.9119494079482,37.497999999686726,5548.660000000382,709.0979547900969
1785414060,20,,Aggregated,10.300000,0.000000,810,1300,1600,1800,2400,3000,3500,3900,5500,5500,5500,938,0,800,1101.7252116204504,37.497999999686726,5548.660000000382,707.954157782516
1785414061,20,,Aggregated,9.700000,0.000000,810,1300,1600,1800,2500,3000,3600,4200,6200,6200,6200,952,0,800,1115.7500300419954,37.497999999686726,6162.456800000655,707.2846638655462
1785414062,20,,Aggregated,9.800000,0.000000,810,1300,1600,1800,2500,3000,3600,4200,6200,6200,6200,968,0,800,1119.4723431817968,37.497999999686726,6162.456800000655,706.3212809917355
1785414063,20,,Aggregated,10.300000,0.000000,810,1300,1600,1800,2500,3000,3600,4200,6200,6200,6200,982,0,810,1119.8905783095543,37.497999999686726,6162.456800000655,704.9786150712831
1785414064,20,,Aggregated,10.800000,0.000000,810,1300,1600,1800,2500,3000,3600,4200,6200,6200,6200,996,0,810,1121.043396285123,37.497999999686726,6162.456800000655,705.1626506024096
1785414065,20,,Aggregated,11.400000,0.000000,820,1300,1600,1800,2500,3000,3600,4100,5500,6200,6200,1010,0,810,1120.6398627722601,37.497999999686726,6162.456800000655,704.2148514851485
1785414066,20,,Aggregated,11.200000,0.000000,820,1300,1600,1800,2500,3000,3600,4100,5500,6200,6200,1026,0,820,1123.5705355750308,37.497999999686726,6162.456800000655,705.2943469785575
1785414067,20,,Aggregated,11.700000,0.000000,830,1300,1600,1800,2500,3000,3600,4100,5500,6200,6200,1039,0,830,1125.770780173226,37.497999999686726,6162.456800000655,705.9788257940327
1785414068,20,,Aggregated,12.100000,0.000000,830,1300,1600,1800,2500,3000,3600,4100,5500,6200,6200,1049,0,830,1126.6884596758625,37.497999999686726,6162.456800000655,704.443279313632
1785414069,20,,Aggregated,12.300000,0.000000,850,1300,1600,1800,2500,3000,3500,4100,5500,6200,6200,1068,0,850,1134.5277666666484,37.497999999686726,6162.456800000655,705.3642322097378
1785414070,20,,Aggregated,13.100000,0.000000,850,1300,1600,1800,2500,3000,3500,4100,5500,6200,6200,1072,0,850,1134.8286220149078,37.497999999686726,6162.456800000655,704.4272388059702
1785414071,20,,Aggregated,13.100000,0.000000,850,1300,1600,1800,2500,3000,3500,4100,5500,6200,6200,1078,0,850,1139.9109418367184,37.497999999686726,6162.456800000655,704.4916512059369
1785414072,20,,Aggregated,13.800000,0.000000,860,1300,1600,1900,2500,3000,3600,4100,5500,6200,6200,1082,0,860,1145.3048072088538,37.497999999686726,6162.456800000655,704.1839186691312
1785414073,20,,Aggregated,13.200000,0.000000,870,1300,1600,1900,2500,3000,3700,4200,5500,6200,6200,1090,0,870,1160.9359066054851,37.497999999686726,6162.456800000655,703.7422018348624
1785414074,20,,Aggregated,12.100000,0.000000,880,1400,1600,1900,2600,3100,3700,4200,5500,6200,6200,1099,0,880,1173.1769293903353,37.497999999686726,6162.456800000655,702.2074613284805
1785414075,20,,Aggregated,11.300000,0.000000,880,1400,1700,1900,2600,3200,3700,4200,5500,6200,6200,1103,0,880,1179.1943735267255,37.497999999686726,6162.456800000655,702.6708975521306
1785414076,20,,Aggregated,10.500000,0.000000,880,1400,1700,1900,2600,3200,3700,4200,5500,6200,6200,1111,0,880,1188.1328702970106,37.497999999686726,6162.456800000655,702.2439243924392
1785414077,20,,Aggregated,9.700000,0.000000,890,1400,1700,2000,2700,3300,3800,4200,6200,7300,7300,1119,0,890,1205.4483905272396,37.497999999686726,7259.9227000009705,702.408400357462
1785414078,20,,Aggregated,8.600000,0.000000,900,1400,1700,2000,2700,3300,3800,4200,6200,7300,7300,1125,0,900,1211.592806044429,37.497999999686726,7259.9227000009705,701.7555555555556
1785414079,20,,Aggregated,8.400000,0.000000,900,1400,1700,2000,2700,3300,3800,4200,6200,7300,7300,1129,0,900,1217.7018857395758,37.497999999686726,7259.9227000009705,702.2019486271037
1785414080,20,,Aggregated,7.700000,0.000000,930,1400,1700,2000,2700,3400,3900,4300,6200,7300,7300,1139,0,930,1238.7616006145547,37.497999999686726,7259.9227000009705,702.5829675153643
1785414081,20,,Aggregated,7.100000,0.000000,930,1400,1800,2100,2800,3400,3900,4300,6200,7300,7300,1145,0,930,1245.7113016593687,37.497999999686726,7259.9227000009705,702.5170305676855
1785414082,20,,Aggregated,6.200000,0.000000,940,1400,1800,2100,2800,3400,3900,4300,6200,7300,7300,1151,0,940,1256.4811308427268,37.497999999686726,7259.9227000009705,703.1728931364031
1785414083,20,,Aggregated,6.500000,0.000000,940,1400,1800,2100,2800,3400,3900,4300,6200,7300,7300,1157,0,940,1264.7515120138082,37.497999999686726,7259.9227000009705,702.3880726015558
1785414084,20,,Aggregated,6.600000,0.000000,960,1400,1800,2100,2800,3400,3900,4300,6200,7300,7300,1162,0,950,1272.9972871772588,37.497999999686726,7259.9227000009705,702.3674698795181
1785414085,20,,Aggregated,6.600000,0.000000,970,1500,1800,2100,2900,3500,4000,4300,6200,7300,7300,1172,0,960,1285.4179733788208,37.497999999686726,7259.9227000009705,700.6365187713311
1785414086,20,,Aggregated,6.500000,0.000000,980,1500,1800,2100,2900,3500,4000,4300,6200,7300,7300,1176,0,970,1290.6642239795717,37.497999999686726,7259.9227000009705,700.3690476190476
1785414087,20,,Aggregated,6.300000,0.000000,980,1500,1900,2200,2900,3500,4100,4400,6200,7300,7300,1185,0,980,1301.0270562025132,37.497999999686726,7259.9227000009705,700.7949367088607
1785414088,20,,Aggregated,6.800000,0.000000,980,1500,1900,2200,2900,3600,4200,4600,6200,7300,7300,1191,0,980,1314.2285675062815,37.497999999686726,7259.9227000009705,700.7472712006717
1785414089,20,,Aggregated,6.500000,0.000000,980,1500,1900,2200,2900,3600,4200,4600,6200,7300,7300,1200,0,980,1321.5437274999854,37.497999999686726,7259.9227000009705,700.0591666666667
1785414090,20,,Aggregated,6.700000,0.000000,990,1500,1900,2200,2900,3600,4100,4500,6200,7300,7300,1206,0,990,1327.175090630169,37.497999999686726,7259.9227000009705,700.7056384742951
1785414091,20,,Aggregated,6.700000,0.000000,1000,1500,1900,2200,3000,3700,4200,4600,6200,7300,7300,1213,0,1000,1338.0245046990801,37.497999999686726,7259.9227000009705,700.9010717230008
1785414092,20,,Aggregated,6.900000,0.000000,1000,1500,2000,2300,3000,3700,4200,4600,6200,7300,7300,1220,0,1000,1346.9748979508045,37.497999999686726,7259.9227000009705,701.6377049180328
1785414093,20,,Aggregated,6.800000,0.000000,1000,1500,2000,2300,3000,3700,4200,4600,6200,7300,7300,1227,0,1000,1355.609190138532,37.497999999686726,7259.9227000009705,702.3659331703342
1785414094,20,,Aggregated,6.900000,0.000000,1000,1500,2000,2300,3000,3800,4200,4600,6200,7300,7300,1232,0,1000,1362.3563105519306,37.497999999686726,7259.9227000009705,702.2061688311688
1785414095,20,,Aggregated,6.900000,0.000000,1000,1600,2000,2300,3000,3800,4200,4600,6200,7300,7300,1238,0,1000,1371.564066720499,37.497999999686726,7259.9227000009705,702.8214862681745
1785414096,21,,Aggregated,7.000000,0.000000,1000,1600,2000,2300,3000,3800,4300,4700,6200,7300,7300,1246,0,1000,1377.1115064205271,37.497999999686726,7259.9227000009705,701.3876404494382
1785414097,23,,Aggregated,7.000000,0.000000,1000,1600,2000,2400,3100,3800,4300,5000,6200,7300,7300,1256,0,1000,1382.0172083598559,37.497999999686726,7259.9227000009705,699.124203821656
1785414098,24,,Aggregated,6.600000,0.000000,1000,1600,2100,2400,3200,3800,4300,5000,6200,7300,7300,1276,0,1000,1395.0407065046818,37.497999999686726,7259.9227000009705,697.0266457680251
1785414099,25,,Aggregated,6.900000,0.000000,1000,1600,2100,2400,3200,3800,4300,5000,6200,7300,7300,1281,0,1000,1394.077775019496,37.497999999686726,7259.9227000009705,695.8633879781421
1785414100,26,,Aggregated,7.000000,0.000000,1100,1600,2100,2400,3200,3800,4300,5000,6200,7300,7300,1290,0,1000,1392.7360156588954,37.497999999686726,7259.9227000009705,695.2651162790697
1785414101,27,,Aggregated,8.300000,0.000000,1100,1600,2100,2400,3200,3800,4300,5000,6200,7300,7300,1300,0,1100,1396.681390692287,37.497999999686726,7259.9227000009705,693.253076923077
1785414102,28,,Aggregated,8.200000,0.000000,1100,1600,2100,2400,3200,3800,4300,4900,6200,7300,7300,1306,0,1100,1399.5317153904834,37.497999999686726,7259.9227000009705,692.8667687595712
1785414103,29,,Aggregated,8.400000,0.000000,1100,1600,2100,2500,3200,3800,4300,5000,6200,7300,7300,1316,0,1100,1408.5258378419244,37.497999999686726,7259.9227000009705,692.3981762917933
1785414104,30,,Aggregated,8.600000,0.000000,1100,1600,2100,2500,3200,3800,4400,5000,7000,7300,7300,1329,0,1100,1413.1560371707833,37.497999999686726,7259.9227000009705,689.6260346124906
1785414105,31,,Aggregated,8.600000,0.000000,1100,1600,2100,2500,3300,3900,4400,5000,7000,7300,7300,1342,0,1100,1422.362510581202,37.497999999686726,7259.9227000009705,686.5461997019374
1785414106,32,,Aggregated,9.100000,0.000000,1100,1600,2200,2500,3300,3900,4500,5200,7200,7300,7300,1354,0,1100,1433.9734675775267,37.497999999686726,7259.9227000009705,684.7540620384048
1785414107,33,,Aggregated,9.800000,0.000000,1100,1600,2200,2500,3300,3900,4500,5200,7200,7300,7300,1356,0,1100,1436.9536749999784,37.497999999686726,7259.9227000009705,684.4830383480826
1785414108,34,,Aggregated,10.600000,0.000000,1100,1600,2200,2500,3300,3900,4500,5200,7200,7300,7300,1365,0,1100,1439.7038095970483,37.497999999686726,7259.9227000009705,683.5062271062271
1785414109,35,,Aggregated,10.500000,0.000000,1100,1600,2200,2500,3400,4000,4600,5300,7200,7300,7300,1380,0,1100,1451.5553572463557,37.497999999686726,7259.9227000009705,682.2369565217391
1785414110,36,,Aggregated,9.800000,0.000000,1100,1600,2200,2600,3400,4000,4700,5500,7300,7700,7700,1393,0,1100,1466.4726775304882,37.497999999686726,7704.022100000657,681.1234745154343
1785414111,37,,Aggregated,8.900000,0.000000,1100,1600,2200,2600,3400,4000,4900,5700,7300,7700,7700,1399,0,1100,1470.5517189420798,37.497999999686726,7704.022100000657,680.8205861329521
1785414112,38,,Aggregated,9.900000,0.000000,1100,1700,2200,2600,3400,4000,5000,5700,7300,7700,7700,1411,0,1100,1483.2531341601493,37.497999999686726,7704.022100000657,678.8051027639972
1785414113,39,,Aggregated,10.100000,0.000000,1100,1700,2200,2600,3500,4100,5100,5700,7300,7700,7700,1422,0,1100,1494.9713882559581,37.497999999686726,7704.022100000657,677.0604781997187
1785414114,40,,Aggregated,9.800000,0.000000,1100,1700,2300,2600,3500,4100,5200,5800,7300,7700,7700,1431,0,1100,1501.6993315164007,37.497999999686726,7704.022100000657,675.7134870719776
1785414115,40,,Aggregated,10.400000,0.000000,1100,1700,2300,2600,3500,4100,5300,6000,7300,7700,7700,1444,0,1100,1512.198100553998,37.497999999686726,7704.022100000657,673.2146814404432
1785414117,40,,Aggregated,10.300000,0.000000,1100,1700,2300,2600,3600,4200,5400,6100,7400,7700,7700,1451,0,1100,1522.8631486560816,37.497999999686726,7704.022100000657,672.1557546519641
1785414118,40,,Aggregated,10.000000,0.000000,1100,1700,2300,2700,3600,4200,5400,6100,7400,7700,7700,1455,0,1100,1529.7163048797095,37.497999999686726,7704.022100000657,670.9965635738831
1785414119,40,,Aggregated,9.700000,0.000000,1100,1700,2300,2700,3600,4200,5400,6200,7400,7700,7700,1465,0,1100,1539.944613174045,37.497999999686726,7704.022100000657,668.8136518771331
1785414120,40,,Aggregated,9.700000,0.000000,1100,1700,2300,2700,3700,4300,5900,6500,8600,9900,9900,1485,0,1100,1573.6681905723779,37.497999999686726,9878.608999999415,666.8619528619529
1785414121,40,,Aggregated,9.900000,0.000000,1100,1700,2400,2700,3800,4400,6200,6900,8600,9900,9900,1498,0,1100,1587.3369586782253,37.497999999686726,9878.608999999415,665.1969292389853
1785414122,40,,Aggregated,9.900000,0.000000,1100,1800,2400,2700,3800,4400,6100,6700,8600,9900,9900,1507,0,1100,1592.2951266091427,37.497999999686726,9878.608999999415,664.42800265428
1785414123,40,,Aggregated,10.300000,0.000000,1100,1800,2400,2700,3800,4500,6200,6700,8600,9900,9900,1516,0,1100,1605.1585869393002,37.497999999686726,9878.608999999415,663.6503957783641
1785414124,40,,Aggregated,10.500000,0.000000,1100,1800,2400,2700,3800,4500,6200,6700,8600,9900,9900,1521,0,1100,1606.6827433267451,37.497999999686726,9878.608999999415,662.8803418803419
1785414125,40,,Aggregated,10.800000,0.000000,1100,1800,2400,2800,3800,4600,6400,7100,8600,9900,9900,1531,0,1100,1631.2058833442075,37.497999999686726,9878.608999999415,661.6877857609405
1785414126,40,,Aggregated,10.500000,0.000000,1100,1800,2400,2800,3900,4700,6400,7100,8600,9900,9900,1541,0,1100,1644.7752557430103,37.497999999686726,9878.608999999415,661.4730694354315
1785414127,40,,Aggregated,10.000000,0.000000,1100,1800,2500,2800,3900,4700,6400,7100,8600,9900,9900,1552,0,1100,1653.4354793169944,37.497999999686726,9878.608999999415,660.097293814433
1785414128,40,,Aggregated,9.700000,0.000000,1100,1800,2500,2800,4000,4900,6400,7100,8600,9900,9900,1562,0,1100,1663.5241460947345,37.497999999686726,9878.608999999415,658.9487836107554
1785414129,40,,Aggregated,9.700000,0.000000,1100,1900,2500,2800,4000,5100,6400,7300,9900,11000,11000,1572,0,1100,1679.0618083333177,37.497999999686726,10615.28030000045,657.8059796437659
1785414130,40,,Aggregated,10.400000,0.000000,1100,1900,2500,2900,4000,5200,6600,7400,9900,11000,11000,1586,0,1100,1696.016844388382,37.497999999686726,10615.28030000045,655.9627994955864
1785414131,40,,Aggregated,10.800000,0.000000,1100,1900,2500,2900,4100,5300,6600,7400,10000,11000,11000,1603,0,1100,1706.1698964441491,37.497999999686726,10615.28030000045,653.5452276980661
1785414132,40,,Aggregated,10.000000,0.000000,1100,1900,2500,2900,4100,5400,6700,7700,11000,11000,11000,1615,0,1100,1718.3584765944065,37.497999999686726,10664.872899998954,652.388854489164
1785414133,40,,Aggregated,10.300000,0.000000,1100,1900,2500,2900,4100,5400,6700,8200,11000,11000,11000,1622,0,1100,1726.691810974083,37.497999999686726,10664.872899998954,651.5252774352651
1785414134,40,,Aggregated,10.600000,0.000000,1200,1900,2500,2900,4100,5500,6700,8200,11000,11000,11000,1632,0,1100,1736.4438936887047,37.497999999686726,10664.872899998954,651.3964460784314
1785414135,40,,Aggregated,10.600000,0.000000,1200,1900,2600,2900,4200,5700,6700,8200,11000,11000,11000,1642,0,1200,1751.631963946386,37.497999999686726,10664.872899998954,651.6723507917175
1785414136,40,,Aggregated,10.900000,0.000000,1200,2000,2600,3000,4200,5700,6700,8200,11000,11000,11000,1651,0,1200,1756.0233542701187,37.497999999686726,10664.872899998954,651.4336765596609
1785414137,40,,Aggregated,11.100000,0.000000,1200,2000,2600,3000,4200,5800,6700,8300,11000,11000,11000,1664,0,1200,1768.5045011418092,37.497999999686726,10890.454399999726,649.9429086538462
1785414138,40,,Aggregated,10.900000,0.000000,1200,2000,2600,3000,4200,6000,6800,8400,11000,11000,11000,1679,0,1200,1781.7892796902781,37.497999999686726,10890.454399999726,648.7867778439547
1785414139,40,,Aggregated,11.200000,0.000000,1200,2000,2600,3000,4300,6000,6800,8400,11000,11000,11000,1690,0,1200,1786.5852195266148,37.497999999686726,10890.454399999726,647.128402366864
1785414140,40,,Aggregated,11.200000,0.000000,1200,2000,2600,3000,4300,6000,6900,8400,11000,11000,11000,1696,0,1200,1790.1609822523442,37.497999999686726,10890.454399999726,645.6326650943396
1785414141,40,,Aggregated,11.700000,0.000000,1200,2000,2700,3100,4300,6100,6900,8400,11000,11000,11000,1707,0,1200,1805.8539308728607,37.497999999686726,10890.454399999726,643.5295840656122
1785414142,40,,Aggregated,11.100000,0.000000,1200,2000,2700,3100,4300,6100,6900,8400,11000,11000,11000,1720,0,1200,1809.8144042441718,37.497999999686726,10890.454399999726,641.8668604651162
1785414143,40,,Aggregated,10.500000,0.000000,1200,2000,2700,3200,4400,6200,7100,8400,11000,11000,11000,1732,0,1200,1829.9062045611872,37.497999999686726,10890.454399999726,640.4087759815243
1785414144,40,,Aggregated,10.500000,0.000000,1200,2000,2700,3200,4400,6200,7100,8400,11000,11000,11000,1745,0,1200,1831.7361353008457,37.497999999686726,10890.454399999726,637.5587392550143
1785414145,40,,Aggregated,10.900000,0.000000,1200,2100,2700,3200,4400,6300,7000,8400,11000,11000,11000,1758,0,1200,1837.7193019908864,37.497999999686726,10890.454399999726,636.2508532423208
1785414146,40,,Aggregated,11.400000,0.000000,1200,2100,2700,3200,4400,6300,7000,8400,11000,11000,11000,1770,0,1200,1842.0598725988586,37.497999999686726,10890.454399999726,635.6915254237288
1785414147,40,,Aggregated,11.300000,0.000000,1200,2100,2700,3300,4400,6300,7100,8500,11000,11000,11000,1782,0,1200,1852.880048484838,37.497999999686726,10890.454399999726,633.209315375982
1785414148,40,,Aggregated,11.400000,0.000000,1200,2100,2700,3300,4400,6300,7300,8600,11000,11000,11000,1790,0,1200,1862.446096368704,37.497999999686726,10890.454399999726,633.3474860335195
1785414149,40,,Aggregated,11.600000,0.000000,1200,2100,2700,3300,4400,6300,7400,8600,11000,11000,11000,1798,0,1200,1871.595706840923,37.497999999686726,10890.454399999726,632.7408231368187
1785414150,40,,Aggregated,11.300000,0.000000,1200,2100,2700,3300,4400,6300,7700,8600,11000,13000,13000,1811,0,1200,1892.4057889011467,37.497999999686726,12554.010400001061,632.3202650469354
1785414151,40,,Aggregated,10.700000,0.000000,1200,2100,2800,3400,4500,6300,7700,8600,11000,13000,13000,1824,0,1200,1901.8397718201625,37.497999999686726,12554.010400001061,630.7280701754386
1785414152,40,,Aggregated,11.300000,0.000000,1200,2100,2800,3400,4500,6300,7700,8600,11000,13000,13000,1835,0,1200,1903.5545873024405,37.497999999686726,12554.010400001061,629.7634877384196
1785414153,40,,Aggregated,11.700000,0.000000,1200,2100,2800,3400,4500,6400,7700,8600,11000,13000,13000,1842,0,1200,1907.094729098792,37.497999999686726,12554.010400001061,628.642779587405
1785414154,40,,Aggregated,11.400000,0.000000,1200,2100,2800,3400,4500,6400,7400,8600,11000,13000,13000,1855,0,1200,1911.0403341778833,37.497999999686726,12554.010400001061,627.1870619946092
1785414155,40,,Aggregated,11.100000,0.000000,1200,2200,2800,3400,4500,6400,7400,8600,11000,13000,13000,1868,0,1200,1925.4129523554498,37.497999999686726,12554.010400001061,626.81852248394
1785414156,40,,Aggregated,10.800000,0.000000,1200,2200,2800,3500,4600,6400,8200,8700,11000,13000,13000,1878,0,1200,1936.2986786474862,37.497999999686726,12554.010400001061,625.6932907348242
1785414157,40,,Aggregated,11.000000,0.000000,1200,2200,2800,3500,4600,6400,8200,8700,11000,13000,13000,1884,0,1200,1939.543477813153,37.497999999686726,12554.010400001061,624.9352441613588
1785414158,40,,Aggregated,11.100000,0.000000,1200,2200,2900,3500,4600,6400,8200,8700,11000,13000,13000,1891,0,1200,1950.6700788471605,37.497999999686726,12554.010400001061,624.6382866208355
1785414159,40,,Aggregated,10.400000,0.000000,1300,2200,2900,3500,4600,6400,8200,8700,11000,13000,13000,1906,0,1300,1962.1510186253818,37.497999999686726,12554.010400001061,623.8242392444911
1785414160,40,,Aggregated,10.100000,0.000000,1300,2200,2900,3600,4600,6400,8200,8700,11000,13000,13000,1922,0,1300,1978.5327993236099,37.497999999686726,12554.010400001061,622.0150884495317
1785414161,40,,Aggregated,10.600000,0.000000,1300,2200,2900,3600,4700,6400,8200,8700,11000,13000,13000,1935,0,1300,1985.599942687327,37.497999999686726,12554.010400001061,621.025322997416
1785414162,40,,Aggregated,10.600000,0.000000,1300,2200,2900,3600,4700,6400,8200,8700,11000,13000,13000,1947,0,1300,1989.4909524396396,37.497999999686726,12554.010400001061,619.6060606060606
1785414163,40,,Aggregated,10.900000,0.000000,1300,2200,2900,3700,4700,6500,8200,8700,11000,13000,13000,1960,0,1300,1991.7627216326405,37.497999999686726,12554.010400001061,618.2147959183674
1785414164,40,,Aggregated,11.100000,0.000000,1300,2200,3000,3700,4800,6400,8200,8700,11000,13000,13000,1974,0,1300,1998.5760492401087,37.497999999686726,12554.010400001061,616.8622087132726
1785414165,40,,Aggregated,11.500000,0.000000,1300,2200,3000,3700,4800,6400,8200,8700,11000,13000,13000,1984,0,1300,1999.245242641118,37.497999999686726,12554.010400001061,615.6028225806451
1785414166,40,,Aggregated,11.800000,0.000000,1300,2200,3000,3700,4900,6400,8200,8700,11000,13000,13000,1995,0,1300,2001.5329156892105,37.497999999686726,12554.010400001061,614.4741854636592
1785414167,40,,Aggregated,11.600000,0.000000,1300,2200,3000,3800,4900,6400,8200,8700,11000,13000,13000,2003,0,1300,2006.5443517723284,37.497999999686726,12554.010400001061,613.519720419371
1785414168,40,,Aggregated,11.800000,0.000000,1300,2200,3000,3800,5000,6400,8200,8700,11000,13000,13000,2015,0,1300,2012.0479306203347,37.497999999686726,12554.010400001061,612.5116625310174
1785414169,40,,Aggregated,11.800000,0.000000,1300,2300,3100,3800,5100,6400,8200,8700,11000,13000,13000,2030,0,1300,2026.2739734975248,37.497999999686726,12554.010400001061,611.5133004926108
1785414170,40,,Aggregated,11.900000,0.000000,1300,2300,3100,3800,5200,6400,8200,8700,11000,13000,13000,2041,0,1300,2030.8962416952352,37.497999999686726,12554.010400001061,610.7457128858402
1785414171,40,,Aggregated,12.000000,0.000000,1300,2300,3100,3800,5200,6500,8200,8800,11000,13000,13000,2048,0,1300,2036.5310004882672,37.497999999686726,12554.010400001061,610.5244140625
1785414172,40,,Aggregated,12.000000,0.000000,1300,2300,3200,3900,5200,6500,8200,8800,11000,13000,13000,2055,0,1300,2044.0344210705455,37.497999999686726,12554.010400001061,609.905596107056
1785414173,40,,Aggregated,11.300000,0.000000,1300,2300,3200,3900,5300,6500,8200,8800,11000,13000,13000,2065,0,1300,2048.070454527832,37.497999999686726,12554.010400001061,608.6430992736077
1785414174,40,,Aggregated,11.000000,0.000000,1300,2300,3200,3900,5300,6500,8200,8900,11000,13000,13000,2078,0,1300,2048.731270644837,37.497999999686726,12554.010400001061,607.167468719923
1785414175,40,,Aggregated,10.800000,0.000000,1300,2300,3200,3900,5400,6500,8200,8900,11000,13000,13000,2088,0,1300,2055.195717576616,37.497999999686726,12554.010400001061,606.8793103448276
1785414176,40,,Aggregated,10.400000,0.000000,1300,2300,3300,3900,5500,6500,8300,9000,11000,13000,13000,2103,0,1300,2071.9408054208166,37.497999999686726,12554.010400001061,606.0974797907751
1785414177,40,,Aggregated,10.400000,0.000000,1300,2300,3300,3900,5500,6500,8300,9000,11000,13000,13000,2119,0,1300,2073.7872459178748,37.497999999686726,12554.010400001061,604.1113732892874
1785414178,40,,Aggregated,10.600000,0.000000,1300,2300,3300,3900,5500,6500,8300,9000,11000,13000,13000,2131,0,1300,2074.2125246363107,37.497999999686726,12554.010400001061,602.8240262787424
1785414179,40,,Aggregated,10.900000,0.000000,1300,2300,3300,4000,5600,6600,8400,9000,11000,13000,13000,2147,0,1300,2079.545181835109,37.497999999686726,12554.010400001061,601.6739636702375
1785414180,40,,Aggregated,11.900000,0.000000,1300,2300,3300,4000,5600,6600,8400,9000,11000,13000,13000,2155,0,1300,2081.892202180964,37.497999999686726,12554.010400001061,601.2932714617169
1785414181,40,,Aggregated,12.200000,0.000000,1300,2300,3300,4000,5600,6600,8400,9300,11000,13000,13000,2166,0,1300,2090.6807734071917,37.497999999686726,12866.98240000078,600.545244690674
1785414182,40,,Aggregated,11.500000,0.000000,1300,2300,3300,4000,5600,6600,8400,9300,11000,13000,13000,2179,0,1300,2098.2149579623597,37.497999999686726,12866.98240000078,599.7829279486003
1785414183,40,,Aggregated,11.400000,0.000000,1300,2400,3400,4000,5700,6600,8400,9300,11000,13000,13000,2197,0,1300,2104.202440600813,37.497999999686726,12866.98240000078,598.5603095129723
1785414184,40,,Aggregated,11.900000,0.000000,1300,2400,3400,4000,5700,6600,8400,9000,11000,13000,13000,2206,0,1300,2113.009848776058,37.497999999686726,12866.98240000078,598.5140525838622
1785414185,40,,Aggregated,12.400000,0.000000,1300,2400,3400,4000,5800,6600,8400,9000,11000,13000,13000,2210,0,1300,2116.0744851583636,37.497999999686726,12866.98240000078,598.3316742081448
1785414186,40,,Aggregated,13.000000,0.000000,1300,2400,3400,4000,5800,6600,8400,9000,11000,13000,13000,2221,0,1300,2121.575599864918,37.497999999686726,12866.98240000078,597.6767221972085
1785414187,40,,Aggregated,12.300000,0.000000,1300,2400,3400,4000,5800,6600,8400,9000,11000,13000,13000,2232,0,1300,2123.482046102144,37.497999999686726,12866.98240000078,596.6612903225806
1785414188,40,,Aggregated,11.700000,0.000000,1300,2400,3500,4000,5800,6600,8400,9000,11000,13000,13000,2246,0,1300,2128.5150098397107,37.497999999686726,12866.98240000078,595.7520035618878
1785414189,40,,Aggregated,11.700000,0.000000,1300,2400,3500,4100,5800,6600,8400,9000,11000,13000,13000,2261,0,1300,2134.2359720477625,37.497999999686726,12866.98240000078,594.9478107032287
1785414190,40,,Aggregated,11.000000,0.000000,1300,2400,3500,4100,5900,6600,8400,9000,11000,13000,13000,2276,0,1300,2137.041013884004,37.497999999686726,12866.98240000078,593.5746924428822
1785414191,40,,Aggregated,10.500000,0.000000,1300,2400,3500,4100,5900,6600,8400,9000,11000,13000,13000,2287,0,1300,2140.806990773939,37.497999999686726,12866.98240000078,592.3148229121119
1785414192,40,,Aggregated,11.500000,0.000000,1300,2400,3500,4100,5900,6600,8400,9000,11000,13000,13000,2299,0,1300,2139.4919729447574,37.497999999686726,12866.98240000078,591.1731187472815
1785414193,40,,Aggregated,12.300000,0.000000,1300,2400,3500,4100,5900,6600,8400,9000,11000,13000,13000,2313,0,1300,2143.5538017725894,37.497999999686726,12866.98240000078,590.6191093817553
1785414194,40,,Aggregated,12.400000,0.000000,1300,2400,3600,4100,5900,6700,8400,9300,12000,13000,13000,2326,0,1300,2152.7541646173686,37.497999999686726,12866.98240000078,589.8207222699914
1785414195,40,,Aggregated,11.800000,0.000000,1300,2400,3600,4100,5900,6700,8400,9300,12000,13000,13000,2336,0,1300,2155.839684160959,37.497999999686726,12866.98240000078,589.1575342465753
1785414196,40,,Aggregated,11.400000,0.000000,1300,2400,3600,4100,5900,6700,8400,9300,12000,13000,13000,2348,0,1300,2158.686034412265,37.497999999686726,12866.98240000078,588.4178023850085
1785414197,40,,Aggregated,12.400000,0.000000,1300,2400,3600,4100,5900,6700,8400,9300,12000,13000,13000,2358,0,1300,2157.745365733674,37.497999999686726,12866.98240000078,587.4109414758269
1785414198,40,,Aggregated,12.400000,0.000000,1400,2500,3600,4100,6000,6700,8400,9300,12000,13000,13000,2376,0,1400,2168.4425324074105,37.497999999686726,12866.98240000078,587.2984006734007
1785414199,40,,Aggregated,12.600000,0.000000,1400,2500,3600,4100,6000,6700,8400,9300,12000,13000,13000,2384,0,1400,2174.751354572151,37.497999999686726,12866.98240000078,586.8598993288591
1785414200,40,,Aggregated,12.400000,0.000000,1400,2500,3600,4100,6000,6700,8400,9300,12000,13000,13000,2391,0,1400,2173.1553235466354,37.497999999686726,12866.98240000078,585.844834797156
1785414201,40,,Aggregated,12.800000,0.000000,1400,2500,3600,4100,6000,6700,8400,9300,12000,13000,13000,2400,0,1400,2175.0656126666695,37.497999999686726,12866.98240000078,585.3858333333334
1785414202,40,,Aggregated,12.100000,0.000000,1400,2500,3700,4100,6000,6700,8400,9000,12000,13000,13000,2416,0,1400,2180.6828788907296,37.497999999686726,12866.98240000078,584.8228476821192
1785414203,40,,Aggregated,11.100000,0.000000,1400,2500,3700,4100,6000,6700,8400,9000,12000,13000,13000,2422,0,1400,2185.193831131299,37.497999999686726,12866.98240000078,584.3431048720066
1785414204,40,,Aggregated,11.200000,0.000000,1400,2500,3700,4200,6000,6700,8400,9000,12000,13000,13000,2428,0,1400,2189.032437397038,37.497999999686726,12866.98240000078,584.404036243822
1785414205,40,,Aggregated,11.300000,0.000000,1400,2500,3700,4200,6100,6700,8500,9300,12000,13000,13000,2444,0,1400,2200.4973338788895,37.497999999686726,12866.98240000078,583.0994271685761
1785414206,40,,Aggregated,10.500000,0.000000,1400,2500,3700,4200,6100,6700,8400,9300,12000,13000,13000,2459,0,1400,2203.6809860919097,37.497999999686726,12866.98240000078,581.7100447336315
1785414207,40,,Aggregated,10.000000,0.000000,1400,2500,3800,4200,6100,6700,8500,9500,12000,13000,13000,2477,0,1400,2215.920190593461,36.93650000059279,12866.98240000078,581.1045619701251
1785414208,40,,Aggregated,10.900000,0.000000,1400,2500,3800,4200,6100,6700,8500,9700,12000,13000,13000,2486,0,1400,2221.438923813355,36.93650000059279,12866.98240000078,580.9396621078037
1785414209,40,,Aggregated,11.200000,0.000000,1400,2500,3800,4200,6100,6700,8500,9700,12000,13000,13000,2500,0,1400,2219.313613240001,36.93650000059279,12866.98240000078,579.6328
1785414210,40,,Aggregated,11.600000,0.000000,1400,2500,3800,4200,6100,6700,8500,9500,12000,13000,13000,2512,0,1400,2219.508074880575,36.93650000059279,12866.98240000078,579.5187101910828
1785414211,40,,Aggregated,11.500000,0.000000,1400,2500,3800,4200,6100,6700,8500,9500,12000,13000,13000,2522,0,1400,2227.0136065820802,36.93650000059279,12866.98240000078,579.139175257732
1785414212,40,,Aggregated,11.800000,0.000000,1400,2500,3800,4200,6100,6800,8500,9500,12000,13000,13000,2529,0,1400,2227.093553538951,36.93650000059279,12866.98240000078,579.0525899565046
1785414213,40,,Aggregated,12.300000,0.000000,1400,2500,3800,4200,6100,6800,8500,9500,12000,13000,13000,2538,0,1400,2230.0018220252177,36.93650000059279,12866.98240000078,578.8356973995271
1785414214,40,,Aggregated,11.400000,0.000000,1400,2500,3800,4200,6100,6800,8500,9500,12000,13000,13000,2549,0,1400,2235.105007453901,36.93650000059279,12866.98240000078,578.1082777559827
1785414215,40,,Aggregated,11.200000,0.000000,1400,2500,3800,4200,6200,6800,8500,9500,12000,13000,13000,2559,0,1400,2243.9452359906195,36.93650000059279,12866.98240000078,577.7252833137944
1785414216,40,,Aggregated,11.600000,0.000000,1400,2500,3800,4200,6200,6800,8500,9500,12000,13000,13000,2569,0,1400,2250.618103503307,36.93650000059279,12866.98240000078,577.1012066952121
1785414217,40,,Aggregated,12.000000,0.000000,1400,2600,3800,4200,6200,6800,8500,9500,12000,13000,13000,2580,0,1400,2254.2860131007715,36.93650000059279,12866.98240000078,576.5786821705426
1785414218,40,,Aggregated,11.100000,0.000000,1400,2600,3800,4200,6200,6800,8500,9500,12000,13000,13000,2589,0,1400,2258.98831162611,36.93650000059279,12866.98240000078,575.8578601776748
1785414219,40,,Aggregated,10.600000,0.000000,1400,2600,3900,4200,6200,6800,8500,9500,12000,13000,13000,2596,0,1400,2257.8967042372883,36.93650000059279,12866.98240000078,574.8890600924499
1785414220,40,,Aggregated,10.200000,0.000000,1400,2600,3900,4200,6200,6800,8500,9400,12000,13000,13000,2611,0,1400,2270.88548828035,36.93650000059279,12866.98240000078,574.4565300651092
1785414221,40,,Aggregated,9.800000,0.000000,1400,2600,3900,4200,6200,6900,8500,9500,12000,13000,13000,2626,0,1400,2280.76859276466,36.93650000059279,12866.98240000078,574.4036557501904
1785414222,40,,Aggregated,9.400000,0.000000,1400,2600,3900,4200,6200,6900,8500,9500,12000,13000,13000,2634,0,1400,2278.26576279423,36.93650000059279,12866.98240000078,573.9263477600607
1785414223,40,,Aggregated,9.600000,0.000000,1400,2600,3900,4300,6200,6900,8500,9500,12000,13000,13000,2650,0,1400,2284.337972188683,36.93650000059279,12866.98240000078,573.1720754716981
1785414224,40,,Aggregated,10.600000,0.000000,1400,2600,3900,4300,6200,6900,8500,9500,12000,13000,13000,2661,0,1400,2287.0579240511124,36.93650000059279,12866.98240000078,573.2446448703495
1785414225,40,,Aggregated,10.600000,0.000000,1400,2600,3900,4300,6200,6900,8500,9500,12000,13000,13000,2672,0,1400,2291.661555276948,36.93650000059279,12866.98240000078,573.314371257485
1785414226,40,,Aggregated,11.300000,0.000000,1400,2600,3900,4300,6200,6900,8500,9500,12000,13000,13000,2680,0,1400,2291.7550673880623,36.93650000059279,12866.98240000078,573.0929104477611
1785414227,40,,Aggregated,11.100000,0.000000,1400,2600,4000,4300,6200,6900,8500,9500,12000,13000,13000,2692,0,1400,2297.2674244799455,36.93650000059279,12866.98240000078,573.0122585438336
1785414228,40,,Aggregated,11.300000,0.000000,1400,2600,4000,4300,6200,6900,8500,9500,12000,13000,13000,2704,0,1400,2300.9728520340245,36.93650000059279,12866.98240000078,572.1974852071006
1785414229,40,,Aggregated,11.000000,0.000000,1400,2600,4000,4300,6200,6900,8500,9500,12000,13000,13000,2715,0,1400,2300.537981546964,36.93650000059279,12866.98240000078,571.5370165745857
1785414230,40,,Aggregated,11.300000,0.000000,1400,2700,4000,4300,6200,6900,8500,9500,12000,13000,13000,2737,0,1400,2306.2113264888544,36.93650000059279,12866.98240000078,569.9422725611984
1785414231,40,,Aggregated,11.400000,0.000000,1400,2700,4000,4300,6200,6900,8500,9500,12000,13000,13000,2746,0,1400,2305.8459965040056,36.93650000059279,12866.98240000078,569.1132556445739
1785414232,40,,Aggregated,11.700000,0.000000,1400,2700,4000,4300,6200,6900,8500,9500,12000,13000,13000,2762,0,1400,2309.728599022448,36.93650000059279,12866.98240000078,568.7125271542361
1785414233,40,,Aggregated,12.700000,0.000000,1400,2700,4000,4300,6200,7000,8500,9500,12000,13000,13000,2774,0,1400,2310.055094917086,36.93650000059279,12866.98240000078,568.1788031723144
1785414234,40,,Aggregated,11.900000,0.000000,1400,2700,4000,4300,6200,7000,8500,9500,12000,13000,13000,2784,0,1400,2311.9708822557427,36.93650000059279,12866.98240000078,567.9353448275862
1785414235,40,,Aggregated,12.600000,0.000000,1400,2700,4000,4300,6200,7000,8500,9500,12000,13000,13000,2797,0,1400,2312.967669467284,36.93650000059279,12866.98240000078,567.73292813729
1785414236,40,,Aggregated,12.400000,0.000000,1400,2700,4000,4300,6200,7000,8500,9400,12000,13000,13000,2811,0,1400,2313.777536036996,36.93650000059279,12866.98240000078,566.9256492351476
1785414237,40,,Aggregated,12.100000,0.000000,1400,2700,4000,4300,6200,7000,8500,9400,12000,13000,13000,2820,0,1400,2313.5777748226924,36.93650000059279,12866.98240000078,566.3581560283687
1785414238,40,,Aggregated,12.500000,0.000000,1400,2700,4000,4300,6200,7000,8500,9400,12000,13000,13000,2831,0,1400,2318.4212304132807,36.93650000059279,12866.98240000078,566.2140586365242
1785414239,40,,Aggregated,13.100000,0.000000,1400,2700,4000,4300,6200,7000,8500,9500,12000,13000,13000,2845,0,1400,2323.0827929349743,36.93650000059279,12866.98240000078,566.3514938488577
1785414240,40,,Aggregated,12.700000,0.000000,1400,2700,4000,4300,6300,7100,8500,9700,12000,13000,13000,2859,0,1400,2326.253204582021,36.93650000059279,12866.98240000078,566.026932493879
1785414241,40,,Aggregated,12.800000,0.000000,1400,2700,4000,4300,6300,7100,8500,9700,12000,13000,13000,2869,0,1400,2326.433044022312,36.93650000059279,12866.98240000078,565.794353433252
1785414242,40,,Aggregated,13.100000,0.000000,1400,2700,4000,4300,6300,7100,8500,9700,12000,13000,13000,2881,0,1400,2324.262629989592,36.93650000059279,12866.98240000078,565.280458174245
1785414244,40,,Aggregated,12.100000,0.000000,1500,2700,4000,4300,6300,7100,8500,9700,12000,13000,13000,2896,0,1400,2329.1118689226605,36.93650000059279,12866.98240000078,565.0400552486187
1785414245,40,,Aggregated,12.200000,0.000000,1500,2700,4000,4300,6300,7200,8500,9700,12000,13000,13000,2909,0,1500,2335.52849993126,36.93650000059279,12866.98240000078,565.0783774492953
1785414246,40,,Aggregated,11.900000,0.000000,1500,2700,4000,4300,6300,7200,8500,9700,12000,13000,13000,2920,0,1500,2334.9882736986456,36.93650000059279,12866.98240000078,564.4835616438356
1785414247,40,,Aggregated,12.500000,0.000000,1500,2700,4000,4300,6300,7200,8500,9700,12000,13000,13000,2936,0,1500,2332.3960074250813,36.93650000059279,12866.98240000078,563.6696185286104
1785414248,40,,Aggregated,12.500000,0.000000,1500,2700,4000,4300,6300,7300,8600,9800,13000,13000,13000,2946,0,1500,2335.574417175847,36.93650000059279,12866.98240000078,563.2175831636117
1785414249,40,,Aggregated,12.200000,0.000000,1500,2700,4000,4300,6300,7300,8600,9800,13000,13000,13000,2957,0,1500,2335.9854107879764,36.93650000059279,12866.98240000078,562.5823469732837
1785414250,40,,Aggregated,12.300000,0.000000,1500,2700,4100,4300,6300,7300,8600,9800,13000,13000,13000,2968,0,1500,2337.3977087938174,36.93650000059279,12866.98240000078,561.8958894878706
1785414251,40,,Aggregated,12.600000,0.000000,1500,2700,4100,4300,6300,7300,8600,9800,13000,13000,13000,2977,0,1500,2338.8849754450994,36.93650000059279,12866.98240000078,561.8045011756802
1785414252,40,,Aggregated,12.500000,0.000000,1500,2700,4100,4300,6300,7200,8600,9800,13000,13000,13000,2984,0,1500,2342.002965784203,36.93650000059279,12866.98240000078,561.4855898123325
1785414253,40,,Aggregated,11.700000,0.000000,1500,2700,4100,4300,6300,7300,8600,9800,13000,13000,13000,2993,0,1500,2349.669281957922,36.93650000059279,12866.98240000078,561.3494821249583
1785414254,40,,Aggregated,11.500000,0.000000,1500,2800,4100,4300,6300,7300,8600,9800,12000,13000,13000,3002,0,1500,2353.6433082278695,36.93650000059279,12866.98240000078,561.0013324450366
1785414255,40,,Aggregated,11.500000,0.000000,1500,2800,4100,4300,6300,7400,8600,9900,13000,13000,13000,3015,0,1500,2359.1911976782962,36.93650000059279,13418.508599999768,560.841127694859
1785414256,40,,Aggregated,10.500000,0.000000,1500,2800,4100,4300,6300,7500,8600,9900,13000,13000,13000,3030,0,1500,2368.8028164686652,36.93650000059279,13418.508599999768,560.1518151815181
1785414257,40,,Aggregated,10.600000,0.000000,1500,2800,4100,4300,6300,7400,8600,9900,13000,13000,13000,3047,0,1500,2368.941432523814,36.93650000059279,13418.508599999768,558.7282573022645
1785414258,40,,Aggregated,10.800000,0.000000,1500,2800,4100,4300,6300,7500,8600,9900,13000,13000,13000,3064,0,1500,2371.2339188316123,36.93650000059279,13418.508599999768,558.0202349869452
1785414259,40,,Aggregated,11.100000,0.000000,1500,2800,4100,4300,6300,7600,8600,9900,13000,13000,13000,3074,0,1500,2369.458657449597,36.93650000059279,13418.508599999768,557.6148340923878
1785414260,40,,Aggregated,11.600000,0.000000,1500,2800,4100,4300,6300,7500,8600,9900,13000,13000,13000,3091,0,1500,2369.441656324832,36.93650000059279,13418.508599999768,556.7690067939178
1785414261,40,,Aggregated,11.600000,0.000000,1500,2800,4100,4300,6300,7500,8600,9900,13000,13000,13000,3107,0,1500,2370.610269102046,36.93650000059279,13418.508599999768,556.2642420341165
1785414262,40,,Aggregated,12.200000,0.000000,1500,2800,4100,4400,6300,7500,8600,9900,13000,13000,13000,3118,0,1500,2374.6426918216994,36.93650000059279,13418.508599999768,555.6411161000641
1785414263,40,,Aggregated,12.800000,0.000000,1500,2800,4100,4400,6300,7400,8600,9900,13000,13000,13000,3123,0,1500,2375.609364169087,36.93650000059279,13418.508599999768,555.6557796990073
1785414264,40,,Aggregated,13.300000,0.000000,1500,2800,4100,4400,6300,7400,8600,9900,13000,13000,13000,3131,0,1500,2377.262890769741,36.93650000059279,13418.508599999768,555.7256467582242
1785414265,40,,Aggregated,13.000000,0.000000,1500,2800,4100,4400,6300,7400,8600,9900,13000,13000,13000,3146,0,1500,2376.90508595043,36.93650000059279,13418.508599999768,554.932930705658
1785414266,40,,Aggregated,12.900000,0.000000,1500,2800,4100,4400,6300,7400,8600,9900,13000,13000,13000,3157,0,1500,2376.019242350346,36.93650000059279,13418.508599999768,554.6316122901488
1785414267,40,,Aggregated,12.600000,0.000000,1500,2800,4100,4400,6300,7400,8600,9900,13000,13000,13000,3161,0,1500,2378.390222334717,36.93650000059279,13418.508599999768,554.2439101550142
1785414268,40,,Aggregated,12.600000,0.000000,1500,2800,4100,4400,6300,7400,8600,9900,13000,13000,13000,3172,0,1500,2385.186448455248,36.93650000059279,13418.508599999768,554.1059268600252
1785414269,40,,Aggregated,11.300000,0.000000,1500,2900,4100,4400,6300,7500,8600,9900,13000,13000,13000,3178,0,1500,2391.1199224669735,36.93650000059279,13418.508599999768,554.1554436752675
1785414270,40,,Aggregated,10.900000,0.000000,1500,2900,4100,4400,6300,7600,8700,10000,13000,13000,13000,3187,0,1500,2402.005058299353,36.93650000059279,13418.508599999768,554.516786946972
1785414271,40,,Aggregated,10.400000,0.000000,1500,2900,4100,4400,6400,7700,8700,10000,13000,13000,13000,3194,0,1500,2407.5479438948146,36.93650000059279,13418.508599999768,554.7056981840951
1785414272,40,,Aggregated,9.400000,0.000000,1500,2900,4100,4400,6400,7700,8700,10000,13000,13000,13000,3206,0,1500,2411.49829953214,36.93650000059279,13418.508599999768,554.23986275733
1785414273,40,,Aggregated,8.700000,0.000000,1500,2900,4100,4400,6400,7700,8700,10000,13000,13000,13000,3217,0,1500,2415.2336494871133,36.93650000059279,13418.508599999768,553.9462231893068
1785414274,40,,Aggregated,8.700000,0.000000,1500,2900,4100,4400,6400,7700,8700,10000,13000,13000,13000,3232,0,1500,2418.2822847772422,36.93650000059279,13418.508599999768,553.7930074257425
1785414275,40,,Aggregated,9.200000,0.000000,1500,2900,4100,4400,6400,7700,8700,10000,13000,13000,13000,3246,0,1500,2418.6242731669913,36.93650000059279,13418.508599999768,553.1013555144793
1785414276,40,,Aggregated,9.500000,0.000000,1500,2900,4200,4400,6400,7800,8700,10000,13000,13000,13000,3272,0,1500,2426.8865400061327,36.93650000059279,13418.508599999768,552.4284841075795
1785414277,40,,Aggregated,10.200000,0.000000,1500,2900,4100,4400,6400,7800,8700,10000,13000,13000,13000,3281,0,1500,2422.417731331932,36.93650000059279,13418.508599999768,551.9835416031698
1785414278,40,,Aggregated,11.200000,0.000000,1500,2900,4100,4400,6400,7800,8700,10000,13000,13000,13000,3290,0,1500,2421.8768141945493,36.93650000059279,13418.508599999768,552.1410334346505
1785414279,40,,Aggregated,12.000000,0.000000,1500,2900,4100,4400,6400,7800,8700,10000,13000,13000,13000,3301,0,1500,2423.650876401111,36.93650000059279,13418.508599999768,551.8179339594062
1785414280,40,,Aggregated,11.700000,0.000000,1500,2900,4100,4400,6400,7800,8700,10000,13000,13000,13000,3306,0,1500,2423.9792174531344,36.93650000059279,13418.508599999768,551.840592861464
1785414281,40,,Aggregated,11.900000,0.000000,1500,2900,4200,4400,6400,7800,8700,10000,13000,13000,13000,3314,0,1500,2428.222524170208,36.93650000059279,13418.508599999768,551.9146047073024
1785414282,40,,Aggregated,12.100000,0.000000,1500,2900,4200,4400,6400,7800,8700,10000,13000,13000,13000,3321,0,1500,2428.845625504385,36.93650000059279,13418.508599999768,551.6531165311653
1785414283,40,,Aggregated,11.700000,0.000000,1500,3000,4200,4500,6400,7800,8700,10000,13000,13000,13000,3339,0,1500,2437.268618209064,36.93650000059279,13418.508599999768,551.3758610362383
1785414284,40,,Aggregated,11.500000,0.000000,1600,3000,4200,4500,6400,7800,8700,10000,13000,13000,13000,3346,0,1500,2440.3405493126297,36.93650000059279,13418.508599999768,551.3114166168559
1785414285,40,,Aggregated,11.700000,0.000000,1500,3000,4200,4500,6400,7800,8700,10000,13000,13000,13000,3357,0,1500,2443.678231248155,36.93650000059279,13418.508599999768,551.0440869824248
1785414286,40,,Aggregated,11.700000,0.000000,1500,3000,4200,4500,6400,7800,8800,10000,13000,13000,13000,3370,0,1500,2444.133647359069,36.93650000059279,13418.508599999768,550.7492581602373
1785414287,40,,Aggregated,10.800000,0.000000,1600,3000,4200,4500,6400,7800,8800,10000,13000,13000,13000,3384,0,1600,2448.938747222243,36.93650000059279,13418.508599999768,550.4364657210402
1785414288,40,,Aggregated,9.900000,0.000000,1600,3000,4200,4500,6400,7800,8800,10000,13000,13000,13000,3400,0,1500,2449.5602631764905,36.93650000059279,13418.508599999768,549.8114705882352
1785414289,40,,Aggregated,10.300000,0.000000,1500,3000,4200,4500,6400,7800,8800,10000,13000,13000,13000,3417,0,1500,2449.334038484069,36.93650000059279,13418.508599999768,548.7857769973662
1785414290,40,,Aggregated,10.800000,0.000000,1500,3000,4200,4500,6400,7800,8800,10000,13000,13000,13000,3433,0,1500,2449.3231587824253,36.93650000059279,13418.508599999768,548.1771045732595
1785414291,40,,Aggregated,11.600000,0.000000,1500,3000,4200,4500,6400,7800,8800,10000,13000,13000,13000,3444,0,1500,2448.943877206756,36.93650000059279,13418.508599999768,547.927700348432
1785414292,40,,Aggregated,11.900000,0.000000,1500,3000,4200,4500,6400,7800,8800,10000,13000,13000,13000,3454,0,1500,2447.5922356398573,36.93650000059279,13418.508599999768,547.5987261146497
1785414293,40,,Aggregated,13.200000,0.000000,1500,3000,4200,4500,6400,7800,8800,10000,13000,13000,13000,3467,0,1500,2445.6473062878754,36.93650000059279,13418.508599999768,547.0836458032882
1785414294,40,,Aggregated,13.100000,0.000000,1500,3100,4200,4500,6400,7800,8800,10000,13000,13000,13000,3479,0,1500,2450.9153061799557,36.93650000059279,13418.508599999768,546.8729519977005
1785414295,40,,Aggregated,13.100000,0.000000,1500,3100,4200,4500,6400,7800,8800,10000,13000,13000,13000,3495,0,1500,2451.1244736480867,36.93650000059279,13418.508599999768,546.4640915593706
1785414296,40,,Aggregated,13.300000,0.000000,1500,3100,4200,4500,6400,7800,8800,10000,13000,13000,13000,3508,0,1500,2449.0189716362797,36.93650000059279,13418.508599999768,545.726054732041
1785414297,40,,Aggregated,13.500000,0.000000,1600,3100,4200,4500,6400,7800,8800,10000,13000,13000,13000,3518,0,1500,2450.3521872086603,36.93650000059279,13418.508599999768,545.5960773166572
1785414298,40,,Aggregated,13.900000,0.000000,1600,3100,4200,4500,6400,7800,8800,10000,13000,13000,13000,3526,0,1600,2452.1245720079614,36.93650000059279,13418.508599999768,545.4418604651163
1785414299,40,,Aggregated,13.300000,0.000000,1600,3100,4200,4500,6400,7800,8800,10000,13000,13000,13000,3538,0,1600,2456.4786915771815,36.93650000059279,13418.508599999768,545.4768230638779
1785414300,40,,Aggregated,12.600000,0.000000,1600,3100,4200,4500,6400,7800,8800,10000,13000,13000,13000,3548,0,1600,2458.8005826944955,36.93650000059279,13418.508599999768,545.163190529876
1785414301,40,,Aggregated,12.100000,0.000000,1600,3200,4200,4500,6400,7800,8800,10000,13000,13000,13000,3563,0,1600,2458.0186030873056,36.93650000059279,13418.508599999768,544.8798765085602
1785414302,40,,Aggregated,11.900000,0.000000,1600,3200,4200,4500,6400,7800,8800,10000,13000,13000,13000,3578,0,1600,2456.9980219117024,36.93650000059279,13418.508599999768,544.3546674119619
1785414303,40,,Aggregated,11.300000,0.000000,1600,3200,4200,4500,6400,7800,8800,10000,13000,13000,13000,3586,0,1600,2459.1553365030863,36.93650000059279,13418.508599999768,543.7880646960401
1785414304,40,,Aggregated,12.000000,0.000000,1600,3200,4200,4500,6400,7900,8800,10000,13000,13000,13000,3600,0,1600,2463.536368333353,36.93650000059279,13418.508599999768,543.3786111111111
1785414305,40,,Aggregated,11.800000,0.000000,1600,3200,4200,4500,6400,7900,8800,10000,13000,17000,17000,3611,0,1600,2467.54539315981,36.93650000059279,16553.32189999899,543.3231791747438
1785414306,40,,Aggregated,11.400000,0.000000,1600,3200,4200,4500,6400,7900,8800,10000,13000,17000,17000,3620,0,1600,2468.4759607182486,36.93650000059279,16553.32189999899,543.0712707182321
1785414307,40,,Aggregated,11.800000,0.000000,1600,3200,4200,4500,6400,7900,8800,10000,13000,17000,17000,3634,0,1600,2472.1657039625907,36.93650000059279,16553.32189999899,542.8494771601542
1785414308,40,,Aggregated,11.300000,0.000000,1600,3200,4200,4500,6400,7900,8800,10000,13000,17000,17000,3650,0,1600,2472.7061403561825,36.93650000059279,16553.32189999899,542.472602739726
1785414309,40,,Aggregated,11.000000,0.000000,1600,3200,4200,4500,6400,7900,8800,10000,13000,17000,17000,3657,0,1600,2471.728219879701,36.93650000059279,16553.32189999899,542.2895816242822
1785414310,40,,Aggregated,12.000000,0.000000,1600,3300,4200,4600,6400,7900,8800,10000,13000,17000,17000,3665,0,1600,2474.673573669867,36.93650000059279,16553.32189999899,542.3672578444748
1785414311,40,,Aggregated,12.100000,0.000000,1600,3300,4200,4600,6400,7900,8800,10000,13000,17000,17000,3675,0,1600,2478.2488779592013,36.93650000059279,16553.32189999899,542.1945578231292
1785414312,40,,Aggregated,12.000000,0.000000,1600,3300,4200,4600,6400,7900,8800,10000,13000,17000,17000,3683,0,1600,2482.382204968794,36.93650000059279,16553.32189999899,542.460765680152
1785414313,40,,Aggregated,11.600000,0.000000,1600,3300,4200,4600,6400,7900,8800,10000,13000,17000,17000,3698,0,1600,2486.590979691741,36.93650000059279,16553.32189999899,541.9286100594916
1785414314,40,,Aggregated,10.900000,0.000000,1600,3300,4200,4600,6400,7900,8800,10000,13000,17000,17000,3708,0,1600,2487.336954557729,36.93650000059279,16553.32189999899,541.814455231931
1785414315,40,,Aggregated,11.300000,0.000000,1600,3300,4200,4600,6400,7900,8800,10000,13000,17000,17000,3717,0,1600,2489.1467787732226,36.93650000059279,16553.32189999899,541.7524885660479
1785414316,40,,Aggregated,11.500000,0.000000,1600,3300,4200,4600,6400,7900,8800,10000,13000,17000,17000,3732,0,1600,2490.964171489835,36.93650000059279,16553.32189999899,541.4983922829582
1785414317,40,,Aggregated,10.500000,0.000000,1600,3300,4200,4600,6400,8000,8800,10000,13000,17000,17000,3746,0,1600,2493.3565092365347,36.93650000059279,16553.32189999899,540.7223705285638
1785414318,40,,Aggregated,10.400000,0.000000,1600,3300,4200,4600,6400,8000,8800,10000,13000,17000,17000,3756,0,1600,2493.61338839192,36.93650000059279,16553.32189999899,540.3916400425985
1785414319,40,,Aggregated,11.000000,0.000000,1600,3400,4200,4600,6400,8000,8800,10000,13000,17000,17000,3763,0,1600,2496.8785057666887,36.93650000059279,16553.32189999899,540.4004783417486
1785414320,40,,Aggregated,10.900000,0.000000,1600,3400,4200,4600,6400,8000,8800,10000,13000,17000,17000,3777,0,1600,2500.343371088182,36.93650000059279,16553.32189999899,540.4241461477363
1785414321,40,,Aggregated,10.500000,0.000000,1600,3400,4300,4600,6400,8000,8800,10000,13000,17000,17000,3791,0,1600,2503.088745819064,36.93650000059279,16553.32189999899,540.0548667897652
1785414322,40,,Aggregated,10.900000,0.000000,1600,3400,4300,4600,6400,8000,8800,10000,13000,17000,17000,3797,0,1600,2503.086453858327,36.93650000059279,16553.32189999899,539.7692915459573
1785414323,40,,Aggregated,11.600000,0.000000,1600,3400,4300,4600,6400,8000,8800,10000,13000,17000,17000,3809,0,1600,2504.322017353652,36.93650000059279,16553.32189999899,539.4644263586243
1785414324,40,,Aggregated,11.500000,0.000000,1600,3400,4300,4600,6400,8000,8800,10000,13000,17000,17000,3821,0,1600,2504.1267133734773,36.93650000059279,16553.32189999899,538.9481811044229
1785414325,40,,Aggregated,10.900000,0.000000,1600,3400,4300,4600,6400,8000,8800,10000,13000,17000,17000,3842,0,1600,2514.074590213448,36.93650000059279,16553.32189999899,538.7779802186361
1785414326,40,,Aggregated,10.800000,0.000000,1600,3400,4300,4600,6400,8000,8800,10000,13000,17000,17000,3850,0,1600,2517.4843157143046,36.93650000059279,16553.32189999899,538.6085714285714
1785414327,40,,Aggregated,11.400000,0.000000,1600,3400,4300,4600,6400,8000,8800,10000,13000,17000,17000,3855,0,1600,2516.259358910525,36.93650000059279,16553.32189999899,538.6433203631648
1785414328,40,,Aggregated,12.200000,0.000000,1600,3400,4300,4600,6400,8000,8800,10000,13000,17000,17000,3867,0,1600,2516.2083170157935,36.93650000059279,16553.32189999899,537.92655805534
1785414329,40,,Aggregated,11.500000,0.000000,1600,3400,4300,4600,6400,8000,8800,10000,13000,17000,17000,3878,0,1600,2519.4748028623194,36.93650000059279,16553.32189999899,537.6913357400722
1785414330,40,,Aggregated,10.800000,0.000000,1600,3500,4300,4600,6400,8000,8800,10000,13000,17000,17000,3889,0,1600,2520.953914399608,36.93650000059279,16553.32189999899,537.6703522756493
1785414331,40,,Aggregated,11.100000,0.000000,1600,3500,4300,4600,6400,8000,8800,10000,13000,17000,17000,3897,0,1600,2523.4400454708934,36.93650000059279,16553.32189999899,537.2545547857326
1785414332,40,,Aggregated,10.800000,0.000000,1600,3500,4300,4600,6400,8000,8800,10000,13000,17000,17000,3911,0,1600,2526.8909857325693,36.93650000059279,16553.32189999899,536.6952186141651
1785414333,40,,Aggregated,10.300000,0.000000,1600,3500,4300,4600,6400,8000,8800,10000,13000,17000,17000,3919,0,1600,2526.3688981628184,36.93650000059279,16553.32189999899,536.4462873181934
1785414334,40,,Aggregated,10.800000,0.000000,1600,3500,4300,4700,6400,8000,8800,10000,13000,17000,17000,3942,0,1600,2531.843591679371,36.93650000059279,16553.32189999899,535.9789446981227
1785414335,40,,Aggregated,11.100000,0.000000,1600,3500,4300,4700,6400,8000,8800,10000,13000,17000,17000,3960,0,1600,2530.947514873754,36.93650000059279,16553.32189999899,535.1042929292929
1785414336,40,,Aggregated,11.800000,0.000000,1600,3500,4300,4700,6400,8000,8800,10000,13000,17000,17000,3971,0,1600,2531.012114001528,36.93650000059279,16553.32189999899,534.7479224376731
1785414337,40,,Aggregated,12.400000,0.000000,1600,3500,4300,4700,6400,8000,8800,10000,13000,17000,17000,3977,0,1600,2529.266524314828,36.93650000059279,16553.32189999899,534.6934875534322
1785414338,40,,Aggregated,11.900000,0.000000,1600,3500,4300,4700,6400,8000,8800,10000,13000,17000,17000,3991,0,1600,2527.8513396893177,36.93650000059279,16553.32189999899,534.5702831370584
1785414339,40,,Aggregated,12.100000,0.000000,1600,3500,4300,4700,6400,8000,8800,10000,13000,17000,17000,4005,0,1600,2529.4527992259846,36.93650000059279,16553.32189999899,534.449188514357
1785414340,40,,Aggregated,12.300000,0.000000,1600,3500,4300,4700,6400,8000,8800,10000,13000,17000,17000,4014,0,1600,2529.6723273791904,36.93650000059279,16553.32189999899,534.2488789237668
1785414341,40,,Aggregated,12.400000,0.000000,1600,3500,4300,4700,6400,8000,8800,10000,13000,17000,17000,4023,0,1600,2531.7242925180376,36.93650000059279,16553.32189999899,534.0464827243351
1785414342,40,,Aggregated,12.700000,0.000000,1600,3500,4300,4700,6400,8000,8800,10000,13000,17000,17000,4031,0,1600,2533.3968268419917,36.93650000059279,16553.32189999899,533.9764326469858
1785414343,40,,Aggregated,12.900000,0.000000,1600,3500,4300,4700,6400,8000,8800,10000,13000,17000,17000,4046,0,1600,2531.0909384577517,36.93650000059279,16553.32189999899,533.6052891744934
1785414344,40,,Aggregated,12.200000,0.000000,1600,3500,4300,4700,6400,8000,8800,10000,13000,17000,17000,4061,0,1600,2536.2999814577875,36.93650000059279,16553.32189999899,532.9869490273331
1785414345,40,,Aggregated,12.000000,0.000000,1600,3500,4300,4700,6400,8000,8900,10000,13000,17000,17000,4075,0,1600,2539.726022723944,36.93650000059279,16553.32189999899,532.8689570552148
1785414346,40,,Aggregated,11.800000,0.000000,1600,3500,4300,4700,6400,8000,8900,10000,13000,17000,17000,4086,0,1600,2541.504002202663,36.93650000059279,16553.32189999899,532.6605482134116
1785414347,40,,Aggregated,11.600000,0.000000,1600,3500,4300,4700,6400,8000,8900,10000,13000,17000,17000,4102,0,1600,2538.1122314237155,36.93650000059279,16553.32189999899,532.0029254022428
1785414348,40,,Aggregated,11.600000,0.000000,1600,3500,4300,4700,6400,8000,8900,10000,13000,17000,17000,4113,0,1600,2538.278493873106,36.93650000059279,16553.32189999899,531.834184293703
1785414349,40,,Aggregated,11.700000,0.000000,1600,3500,4300,4700,6400,8000,8900,10000,13000,17000,17000,4121,0,1600,2541.2356407910916,36.93650000059279,16553.32189999899,531.4117932540645
1785414350,40,,Aggregated,12.300000,0.000000,1600,3600,4300,4700,6400,8000,8900,10000,13000,17000,17000,4129,0,1600,2541.2968980867236,36.93650000059279,16553.32189999899,531.3528699442965
1785414351,40,,Aggregated,12.300000,0.000000,1700,3600,4300,4700,6400,8000,8900,10000,13000,17000,17000,4144,0,1600,2546.3899166023384,36.93650000059279,16553.32189999899,530.7579633204633
1785414352,40,,Aggregated,11.500000,0.000000,1700,3600,4300,4700,6400,8000,8900,10000,13000,17000,17000,4152,0,1700,2549.112866112737,36.93650000059279,16553.32189999899,530.8147880539499
1785414353,40,,Aggregated,11.300000,0.000000,1700,3600,4300,4700,6400,8000,8900,10000,13000,17000,17000,4163,0,1700,2553.614811578209,36.93650000059279,16553.32189999899,530.9305789094403
1785414354,40,,Aggregated,12.000000,0.000000,1700,3600,4300,4800,6400,8000,8900,10000,13000,17000,17000,4174,0,1700,2556.537570675631,36.93650000059279,16553.32189999899,530.6895064686153
1785414355,40,,Aggregated,11.900000,0.000000,1700,3600,4300,4800,6400,8000,8900,10000,13000,17000,17000,4184,0,1700,2556.1472395793694,36.93650000059279,16553.32189999899,530.4194550669216
1785414356,40,,Aggregated,11.500000,0.000000,1700,3600,4300,4800,6400,8000,8900,10000,13000,17000,17000,4192,0,1700,2555.5769511689127,36.93650000059279,16553.32189999899,530.005963740458
1785414357,40,,Aggregated,11.200000,0.000000,1700,3600,4300,4800,6500,8000,8900,10000,13000,17000,17000,4203,0,1700,2559.6827914585015,36.93650000059279,16553.32189999899,529.8103735427076
1785414358,40,,Aggregated,10.600000,0.000000,1700,3600,4300,4800,6500,8000,8900,10000,13000,17000,17000,4209,0,1700,2562.8975516750024,36.93650000059279,16553.32189999899,529.9249227845094
1785414359,40,,Aggregated,10.400000,0.000000,1700,3600,4300,4800,6500,8100,8900,10000,13000,17000,17000,4219,0,1700,2566.263941763468,36.93650000059279,16553.32189999899,529.8153590898318
1785414360,40,,Aggregated,9.800000,0.000000,1700,3700,4300,4800,6500,8100,8900,10000,13000,17000,17000,4230,0,1700,2569.8680855319317,36.93650000059279,16553.32189999899,529.8148936170213
1785414361,40,,Aggregated,9.200000,0.000000,1700,3700,4300,4800,6500,8100,8900,10000,13000,17000,17000,4241,0,1700,2573.913856661181,36.93650000059279,16553.32189999899,529.6168356519689
1785414362,40,,Aggregated,9.700000,0.000000,1700,3700,4300,4800,6500,8100,8900,10000,13000,17000,17000,4254,0,1700,2574.7983309826177,36.93650000059279,16553.32189999899,529.5949694405266
1785414364,40,,Aggregated,9.900000,0.000000,1700,3700,4300,4800,6500,8100,8900,10000,13000,17000,17000,4267,0,1700,2575.5407101476567,36.93650000059279,16553.32189999899,529.573470822592
1785414365,40,,Aggregated,9.700000,0.000000,1700,3700,4300,4800,6500,8100,8900,10000,13000,17000,17000,4279,0,1700,2574.894673638712,36.93650000059279,16553.32189999899,529.1367141855574
1785414366,40,,Aggregated,10.400000,0.000000,1700,3700,4300,4800,6500,8100,8900,10000,13000,17000,17000,4297,0,1700,2575.445825064008,36.93650000059279,16553.32189999899,528.5457295787759
1785414367,40,,Aggregated,10.400000,0.000000,1700,3700,4300,4800,6500,8100,8900,10000,13000,17000,17000,4309,0,1700,2574.737323207253,36.93650000059279,16553.32189999899,528.2682757020191
1785414368,40,,Aggregated,10.400000,0.000000,1700,3700,4300,4800,6500,8100,8900,10000,13000,17000,17000,4322,0,1700,2577.367709000476,36.93650000059279,16553.32189999899,528.1027302174919
1785414369,40,,Aggregated,11.200000,0.000000,1700,3700,4300,4800,6500,8100,8900,10000,13000,17000,17000,4335,0,1700,2573.71923035757,36.93650000059279,16553.32189999899,527.7803921568627
1785414370,40,,Aggregated,11.700000,0.000000,1700,3700,4300,4800,6500,8100,8900,10000,13000,17000,17000,4346,0,1700,2571.620996617596,36.93650000059279,16553.32189999899,526.9436263230557
1785414371,40,,Aggregated,12.600000,0.000000,1700,3700,4300,4800,6500,8100,9000,10000,13000,17000,17000,4364,0,1700,2574.872995898274,36.93650000059279,16553.32189999899,526.7868927589368
1785414372,40,,Aggregated,12.600000,0.000000,1700,3700,4300,4800,6500,8100,9000,10000,13000,17000,17000,4376,0,1700,2577.7390024908755,36.93650000059279,16553.32189999899,526.329067641682
1785414373,40,,Aggregated,13.300000,0.000000,1700,3700,4300,4800,6500,8100,9000,10000,13000,17000,17000,4384,0,1700,2579.268343658775,36.93650000059279,16553.32189999899,526.2415602189781
1785414374,40,,Aggregated,13.300000,0.000000,1700,3700,4300,4800,6500,8100,9000,10000,13000,17000,17000,4396,0,1700,2577.5050021610723,36.93650000059279,16553.32189999899,526.3191537761602
1785414375,40,,Aggregated,12.800000,0.000000,1700,3700,4300,4800,6500,8100,9000,10000,13000,17000,17000,4409,0,1700,2579.0128545928924,36.93650000059279,16553.32189999899,525.9814016783852
1785414376,40,,Aggregated,12.900000,0.000000,1700,3700,4300,4800,6500,8100,9000,10000,13000,17000,17000,4418,0,1700,2580.1630000000146,36.93650000059279,16553.32189999899,525.8130375735627
1785414377,40,,Aggregated,12.900000,0.000000,1700,3700,4300,4800,6500,8100,9000,10000,13000,17000,17000,4429,0,1700,2580.6653321968984,36.93650000059279,16553.32189999899,525.4874689546173
1785414378,40,,Aggregated,12.100000,0.000000,1700,3700,4300,4800,6500,8100,9000,10000,13000,17000,17000,4440,0,1700,2581.5112597297443,36.93650000059279,16553.32189999899,525.4972972972973
1785414379,40,,Aggregated,12.000000,0.000000,1700,3700,4300,4800,6500,8100,9000,10000,13000,17000,17000,4449,0,1700,2581.1991456731994,36.93650000059279,16553.32189999899,525.3270397842211
1785414380,40,,Aggregated,11.700000,0.000000,1700,3700,4300,4800,6500,8100,9000,10000,13000,17000,17000,4465,0,1700,2586.3290686898254,36.93650000059279,16553.32189999899,524.7166853303471
1785414381,40,,Aggregated,11.200000,0.000000,1700,3700,4300,4900,6500,8100,9100,10000,13000,17000,17000,4471,0,1700,2589.7414158130327,36.93650000059279,16553.32189999899,524.4972042048759
1785414382,40,,Aggregated,11.800000,0.000000,1700,3700,4300,4900,6500,8100,9100,10000,13000,17000,17000,4479,0,1700,2592.003152422434,36.93650000059279,16553.32189999899,524.7454789015405
1785414383,40,,Aggregated,10.700000,0.000000,1700,3700,4300,4900,6500,8100,9100,10000,13000,17000,17000,4491,0,1700,2595.232939568044,36.93650000059279,16553.32189999899,524.4940993097306
1785414384,40,,Aggregated,10.700000,0.000000,1700,3700,4300,4900,6500,8100,9100,10000,13000,17000,17000,4503,0,1700,2595.66004685767,36.93650000059279,16553.32189999899,524.1336886520098
1785414385,40,,Aggregated,10.600000,0.000000,1700,3700,4300,4900,6500,8100,9100,10000,13000,17000,17000,4517,0,1700,2596.2603713969625,36.93650000059279,16553.32189999899,523.6504317024574
1785414386,40,,Aggregated,10.700000,0.000000,1800,3700,4300,4900,6500,8100,9100,10000,13000,17000,17000,4532,0,1800,2600.111539872039,36.93650000059279,16553.32189999899,523.6072374227714
1785414387,40,,Aggregated,10.800000,0.000000,1800,3700,4300,4900,6500,8100,9100,10000,13000,17000,17000,4545,0,1800,2600.776379625981,36.93650000059279,16553.32189999899,523.61100110011
1785414388,40,,Aggregated,10.800000,0.000000,1800,3700,4300,4900,6500,8100,9100,10000,13000,17000,17000,4557,0,1800,2599.808594426174,36.93650000059279,16553.32189999899,523.2198815009875
1785414389,40,,Aggregated,11.000000,0.000000,1800,3700,4300,4900,6500,8100,9100,10000,13000,17000,17000,4562,0,1800,2600.3359077159294,36.93650000059279,16553.32189999899,523.267426567295
1785414390,40,,Aggregated,11.800000,0.000000,1800,3700,4300,4900,6500,8100,9100,10000,13000,17000,17000,4575,0,1800,2599.829741704934,36.93650000059279,16553.32189999899,523.128306010929
1785414391,40,,Aggregated,11.500000,0.000000,1800,3700,4300,4900,6500,8100,9100,10000,13000,17000,17000,4586,0,1800,2599.2748351722785,36.93650000059279,16553.32189999899,522.9986916703009
1785414392,40,,Aggregated,10.900000,0.000000,1800,3700,4300,4900,6500,8100,9100,10000,13000,17000,17000,4597,0,1800,2598.5797851207453,36.93650000059279,16553.32189999899,522.5486186643463
1785414393,40,,Aggregated,11.200000,0.000000,1800,3700,4300,4900,6500,8200,9100,10000,13000,17000,17000,4614,0,1800,2600.247021651512,36.93650000059279,16553.32189999899,522.2156480277416
1785414394,40,,Aggregated,11.500000,0.000000,1800,3800,4300,4900,6500,8200,9100,10000,13000,17000,17000,4632,0,1800,2605.505840220227,36.93650000059279,16553.32189999899,522.2694300518135
1785414395,40,,Aggregated,11.700000,0.000000,1800,3800,4300,4900,6500,8200,9100,10000,13000,17000,17000,4651,0,1800,2605.7941449365917,36.93650000059279,16553.32189999899,522.1059987099549
1785414396,40,,Aggregated,12.400000,0.000000,1800,3800,4300,4900,6500,8200,9100,10000,13000,17000,17000,4656,0,1800,2605.1227393470976,36.93650000059279,16553.32189999899,522.0115979381443
1785414397,40,,Aggregated,13.100000,0.000000,1800,3800,4300,4900,6500,8200,9100,10000,13000,17000,17000,4664,0,1800,2606.9792309176846,36.93650000059279,16553.32189999899,522.1159948542024
1785414398,40,,Aggregated,12.800000,0.000000,1800,3800,4300,4900,6500,8200,9100,10000,13000,17000,17000,4676,0,1800,2606.174019076152,36.93650000059279,16553.32189999899,521.8804533789564
1785414399,40,,Aggregated,11.800000,0.000000,1800,3700,4300,4900,6500,8200,9100,10000,13000,17000,17000,4687,0,1800,2606.8251862172147,36.93650000059279,16553.32189999899,521.4429272455728
1785414400,40,,Aggregated,11.700000,0.000000,1800,3800,4300,4900,6500,8200,9100,10000,13000,17000,17000,4695,0,1800,2608.236499126748,36.93650000059279,16553.32189999899,521.404898828541
1785414401,40,,Aggregated,12.200000,0.000000,1800,3800,4400,4900,6500,8200,9100,10000,13000,17000,17000,4709,0,1800,2612.065239605028,36.93650000059279,16553.32189999899,521.4077298789551
1785414402,40,,Aggregated,11.900000,0.000000,1800,3800,4400,5000,6500,8200,9100,10000,13000,17000,17000,4715,0,1800,2615.502564962903,36.93650000059279,16553.32189999899,521.3800636267232
1785414403,40,,Aggregated,12.500000,0.000000,1800,3800,4400,5000,6500,8200,9100,10000,13000,17000,17000,4724,0,1800,2615.015803852687,36.93650000059279,16553.32189999899,521.2341236240475
1785414404,40,,Aggregated,12.200000,0.000000,1800,3800,4400,5000,6500,8200,9100,10000,13000,17000,17000,4730,0,1800,2618.706313953508,36.93650000059279,16553.32189999899,521.4856236786469
1785414405,40,,Aggregated,11.500000,0.000000,1800,3800,4400,5000,6500,8200,9100,10000,13000,17000,17000,4744,0,1800,2622.7069960581994,36.93650000059279,16553.32189999899,521.3863827993255
1785414406,40,,Aggregated,10.200000,0.000000,1800,3800,4400,5000,6500,8200,9100,10000,13000,17000,17000,4757,0,1800,2621.4723964683817,36.93650000059279,16553.32189999899,521.3941559806601
1785414407,40,,Aggregated,9.500000,0.000000,1800,3800,4400,5000,6500,8200,9100,10000,13000,17000,17000,4770,0,1800,2621.8459963731834,36.93650000059279,16553.32189999899,521.4
1785414408,40,,Aggregated,10.000000,0.000000,1800,3800,4400,5000,6500,8200,9100,10000,13000,17000,17000,4781,0,1800,2620.8909663668865,36.93650000059279,16553.32189999899,520.9362058146831
1785414409,40,,Aggregated,10.300000,0.000000,1800,3800,4400,5100,6600,8200,9100,11000,13000,17000,17000,4798,0,1800,2625.881651771589,36.93650000059279,16553.32189999899,520.619841600667
1785414410,40,,Aggregated,10.200000,0.000000,1800,3800,4400,5100,6600,8200,9100,11000,13000,17000,17000,4813,0,1800,2625.633763266171,36.93650000059279,16553.32189999899,520.1367130687721
1785414411,40,,Aggregated,10.600000,0.000000,1800,3800,4400,5100,6600,8200,9100,11000,13000,17000,17000,4829,0,1800,2628.9415989231893,36.93650000059279,16553.32189999899,520.0685442120522
1785414412,40,,Aggregated,11.300000,0.000000,1800,3800,4400,5100,6600,8200,9100,11000,13000,17000,17000,4844,0,1800,2626.15642436005,36.93650000059279,16553.32189999899,519.8011973575558
1785414413,40,,Aggregated,11.600000,0.000000,1800,3800,4400,5100,6500,8200,9100,11000,13000,17000,17000,4854,0,1800,2623.487901977767,36.93650000059279,16553.32189999899,519.6221672847137
1785414414,40,,Aggregated,12.500000,0.000000,1800,3800,4400,5100,6600,8200,9100,11000,13000,17000,17000,4859,0,1800,2623.4500796048737,36.93650000059279,16553.32189999899,519.5346779172669
1785414415,40,,Aggregated,12.900000,0.000000,1800,3800,4400,5100,6600,8200,9100,11000,13000,17000,17000,4870,0,1800,2625.164773655048,36.93650000059279,16553.32189999899,519.5546201232033
1785414416,40,,Aggregated,12.700000,0.000000,1800,3800,4400,5100,6600,8200,9100,11000,13000,17000,17000,4880,0,1800,2625.9110315778858,36.93650000059279,16553.32189999899,519.5159836065574
1785414417,40,,Aggregated,12.300000,0.000000,1800,3800,4400,5100,6600,8200,9100,11000,13000,17000,17000,4891,0,1800,2628.496111940315,36.93650000059279,16553.32189999899,519.3678184420364
1785414418,40,,Aggregated,12.200000,0.000000,1800,3800,4400,5100,6600,8200,9100,10000,13000,17000,17000,4904,0,1800,2629.2674380301964,36.93650000059279,16553.32189999899,519.0766721044046
1785414419,40,,Aggregated,12.100000,0.000000,1800,3800,4400,5100,6600,8200,9100,10000,13000,17000,17000,4920,0,1800,2631.0682081097734,36.93650000059279,16553.32189999899,519.0138211382114
1785414420,40,,Aggregated,12.200000,0.000000,1800,3800,4400,5100,6600,8200,9100,11000,13000,17000,17000,4929,0,1800,2632.590460965729,36.93650000059279,16553.32189999899,519.0089267599919
1785414421,40,,Aggregated,12.200000,0.000000,1800,3800,4400,5100,6600,8200,9100,11000,13000,17000,17000,4936,0,1800,2632.5605010332406,36.93650000059279,16553.32189999899,519.0482171799027
1785414422,40,,Aggregated,12.200000,0.000000,1800,3800,4400,5200,6600,8200,9100,11000,13000,17000,17000,4951,0,1800,2636.017183377113,36.93650000059279,16553.32189999899,519.1825893758837
1785414423,40,,Aggregated,11.300000,0.000000,1800,3800,4400,5200,6600,8200,9100,11000,13000,17000,17000,4962,0,1800,2637.373592503041,36.93650000059279,16553.32189999899,519.3256751309956
1785414424,40,,Aggregated,10.700000,0.000000,1800,3800,4400,5200,6600,8200,9100,11000,13000,17000,17000,4979,0,1800,2637.0942812813996,36.93650000059279,16553.32189999899,518.6854790118498
1785414425,40,,Aggregated,10.800000,0.000000,1800,3800,4400,5100,6600,8200,9100,11000,13000,17000,17000,4990,0,1800,2636.0241221443057,36.93650000059279,16553.32189999899,518.2755511022044
1785414426,40,,Aggregated,11.800000,0.000000,1800,3800,4400,5100,6600,8200,9100,11000,13000,17000,17000,4996,0,1800,2636.150990612508,36.93650000059279,16553.32189999899,518.2489991993594
1785414427,40,,Aggregated,12.100000,0.000000,1800,3800,4400,5200,6600,8200,9100,11000,13000,17000,17000,5014,0,1800,2639.9883826884898,36.93650000059279,16553.32189999899,518.1406063023534
1785414428,40,,Aggregated,11.600000,0.000000,1800,3800,4400,5200,6600,8200,9100,11000,13000,17000,17000,5024,0,1800,2641.567898566896,36.93650000059279,16553.32189999899,518.2314888535032
1785414429,40,,Aggregated,11.600000,0.000000,1800,3800,4400,5200,6600,8200,9100,11000,13000,17000,17000,5034,0,1800,2640.776770937641,36.93650000059279,16553.32189999899,518.0613825983313
1785414430,40,,Aggregated,12.200000,0.000000,1800,3800,4400,5200,6600,8200,9100,11000,13000,17000,17000,5043,0,1800,2644.5797549474682,36.93650000059279,16553.32189999899,518.2177275431291
1785414431,40,,Aggregated,11.700000,0.000000,1800,3800,4400,5200,6600,8200,9100,11000,13000,17000,17000,5051,0,1800,2646.702854306096,36.93650000059279,16553.32189999899,518.019996040388
1785414432,40,,Aggregated,11.200000,0.000000,1900,3900,4400,5200,6600,8200,9100,11000,13000,17000,17000,5062,0,1900,2647.1033868431655,36.93650000059279,16553.32189999899,518.1750296325563
1785414433,40,,Aggregated,11.100000,0.000000,1900,3900,4400,5200,6600,8200,9100,11000,13000,17000,17000,5073,0,1900,2646.701055489868,36.93650000059279,16553.32189999899,518.0666272422629
1785414434,40,,Aggregated,11.100000,0.000000,1900,3900,4400,5200,6600,8200,9100,11000,13000,17000,17000,5086,0,1900,2647.703222886375,36.93650000059279,16553.32189999899,517.7919779787652
1785414435,40,,Aggregated,10.900000,0.000000,1900,3900,4400,5200,6600,8200,9100,11000,13000,17000,17000,5097,0,1900,2651.186053835609,36.93650000059279,16553.32189999899,517.6529330979007
1785414436,40,,Aggregated,10.600000,0.000000,1900,3900,4400,5200,6600,8300,9100,11000,13000,17000,17000,5109,0,1900,2652.960628028988,36.93650000059279,16553.32189999899,517.7381092190252
1785414437,40,,Aggregated,10.500000,0.000000,1900,3900,4400,5300,6600,8300,9100,11000,13000,17000,17000,5122,0,1900,2654.8221649746397,36.93650000059279,16553.32189999899,517.631393986724
1785414438,40,,Aggregated,11.200000,0.000000,1900,3900,4400,5300,6600,8300,9100,11000,13000,17000,17000,5133,0,1900,2654.0611765634326,36.93650000059279,16553.32189999899,517.656925774401
1785414439,40,,Aggregated,10.900000,0.000000,1900,3900,4400,5300,6600,8300,9100,11000,13000,17000,17000,5149,0,1900,2655.527252534492,36.93650000059279,16553.32189999899,517.725771994562
1785414440,40,,Aggregated,10.600000,0.000000,1900,3900,4400,5300,6600,8300,9100,11000,13000,17000,17000,5156,0,1900,2656.368225737023,36.93650000059279,16553.32189999899,517.5098913886734
1785414441,40,,Aggregated,11.300000,0.000000,1900,3900,4400,5300,6600,8300,9100,11000,13000,17000,17000,5167,0,1900,2657.2387219276357,36.93650000059279,16553.32189999899,517.408941358622
1785414442,40,,Aggregated,11.300000,0.000000,1900,3900,4400,5300,6600,8300,9100,11000,13000,17000,17000,5181,0,1900,2657.962010673632,36.93650000059279,16553.32189999899,517.2026635784598
1785414443,40,,Aggregated,11.300000,0.000000,1900,3900,4400,5300,6600,8300,9100,11000,13000,17000,17000,5195,0,1900,2658.475744003868,36.93650000059279,16553.32189999899,516.9643888354186
1785414444,40,,Aggregated,11.400000,0.000000,1900,3900,4400,5300,6600,8300,9100,11000,13000,17000,17000,5208,0,1900,2658.3345503648407,36.93650000059279,16553.32189999899,516.8613671274961
1785414445,40,,Aggregated,12.000000,0.000000,1900,3900,4400,5300,6600,8300,9100,11000,13000,17000,17000,5220,0,1900,2655.2898159004008,36.93650000059279,16553.32189999899,516.5710727969349
1785414446,40,,Aggregated,12.200000,0.000000,1900,3900,4400,5200,6600,8300,9100,11000,13000,17000,17000,5230,0,1900,2655.276545812638,36.93650000059279,16553.32189999899,516.5413001912046
1785414447,40,,Aggregated,12.500000,0.000000,1900,3900,4400,5300,6600,8300,9100,11000,13000,17000,17000,5237,0,1900,2657.8527801222253,36.93650000059279,16553.32189999899,516.7053656673668
1785414448,40,,Aggregated,11.900000,0.000000,1900,3900,4400,5300,6600,8300,9200,11000,13000,17000,17000,5246,0,1900,2659.2780572817574,36.93650000059279,16553.32189999899,516.3612276019825
1785414449,40,,Aggregated,12.200000,0.000000,1900,3900,4400,5300,6600,8300,9200,11000,13000,17000,17000,5260,0,1900,2661.873916806103,36.93650000059279,16553.32189999899,516.4410646387832
1785414450,40,,Aggregated,11.600000,0.000000,1900,3900,4400,5300,6600,8300,9200,11000,13000,17000,17000,5271,0,1900,2661.581195959039,36.93650000059279,16553.32189999899,516.4674634794156
1785414451,40,,Aggregated,10.900000,0.000000,1900,3900,4400,5300,6600,8300,9300,11000,13000,17000,17000,5279,0,1900,2663.149151581756,36.93650000059279,16553.32189999899,516.4421291911347
1785414452,40,,Aggregated,11.400000,0.000000,1900,3900,4400,5300,6600,8300,9300,11000,13000,17000,17000,5291,0,1900,2666.393715649233,36.93650000059279,16553.32189999899,516.4931014931014
1785414453,40,,Aggregated,11.500000,0.000000,1900,3900,4400,5300,6600,8300,9400,11000,13000,17000,17000,5302,0,1900,2670.9771052621822,36.93650000059279,16553.32189999899,516.2038853262919
1785414454,40,,Aggregated,11.200000,0.000000,1900,3900,4400,5300,6600,8300,9400,11000,13000,17000,17000,5310,0,1900,2671.397024726947,36.93650000059279,16553.32189999899,516.3015065913371
1785414455,40,,Aggregated,10.800000,0.000000,1900,3900,4400,5400,6600,8300,9400,11000,13000,17000,17000,5320,0,1900,2673.9099083834767,36.93650000059279,16553.32189999899,516.1466165413534
1785414456,40,,Aggregated,10.500000,0.000000,1900,3900,4400,5400,6600,8300,9400,11000,13000,17000,17000,5331,0,1900,2676.844860026278,36.93650000059279,16553.32189999899,516.2652410429563
1785414457,40,,Aggregated,9.500000,0.000000,1900,3900,4400,5400,6600,8300,9400,11000,13000,17000,17000,5342,0,1900,2680.1046401909566,36.93650000059279,16553.32189999899,516.1671658554849
1785414458,40,,Aggregated,9.900000,0.000000,1900,3900,4400,5400,6600,8300,9400,11000,13000,17000,17000,5350,0,1900,2680.9285307850632,36.93650000059279,16553.32189999899,515.9857943925234
1785414459,40,,Aggregated,10.200000,0.000000,1900,3900,4400,5500,6600,8300,9400,11000,13000,17000,17000,5368,0,1900,2681.0907196721464,36.93650000059279,16553.32189999899,515.6521982116244
1785414460,40,,Aggregated,10.200000,0.000000,1900,3900,4400,5500,6600,8300,9400,11000,13000,17000,17000,5377,0,1900,2680.3233034963882,36.93650000059279,16553.32189999899,515.4431839315604
1785414461,40,,Aggregated,10.200000,0.000000,1900,3900,4400,5500,6600,8300,9400,11000,13000,17000,17000,5395,0,1900,2681.7226816496905,36.93650000059279,16553.32189999899,515.3564411492123
1785414462,40,,Aggregated,10.500000,0.000000,1900,3900,4400,5500,6600,8300,9400,11000,13000,17000,17000,5415,0,1900,2680.242261772866,36.93650000059279,16553.32189999899,514.9294552169898
1785414463,40,,Aggregated,10.400000,0.000000,1900,3900,4400,5500,6600,8300,9400,11000,13000,17000,17000,5431,0,1900,2679.765397017136,36.93650000059279,16553.32189999899,514.5201620327748
1785414464,40,,Aggregated,11.500000,0.000000,1900,3900,4400,5500,6600,8300,9400,11000,13000,17000,17000,5447,0,1900,2678.416831026268,36.93650000059279,16553.32189999899,514.3231136405361
1785414465,40,,Aggregated,12.400000,0.000000,1900,3900,4400,5400,6600,8300,9400,11000,13000,17000,17000,5458,0,1900,2677.240367387336,36.93289999864646,16553.32189999899,514.1143275925248
1785414466,40,,Aggregated,12.700000,0.000000,1900,3900,4400,5400,6600,8300,9400,11000,13000,17000,17000,5468,0,1900,2675.812473043175,36.93289999864646,16553.32189999899,513.9345281638625
1785414467,40,,Aggregated,14.000000,0.000000,1900,3900,4400,5400,6600,8300,9400,11000,13000,17000,17000,5478,0,1900,2676.5966333150936,36.93289999864646,16553.32189999899,514.0281124497992
1785414468,40,,Aggregated,13.700000,0.000000,1900,3900,4400,5400,6600,8300,9400,11000,13000,17000,17000,5493,0,1900,2676.134715201178,36.93289999864646,16553.32189999899,513.7473147642454
1785414469,40,,Aggregated,13.700000,0.000000,1900,3900,4400,5500,6600,8300,9400,11000,13000,17000,17000,5503,0,1900,2676.3763771942695,36.93289999864646,16553.32189999899,513.4828275486099
1785414470,40,,Aggregated,13.700000,0.000000,1900,3900,4400,5500,6600,8300,9400,11000,13000,17000,17000,5521,0,1900,2675.6238492121097,36.93289999864646,16553.32189999899,512.8686832095635
1785414471,40,,Aggregated,14.000000,0.000000,1900,3900,4400,5500,6600,8300,9400,11000,13000,17000,17000,5533,0,1900,2677.0543323332836,36.93289999864646,16553.32189999899,512.9569853605639
1785414472,40,,Aggregated,13.700000,0.000000,1900,3900,4400,5500,6600,8300,9400,11000,13000,17000,17000,5541,0,1900,2676.6790265836607,36.93289999864646,16553.32189999899,512.9379173434398
1785414473,40,,Aggregated,14.400000,0.000000,1900,3900,4400,5500,6600,8300,9300,11000,13000,17000,17000,5553,0,1900,2677.829831622557,36.93289999864646,16553.32189999899,512.8780839186026
1785414474,40,,Aggregated,13.700000,0.000000,1900,3900,4400,5500,6600,8300,9300,11000,13000,17000,17000,5565,0,1900,2678.6542358131273,36.93289999864646,16553.32189999899,512.7017070979335
1785414475,40,,Aggregated,12.400000,0.000000,1900,3900,4400,5500,6600,8300,9300,11000,13000,17000,17000,5570,0,1900,2679.0279966247863,36.93289999864646,16553.32189999899,512.7177737881508
1785414476,40,,Aggregated,12.000000,0.000000,1900,3900,4400,5500,6600,8300,9400,11000,13000,17000,17000,5588,0,1900,2682.3946449713785,36.93289999864646,16553.32189999899,512.676807444524
1785414477,40,,Aggregated,11.500000,0.000000,1900,3900,4400,5500,6600,8300,9400,11000,13000,17000,17000,5600,0,1900,2680.8061619464393,36.93289999864646,16553.32189999899,512.4078571428571
1785414478,40,,Aggregated,11.100000,0.000000,1900,3900,4400,5500,6600,8300,9300,11000,13000,17000,17000,5608,0,1900,2680.5662779600684,36.93289999864646,16553.32189999899,512.3898002853067
1785414479,40,,Aggregated,11.600000,0.000000,1900,3900,4400,5500,6600,8300,9300,11000,13000,17000,17000,5617,0,1900,2682.2901622218387,36.93289999864646,16553.32189999899,512.5422823571301
1785414480,40,,Aggregated,12.000000,0.000000,1900,3900,4400,5500,6600,8300,9300,11000,13000,17000,17000,5628,0,1900,2683.001502860709,36.93289999864646,16553.32189999899,512.4225302061122
1785414481,40,,Aggregated,11.500000,0.000000,1900,3900,4400,5500,6600,8300,9300,11000,13000,17000,17000,5634,0,1900,2683.8047072417594,36.93289999864646,16553.32189999899,512.4068157614483
1785414482,40,,Aggregated,10.900000,0.000000,1900,3900,4400,5500,6600,8300,9400,11000,13000,17000,17000,5645,0,1900,2683.907885597886,36.93289999864646,16553.32189999899,512.2026572187776
1785414483,40,,Aggregated,10.600000,0.000000,1900,4000,4400,5500,6600,8300,9300,11000,13000,17000,17000,5661,0,1900,2687.18101480305,36.93289999864646,16553.32189999899,512.2460695990108
1785414484,40,,Aggregated,10.100000,0.000000,1900,4000,4400,5600,6600,8300,9300,11000,13000,17000,17000,5674,0,1900,2689.141822717672,36.93289999864646,16553.32189999899,512.1251321818822
1785414485,40,,Aggregated,10.200000,0.000000,1900,4000,4400,5500,6600,8300,9400,11000,13000,17000,17000,5693,0,1900,2687.7910156683774,36.93289999864646,16553.32189999899,511.5295977516248
1785414486,40,,Aggregated,10.700000,0.000000,1900,4000,4400,5500,6600,8300,9400,11000,13000,17000,17000,5708,0,1900,2686.285224229163,36.93289999864646,16553.32189999899,511.3237561317449
1785414487,40,,Aggregated,10.900000,0.000000,1900,4000,4400,5500,6600,8300,9400,11000,13000,17000,17000,5718,0,1900,2684.852922595324,36.93289999864646,16553.32189999899,510.9550542147604
1785414488,40,,Aggregated,12.200000,0.000000,1900,4000,4400,5500,6600,8300,9400,11000,13000,17000,17000,5725,0,1900,2683.705670113548,36.93289999864646,16553.32189999899,510.8819213973799
1785414489,40,,Aggregated,12.000000,0.000000,1900,4000,4400,5600,6600,8300,9400,11000,13000,17000,17000,5740,0,1900,2688.7537714634254,36.93289999864646,16553.32189999899,510.8719512195122
1785414491,40,,Aggregated,11.700000,0.000000,1900,4000,4400,5600,6600,8300,9400,11000,13000,17000,17000,5750,0,1900,2689.848289895662,36.93289999864646,16553.32189999899,510.81791304347826
1785414491,40,,Aggregated,11.600000,0.000000,1900,4000,4400,5600,6600,8300,9400,11000,13000,17000,17000,5758,0,1900,2690.7772482632968,36.93289999864646,16553.32189999899,510.6297325460229
1785414493,40,,Aggregated,12.100000,0.000000,1900,4000,4400,5600,6600,8300,9400,11000,13000,17000,17000,5767,0,1900,2691.1467527830864,36.93289999864646,16553.32189999899,510.7832495231489
1785414494,40,,Aggregated,12.100000,0.000000,1900,4000,4400,5600,6600,8300,9400,11000,13000,17000,17000,5774,0,1900,2692.3241821960614,36.93289999864646,16553.32189999899,510.7982334603395
1785414495,40,,Aggregated,12.200000,0.000000,1900,4000,4400,5600,6600,8300,9400,11000,13000,17000,17000,5783,0,1900,2697.6350923050436,36.93289999864646,16553.32189999899,510.9517551443887
1785414496,40,,Aggregated,12.100000,0.000000,1900,4000,4400,5600,6600,8300,9500,11000,13000,17000,17000,5798,0,1900,2701.1948964815574,36.93289999864646,16553.32189999899,511.0634701621249
1785414497,40,,Aggregated,10.800000,0.000000,1900,4000,4400,5600,6600,8300,9400,11000,13000,17000,17000,5809,0,1900,2702.515090084363,36.93289999864646,16553.32189999899,511.0974350146325
1785414498,40,,Aggregated,10.500000,0.000000,1900,4000,4400,5600,6600,8300,9400,11000,13000,17000,17000,5819,0,1900,2701.895038700818,36.93289999864646,16553.32189999899,510.84997422237495
1785414499,40,,Aggregated,10.500000,0.000000,2000,4000,4400,5600,6600,8300,9400,11000,13000,17000,17000,5826,0,2000,2703.433774356344,36.93289999864646,16553.32189999899,510.74819773429454
1785414500,40,,Aggregated,10.000000,0.000000,2000,4000,4400,5600,6600,8300,9400,11000,13000,17000,17000,5840,0,2000,2704.0174905308318,36.93289999864646,16553.32189999899,510.7200342465753
1785414501,40,,Aggregated,10.000000,0.000000,2000,4000,4400,5700,6600,8300,9500,11000,13000,17000,17000,5850,0,2000,2704.5529101538564,36.93289999864646,16553.32189999899,510.4188034188034
1785414502,40,,Aggregated,9.900000,0.000000,2000,4000,4400,5700,6600,8300,9400,11000,13000,17000,17000,5864,0,2000,2705.1599791780445,36.93289999864646,16553.32189999899,510.1410300136426
1785414503,40,,Aggregated,10.000000,0.000000,2000,4000,4500,5700,6600,8300,9400,11000,13000,17000,17000,5882,0,2000,2705.936494474677,36.93289999864646,16553.32189999899,509.85532131927914
1785414504,40,,Aggregated,10.000000,0.000000,2000,4000,4500,5700,6600,8300,9400,11000,13000,17000,17000,5894,0,1900,2704.4429451306505,36.93289999864646,16553.32189999899,509.4716661011198
1785414505,40,,Aggregated,11.500000,0.000000,1900,4000,4400,5700,6600,8300,9400,11000,13000,17000,17000,5909,0,1900,2701.8259567608816,36.93289999864646,16553.32189999899,509.1401252326959
1785414506,40,,Aggregated,12.000000,0.000000,1900,4000,4400,5700,6600,8300,9400,11000,13000,17000,17000,5926,0,1900,2701.8478086567748,36.93289999864646,16553.32189999899,508.9188322645967
1785414507,40,,Aggregated,12.300000,0.000000,1900,4000,4400,5700,6600,8300,9400,11000,13000,17000,17000,5936,0,1900,2700.4143777628105,36.93289999864646,16553.32189999899,508.7907681940701
1785414508,40,,Aggregated,12.600000,0.000000,2000,4000,4400,5700,6600,8300,9500,11000,13000,17000,17000,5950,0,1900,2701.663388336142,36.93289999864646,16553.32189999899,508.3500840336134
1785414509,40,,Aggregated,12.700000,0.000000,2000,4000,4400,5700,6600,8300,9500,11000,13000,17000,17000,5965,0,2000,2702.502951668074,36.93289999864646,16553.32189999899,508.1612740989103
1785414510,40,,Aggregated,12.700000,0.000000,2000,4000,4400,5700,6600,8300,9500,11000,13000,17000,17000,5974,0,1900,2702.5520527452395,36.93289999864646,16553.32189999899,507.98526950117173
1785414511,40,,Aggregated,13.700000,0.000000,1900,4000,4400,5700,6600,8300,9500,11000,13000,17000,17000,5983,0,1900,2701.0764874644933,36.93289999864646,16553.32189999899,507.91709844559585
1785414512,40,,Aggregated,13.500000,0.000000,2000,4000,4400,5700,6600,8300,9500,11000,13000,17000,17000,5997,0,2000,2701.0031870602097,36.93289999864646,16553.32189999899,508.00750375187596
1785414513,40,,Aggregated,13.100000,0.000000,2000,4000,4400,5700,6600,8300,9500,11000,13000,17000,17000,6010,0,2000,2703.2187286522594,36.93289999864646,16553.32189999899,508.04459234608987
1785414514,40,,Aggregated,13.300000,0.000000,2000,4000,4400,5700,6600,8300,9500,11000,13000,17000,17000,6019,0,2000,2702.442766838357,36.93289999864646,16553.32189999899,507.9785678684167
1785414515,40,,Aggregated,12.700000,0.000000,2000,4000,4400,5700,6600,8300,9700,11000,13000,17000,17000,6033,0,2000,2704.7588642963788,36.93289999864646,16553.32189999899,507.684070943146
1785414516,40,,Aggregated,12.300000,0.000000,2000,4000,4400,5700,6600,8300,9700,11000,13000,17000,17000,6047,0,2000,2705.61704498099,36.93289999864646,16553.32189999899,507.6376715726807
1785414517,40,,Aggregated,12.400000,0.000000,2000,4000,4400,5700,6600,8300,9500,11000,13000,17000,17000,6059,0,2000,2706.7101578808456,36.93289999864646,16553.32189999899,507.5926720580954
1785414518,40,,Aggregated,12.000000,0.000000,2000,4000,4400,5700,6600,8300,9500,11000,13000,17000,17000,6070,0,2000,2705.970398879745,36.93289999864646,16553.32189999899,507.30494233937395
1785414519,40,,Aggregated,12.200000,0.000000,2000,4000,4400,5700,6600,8300,9500,11000,13000,17000,17000,6078,0,2000,2704.92438864759,36.93289999864646,16553.32189999899,507.29285949325435
1785414520,40,,Aggregated,11.900000,0.000000,2000,4000,4400,5700,6600,8300,9700,11000,13000,17000,17000,6087,0,2000,2706.8058562017504,36.93289999864646,16553.32189999899,507.33596188598653
1785414521,40,,Aggregated,11.300000,0.000000,2000,4000,4400,5700,6600,8300,9700,11000,13000,17000,17000,6098,0,2000,2708.49304430962,36.93289999864646,16553.32189999899,507.3770088553624
1785414522,40,,Aggregated,11.200000,0.000000,2000,4000,4400,5700,6600,8300,9700,11000,13000,17000,17000,6110,0,2000,2711.8226459901903,36.93289999864646,16553.32189999899,507.44386252045825
1785414523,40,,Aggregated,11.400000,0.000000,2000,4000,4400,5700,6700,8300,9700,11000,13000,17000,17000,6118,0,2000,2713.9072850931784,36.93289999864646,16553.32189999899,507.65053939195815
1785414524,40,,Aggregated,11.200000,0.000000,2000,4000,4500,5700,6700,8300,9700,11000,13000,17000,17000,6127,0,2000,2715.424399314521,36.93289999864646,16553.32189999899,507.6939774767423
1785414525,40,,Aggregated,10.800000,0.000000,2000,4000,4500,5700,6700,8300,9700,11000,13000,17000,17000,6139,0,2000,2718.4481804854317,36.93289999864646,16553.32189999899,507.8950969213227
1785414526,40,,Aggregated,10.900000,0.000000,2000,4000,4500,5700,6700,8300,9700,11000,13000,17000,17000,6146,0,2000,2721.274488106097,36.93289999864646,16553.32189999899,508.15261958997723
1785414527,40,,Aggregated,10.300000,0.000000,2000,4000,4500,5700,6700,8300,9700,11000,13000,17000,17000,6158,0,2000,2720.1597816011813,36.93289999864646,16553.32189999899,508.10847677817475
1785414528,40,,Aggregated,10.100000,0.000000,2000,4000,4500,5700,6700,8300,9700,11000,13000,17000,17000,6170,0,2000,2718.70164701784,36.93289999864646,16553.32189999899,507.74457050243115
1785414529,40,,Aggregated,9.900000,0.000000,2000,4000,4500,5700,6700,8300,9700,11000,13000,17000,17000,6184,0,2000,2720.3210079398573,36.93289999864646,16553.32189999899,507.724935316947
1785414530,40,,Aggregated,9.700000,0.000000,2000,4000,4500,5800,6700,8300,9700,11000,13000,17000,17000,6200,0,2000,2721.9220598387224,36.93289999864646,16553.32189999899,507.81193548387097
1785414531,40,,Aggregated,10.300000,0.000000,2000,4000,4500,5800,6700,8300,9500,11000,13000,17000,17000,6210,0,2000,2720.817366602267,36.93289999864646,16553.32189999899,507.6917874396135
1785414532,40,,Aggregated,11.200000,0.000000,2000,4000,4500,5800,6700,8300,9700,11000,13000,17000,17000,6221,0,2000,2721.9240383539723,36.93289999864646,16553.32189999899,507.7276965118148
1785414533,40,,Aggregated,11.400000,0.000000,2000,4000,4500,5800,6700,8300,9700,11000,13000,17000,17000,6231,0,2000,2722.6489203819724,36.93289999864646,16553.32189999899,507.5552880757503
1785414534,40,,Aggregated,11.000000,0.000000,2000,4000,4500,5800,6700,8300,9700,11000,13000,17000,17000,6241,0,2000,2723.1979198045287,36.93289999864646,16553.32189999899,507.33231853869574
1785414535,40,,Aggregated,11.300000,0.000000,2000,4000,4500,5800,6700,8300,9700,11000,13000,17000,17000,6253,0,2000,2725.5269047177453,36.93289999864646,16553.32189999899,507.1570446185831
1785414536,40,,Aggregated,11.100000,0.000000,2000,4000,4500,5800,6700,8300,9700,11000,13000,17000,17000,6264,0,2000,2723.244808253521,36.93289999864646,16553.32189999899,506.7175925925926
1785414537,40,,Aggregated,11.800000,0.000000,2000,4000,4500,5700,6700,8300,9700,11000,13000,17000,17000,6279,0,2000,2723.4599186494743,36.93289999864646,16553.32189999899,506.30355152094285
1785414538,40,,Aggregated,11.400000,0.000000,2000,4000,4500,5700,6700,8300,9700,11000,13000,17000,17000,6291,0,2000,2722.840570974414,36.93289999864646,16553.32189999899,506.0537275472898
1785414539,40,,Aggregated,11.900000,0.000000,2000,4000,4500,5800,6700,8300,9700,11000,13000,17000,17000,6311,0,2000,2725.408477372848,36.93289999864646,16553.32189999899,505.9291712882269
1785414540,40,,Aggregated,12.300000,0.000000,2000,4000,4500,5800,6700,8300,9700,11000,13000,17000,17000,6321,0,2000,2724.1897874545234,36.93289999864646,16553.32189999899,505.7111216579655
1785414541,40,,Aggregated,12.400000,0.000000,2000,4000,4500,5800,6700,8300,9700,11000,13000,17000,17000,6329,0,2000,2723.5766352820415,36.93289999864646,16553.32189999899,505.5981987675778
1785414542,40,,Aggregated,11.900000,0.000000,2000,4000,4500,5800,6700,8300,9700,11000,13000,17000,17000,6345,0,2000,2723.189291836098,36.93289999864646,16553.32189999899,505.5747832939322
1785414543,40,,Aggregated,11.700000,0.000000,2000,4000,4500,5800,6700,8300,9500,11000,13000,17000,17000,6360,0,2000,2723.14465856919,36.93289999864646,16553.32189999899,505.60503144654086
1785414544,40,,Aggregated,11.700000,0.000000,2000,4000,4500,5800,6700,8300,9700,11000,13000,19000,19000,6366,0,2000,2727.192806644683,36.93289999864646,18520.04759999909,505.41454602576187
1785414545,40,,Aggregated,12.200000,0.000000,2000,4000,4500,5800,6700,8300,9700,11000,13000,19000,19000,6372,0,2000,2728.654904033278,36.93289999864646,18520.04759999909,505.50925925925924
1785414546,40,,Aggregated,12.700000,0.000000,2000,4000,4500,5800,6700,8300,9700,11000,13000,19000,19000,6383,0,2000,2731.8165704371045,36.93289999864646,18520.04759999909,505.82641391195364
1785414547,40,,Aggregated,11.900000,0.000000,2000,4000,4500,5800,6700,8300,9700,11000,13000,19000,19000,6391,0,2000,2730.863484994529,36.93289999864646,18520.04759999909,505.81552182757
1785414548,40,,Aggregated,11.900000,0.000000,2000,4000,4500,5800,6700,8300,9700,11000,13000,19000,19000,6399,0,2000,2730.833820753248,36.93289999864646,18520.04759999909,505.90592280043757
1785414549,40,,Aggregated,11.200000,0.000000,2000,4000,4500,5800,6700,8300,9500,11000,13000,19000,19000,6412,0,2000,2734.3117639270167,36.93289999864646,18520.04759999909,506.04117280099814
1785414550,40,,Aggregated,10.700000,0.000000,2000,4000,4500,5800,6700,8300,9500,11000,13000,19000,19000,6424,0,2000,2733.5170752335043,36.93289999864646,18520.04759999909,505.92076587795765
1785414551,40,,Aggregated,10.100000,0.000000,2000,4000,4500,5800,6700,8300,9500,11000,13000,19000,19000,6441,0,2000,2732.4352359882055,36.93289999864646,18520.04759999909,505.17931998136936
1785414552,40,,Aggregated,10.100000,0.000000,2000,4000,4500,5800,6700,8300,9500,11000,13000,19000,19000,6460,0,2000,2734.243363668735,36.93289999864646,18520.04759999909,504.8806501547988
1785414553,40,,Aggregated,10.700000,0.000000,2000,4000,4500,5800,6700,8300,9500,11000,13000,19000,19000,6473,0,2000,2734.6406422987825,36.93289999864646,18520.04759999909,504.8923219527267
1785414554,40,,Aggregated,11.600000,0.000000,2000,4000,4500,5800,6700,8300,9700,11000,13000,19000,19000,6487,0,2000,2735.2056450285213,36.93289999864646,18520.04759999909,504.75412363187917
1785414555,40,,Aggregated,11.400000,0.000000,2000,4000,4500,5800,6700,8300,9700,11000,13000,19000,19000,6500,0,2000,2734.323569138464,36.93289999864646,18520.04759999909,504.6626153846154
1785414556,40,,Aggregated,11.700000,0.000000,2000,4000,4500,5800,6700,8300,9500,11000,13000,19000,19000,6509,0,2000,2733.3649976801375,36.93289999864646,18520.04759999909,504.6050084498387
1785414557,40,,Aggregated,12.400000,0.000000,2000,4000,4500,5800,6700,8300,9700,11000,13000,19000,19000,6518,0,2000,2732.978422783064,36.93289999864646,18520.04759999909,504.54510586069347
1785414558,40,,Aggregated,12.500000,0.000000,2000,4000,4500,5800,6700,8300,9700,11000,13000,19000,19000,6531,0,2000,2732.770535829126,36.93289999864646,18520.04759999909,504.48170264890524
1785414559,40,,Aggregated,12.600000,0.000000,2000,4000,4500,5800,6700,8300,9700,11000,13000,19000,19000,6541,0,2000,2734.6686811343884,36.93289999864646,18520.04759999909,504.5500687968201
1785414560,40,,Aggregated,12.700000,0.000000,2000,4000,4500,5800,6700,8300,9700,11000,13000,19000,19000,6549,0,2000,2735.231032127049,36.93289999864646,18520.04759999909,504.44373186746066
1785414561,40,,Aggregated,12.900000,0.000000,2000,4000,4500,5800,6700,8300,9500,11000,13000,19000,19000,6554,0,2000,2736.749084635343,36.93289999864646,18520.04759999909,504.49038754958804
1785414562,40,,Aggregated,12.400000,0.000000,2000,4000,4500,5800,6700,8300,9500,11000,13000,19000,19000,6570,0,2000,2741.1055259969617,36.93289999864646,18520.04759999909,504.6275494672755
1785414563,40,,Aggregated,11.800000,0.000000,2000,4000,4500,5800,6700,8300,9500,11000,13000,19000,19000,6583,0,2000,2741.480378976156,36.93289999864646,18520.04759999909,504.7689503265988
1785414564,40,,Aggregated,10.700000,0.000000,2000,4000,4500,5800,6700,8300,9500,11000,13000,19000,19000,6594,0,2000,2741.890880254784,36.93289999864646,18520.04759999909,504.71064604185625
1785414565,40,,Aggregated,11.200000,0.000000,2000,4000,4500,5800,6700,8300,9500,11000,13000,19000,19000,6607,0,2000,2741.726589511131,36.93289999864646,18520.04759999909,504.75147570758287
1785414566,40,,Aggregated,10.700000,0.000000,2000,4000,4500,5800,6700,8300,9500,11000,13000,19000,19000,6616,0,2000,2742.686958691058,36.93289999864646,18520.04759999909,504.6706469165659
1785414567,40,,Aggregated,10.300000,0.000000,2000,4000,4500,5800,6700,8300,9500,11000,13000,19000,19000,6625,0,2000,2741.6201981434024,36.93289999864646,18520.04759999909,504.5138113207547
1785414568,40,,Aggregated,10.600000,0.000000,2000,4000,4500,5800,6700,8300,9500,11000,13000,19000,19000,6637,0,2000,2744.056600693093,36.93289999864646,18520.04759999909,504.7043845110743
1785414569,40,,Aggregated,10.600000,0.000000,2000,4000,4500,5800,6700,8300,9500,11000,13000,19000,19000,6650,0,2000,2744.9961219398588,36.93289999864646,18520.04759999909,504.743007518797
1785414570,40,,Aggregated,11.000000,0.000000,2000,4000,4500,5800,6700,8300,9500,11000,13000,19000,19000,6661,0,2000,2744.653217309722,36.93289999864646,18520.04759999909,504.6833808737427
1785414571,40,,Aggregated,11.000000,0.000000,2000,4000,4500,5800,6700,8300,9500,11000,13000,19000,19000,6669,0,2000,2746.1613309791674,36.93289999864646,18520.04759999909,504.75153696206326
1785414572,40,,Aggregated,11.200000,0.000000,2000,4000,4500,5800,6700,8300,9500,11000,13000,19000,19000,6677,0,2000,2746.378793949388,36.93289999864646,18520.04759999909,504.8421446757526
1785414573,40,,Aggregated,11.500000,0.000000,2000,4100,4500,5800,6700,8300,9500,11000,13000,19000,19000,6685,0,2000,2746.5154290650808,36.93289999864646,18520.04759999909,504.8362004487659
1785414574,40,,Aggregated,11.200000,0.000000,2000,4100,4500,5800,6700,8400,9500,11000,13000,19000,19000,6702,0,2000,2749.3514314682307,36.93289999864646,18520.04759999909,504.84720978812294
1785414575,35,,Aggregated,10.000000,0.000000,2000,4100,4500,5800,6700,8400,9500,11000,13000,19000,19000,6711,0,2000,2749.93803617942,36.93289999864646,18520.04759999909,504.9856951274028
1785414576,30,,Aggregated,10.200000,0.000000,2000,4100,4500,5800,6700,8400,9500,11000,13000,19000,19000,6716,0,2000,2752.669427099477,36.93289999864646,18520.04759999909,505.12894580107206
1785414577,25,,Aggregated,10.800000,0.000000,2000,4100,4500,5800,6700,8400,9500,11000,13000,19000,19000,6721,0,2000,2754.7203705549905,36.93289999864646,18520.04759999909,505.1492337449784
1785414578,20,,Aggregated,10.300000,0.000000,2000,4100,4500,5800,6700,8400,9500,11000,13000,19000,19000,6723,0,2000,2755.896638494733,36.93289999864646,18520.04759999909,505.12241558827907
1785414579,20,,Aggregated,10.000000,0.000000,2000,4100,4500,5800,6700,8400,9500,11000,13000,19000,19000,6729,0,2000,2756.8082462475995,36.93289999864646,18520.04759999909,505.3135681379105
1785414580,20,,Aggregated,8.900000,0.000000,2000,4100,4500,5800,6700,8400,9500,11000,13000,19000,19000,6733,0,2000,2758.138902836789,36.93289999864646,18520.04759999909,505.4087331055993
1785414581,20,,Aggregated,8.100000,0.000000,2000,4100,4500,5800,6700,8400,9500,11000,13000,19000,19000,6742,0,2000,2759.003733298739,36.93289999864646,18520.04759999909,505.3274992583803
1785414582,20,,Aggregated,7.700000,0.000000,2000,4100,4500,5800,6700,8400,9500,11000,13000,19000,19000,6754,0,2000,2760.609769914139,36.93289999864646,18520.04759999909,505.68329878590464
1785414583,20,,Aggregated,7.100000,0.000000,2000,4100,4500,5800,6700,8400,9500,11000,13000,19000,19000,6763,0,2000,2758.569356380319,36.93289999864646,18520.04759999909,505.7243826704125
1785414584,20,,Aggregated,7.500000,0.000000,2000,4100,4500,5800,6700,8400,9500,11000,13000,19000,19000,6766,0,2000,2758.2843362695976,36.93289999864646,18520.04759999909,505.77091339048184
1785414585,20,,Aggregated,8.100000,0.000000,2000,4100,4500,5800,6700,8400,9500,11000,13000,19000,19000,6780,0,2000,2758.418989587034,36.93289999864646,18520.04759999909,506.2405604719764
1785414586,20,,Aggregated,7.500000,0.000000,2000,4100,4500,5800,6700,8400,9500,11000,13000,19000,19000,6787,0,2000,2757.217249609561,36.93289999864646,18520.04759999909,506.2578458818329
1785414587,20,,Aggregated,6.200000,0.000000,2000,4100,4500,5800,6700,8400,9500,11000,13000,19000,19000,6794,0,2000,2755.806349602604,36.93289999864646,18520.04759999909,506.0813953488372
1785414588,20,,Aggregated,6.900000,0.000000,2000,4100,4500,5800,6700,8400,9400,11000,13000,19000,19000,6807,0,2000,2754.2707795798588,36.93289999864646,18520.04759999909,506.1881886293521
1785414589,20,,Aggregated,6.900000,0.000000,2000,4000,4500,5800,6700,8400,9400,11000,13000,19000,19000,6814,0,2000,2753.675060771954,36.93289999864646,18520.04759999909,506.32697387731145
1785414590,20,,Aggregated,7.500000,0.000000,2000,4000,4500,5800,6700,8300,9400,11000,13000,19000,19000,6822,0,2000,2751.9023813984318,36.93289999864646,18520.04759999909,506.389914980944
1785414591,20,,Aggregated,8.700000,0.000000,2000,4000,4500,5800,6700,8300,9400,11000,13000,19000,19000,6829,0,2000,2752.17345133989,36.93289999864646,18520.04759999909,506.5006589544589
1785414592,20,,Aggregated,8.500000,0.000000,2000,4000,4500,5800,6700,8300,9400,11000,13000,19000,19000,6838,0,2000,2751.753292614815,36.93289999864646,18520.04759999909,506.70634688505413
1785414593,20,,Aggregated,8.500000,0.000000,2000,4000,4500,5800,6700,8300,9400,11000,13000,19000,19000,6849,0,2000,2750.307891371018,36.93289999864646,18520.04759999909,506.62067455102937
1785414594,20,,Aggregated,8.700000,0.000000,2000,4000,4500,5800,6700,8300,9400,11000,13000,19000,19000,6856,0,2000,2748.471689119034,36.93289999864646,18520.04759999909,506.5643232205368
1785414595,20,,Aggregated,8.300000,0.000000,2000,4000,4500,5800,6700,8300,9400,11000,13000,19000,19000,6866,0,2000,2748.3500402563495,36.93289999864646,18520.04759999909,506.7225458782406
1785414596,20,,Aggregated,8.700000,0.000000,2000,4000,4500,5800,6700,8300,9400,11000,13000,19000,19000,6876,0,2000,2747.5779692117644,36.93289999864646,18520.04759999909,506.66230366492147
1785414597,20,,Aggregated,9.000000,0.000000,2000,4000,4500,5800,6700,8300,9400,11000,13000,19000,19000,6882,0,2000,2746.857490642268,36.93289999864646,18520.04759999909,506.75239755884917
1785414598,20,,Aggregated,8.700000,0.000000,2000,4000,4500,5800,6700,8300,9400,11000,13000,19000,19000,6893,0,2000,2746.040964775872,36.93289999864646,18520.04759999909,506.76309299289136
1785414599,20,,Aggregated,9.000000,0.000000,2000,4000,4500,5800,6700,8300,9400,11000,13000,19000,19000,6900,0,2000,2745.2956578550848,36.93289999864646,18520.04759999909,506.99347826086955
1785414600,20,,Aggregated,9.000000,0.000000,2000,4000,4500,5800,6700,8300,9400,11000,13000,19000,19000,6909,0,2000,2744.9341252858703,36.93289999864646,18520.04759999909,507.31668837747867
1785414601,20,,Aggregated,8.500000,0.000000,2000,4000,4500,5700,6700,8300,9400,11000,13000,19000,19000,6913,0,2000,2744.425970577185,36.93289999864646,18520.04759999909,507.40431071893533
1785414602,20,,Aggregated,8.600000,0.000000,2000,4000,4500,5700,6700,8300,9400,11000,13000,19000,19000,6922,0,2000,2744.2700921410124,36.93289999864646,18520.04759999909,507.7188673793701
1785414603,20,,Aggregated,8.800000,0.000000,2000,4000,4500,5700,6700,8300,9400,11000,13000,19000,19000,6928,0,2000,2744.8654163683727,36.93289999864646,18520.04759999909,507.8724018475751
1785414604,20,,Aggregated,8.200000,0.000000,2000,4000,4500,5700,6700,8300,9400,11000,13000,19000,19000,6936,0,2000,2744.09728640428,36.93289999864646,18520.04759999909,508.04700115340256
1785414605,20,,Aggregated,8.300000,0.000000,2100,4000,4500,5700,6700,8300,9400,11000,13000,19000,19000,6945,0,2100,2743.8668225630076,36.93289999864646,18520.04759999909,508.36198704103674
1785414606,20,,Aggregated,7.800000,0.000000,2100,4000,4500,5700,6700,8300,9400,11000,13000,19000,19000,6951,0,2100,2743.9821193353605,36.93289999864646,18520.04759999909,508.5151776722774
1785414607,20,,Aggregated,8.000000,0.000000,2100,4000,4500,5700,6700,8300,9400,11000,13000,19000,19000,6959,0,2100,2743.8127330076295,36.93289999864646,18520.04759999909,508.5706279637879
1785414608,20,,Aggregated,7.800000,0.000000,2100,4000,4500,5700,6700,8300,9400,11000,13000,19000,19000,6967,0,2100,2743.1101844265963,36.93289999864646,18520.04759999909,508.50796612602267
1785414609,20,,Aggregated,7.500000,0.000000,2100,4000,4500,5700,6700,8300,9400,11000,13000,19000,19000,6974,0,2100,2742.912834370534,36.93289999864646,18520.04759999909,508.72899340407224
1785414610,20,,Aggregated,7.300000,0.000000,2100,4000,4500,5700,6700,8300,9400,11000,13000,19000,19000,6984,0,2100,2743.2373688001285,36.93289999864646,18520.04759999909,509.0869129438717
1785414611,20,,Aggregated,7.100000,0.000000,2100,4000,4500,5700,6700,8300,9400,11000,13000,19000,19000,6991,0,2100,2742.6425740666705,36.93289999864646,18520.04759999909,509.0971248748391
1785414612,20,,Aggregated,7.300000,0.000000,2100,4000,4500,5700,6700,8300,9400,11000,13000,19000,19000,6997,0,2100,2742.0785751322132,36.93289999864646,18520.04759999909,509.157924824925
1785414613,20,,Aggregated,7.400000,0.000000,2100,4000,4500,5700,6700,8300,9300,11000,13000,19000,19000,7006,0,2100,2740.4561196117756,36.93289999864646,18520.04759999909,509.2867542106766
1785414614,20,,Aggregated,7.800000,0.000000,2100,4000,4500,5700,6600,8300,9300,11000,13000,19000,19000,7014,0,2100,2739.7453988736966,36.93289999864646,18520.04759999909,509.46164813230683
1785414615,20,,Aggregated,7.400000,0.000000,2100,4000,4500,5700,6600,8300,9300,11000,13000,19000,19000,7023,0,2100,2740.7393788409677,36.93289999864646,18520.04759999909,509.5650007119465
1785414616,20,,Aggregated,7.700000,0.000000,2100,4000,4500,5700,6600,8300,9300,11000,13000,19000,19000,7032,0,2100,2739.9952510096873,36.93289999864646,18520.04759999909,509.6919795221843
1785414617,20,,Aggregated,7.900000,0.000000,2100,4000,4500,5600,6600,8300,9300,11000,13000,19000,19000,7041,0,2100,2739.655122326392,36.93289999864646,18520.04759999909,509.7957676466411
1785414618,20,,Aggregated,7.700000,0.000000,2100,4000,4500,5600,6600,8300,9300,11000,13000,19000,19000,7049,0,2100,2738.785313647344,36.93289999864646,18520.04759999909,509.9689317633707
1785414619,20,,Aggregated,7.900000,0.000000,2100,4000,4500,5600,6600,8300,9300,11000,13000,19000,19000,7058,0,2100,2736.8711536837814,36.93289999864646,18520.04759999909,510.0031170303202
1785414621,20,,Aggregated,8.200000,0.000000,2100,4000,4500,5600,6600,8300,9300,11000,13000,19000,19000,7068,0,2100,2736.2433982031866,36.93289999864646,18520.04759999909,509.8705432937182
1785414622,20,,Aggregated,8.300000,0.000000,2100,4000,4400,5600,6600,8300,9300,11000,13000,19000,19000,7076,0,2100,2735.6803693471065,36.93289999864646,18520.04759999909,509.92863199547764
1785414623,20,,Aggregated,8.300000,0.000000,2100,4000,4400,5600,6600,8300,9300,11000,13000,19000,19000,7087,0,2100,2734.170244320604,36.93289999864646,18520.04759999909,510.05234937208974
1785414624,20,,Aggregated,8.400000,0.000000,2100,4000,4400,5600,6600,8300,9300,11000,13000,19000,19000,7095,0,2100,2733.581682917565,36.93289999864646,18520.04759999909,510.04115574348134
1785414625,20,,Aggregated,8.400000,0.000000,2100,4000,4400,5600,6600,8300,9300,11000,13000,19000,19000,7103,0,2100,2733.166944051826,36.93289999864646,18520.04759999909,510.30817964240464
1785414626,20,,Aggregated,8.900000,0.000000,2100,4000,4400,5600,6600,8300,9300,11000,13000,19000,19000,7112,0,2100,2732.466354696305,36.93289999864646,18520.04759999909,510.62007874015745
1785414627,20,,Aggregated,8.700000,0.000000,2100,4000,4400,5600,6600,8300,9300,11000,13000,19000,19000,7120,0,2100,2731.2460949157476,36.93289999864646,18520.04759999909,510.67682584269664
1785414628,20,,Aggregated,8.700000,0.000000,2100,4000,4400,5600,6600,8300,9300,11000,13000,19000,19000,7126,0,2100,2730.5272184676005,36.93289999864646,18520.04759999909,510.7608756665731
1785414629,20,,Aggregated,8.700000,0.000000,2100,4000,4400,5600,6600,8300,9300,11000,13000,19000,19000,7138,0,2100,2730.5135755954216,36.93289999864646,18520.04759999909,510.99607733258614
1785414630,20,,Aggregated,8.700000,0.000000,2100,4000,4400,5600,6600,8300,9300,11000,13000,19000,19000,7144,0,2100,2729.6745200168148,36.93289999864646,18520.04759999909,510.9619260918253
1785414631,20,,Aggregated,8.500000,0.000000,2100,4000,4400,5600,6600,8300,9300,11000,13000,19000,19000,7150,0,2100,2729.468208503513,36.93289999864646,18520.04759999909,511.01846153846157
1785414632,20,,Aggregated,8.500000,0.000000,2100,4000,4400,5500,6600,8300,9300,11000,13000,19000,19000,7157,0,2100,2728.7584233757316,36.93289999864646,18520.04759999909,511.02808439290203
1785414633,20,,Aggregated,8.200000,0.000000,2100,4000,4400,5500,6600,8300,9300,11000,13000,19000,19000,7165,0,2100,2729.3354855966663,36.93289999864646,18520.04759999909,511.2914166085136
1785414634,20,,Aggregated,8.100000,0.000000,2100,4000,4400,5500,6600,8300,9300,11000,13000,19000,19000,7172,0,2100,2729.922218446754,36.93289999864646,18520.04759999909,511.41773563859454
1785414635,20,,Aggregated,8.100000,0.000000,2100,4000,4400,5500,6600,8300,9300,11000,13000,19000,19000,7180,0,2100,2729.6721094289856,36.93289999864646,18520.04759999909,511.6800835654596
