Timestamp,User Count,Type,Name,Requests/s,Failures/s,50%,66%,75%,80%,90%,95%,98%,99%,99.9%,99.99%,100%,Total Request Count,Total Failure Count,Total Median Response Time,Total Average Response Time,Total Min Response Time,Total Max Response Time,Total Average Content Size
1785349924,0,,Aggregated,0.000000,0.000000,N/A,N/A,N/A,N/A,N/A,N/A,N/A,N/A,N/A,N/A,N/A,0,0,0,0.0,0,0,0
1785349925,2,,Aggregated,0.000000,0.000000,390,390,390,390,390,390,390,390,390,390,390,2,0,354.39120000228286,374.40324999624863,354.39120000228286,394.4152999902144,825.0
1785349926,4,,Aggregated,0.000000,0.000000,390,390,550,550,710,710,710,710,710,710,710,6,0,380,437.0900332966509,237.7095998963341,705.5893999058753,687.5
1785349927,8,,Aggregated,2.000000,0.000000,490,550,710,710,800,960,960,960,960,960,960,12,0,390,504.5898749958724,200.85280004423112,959.2568000080064,755.8333333333334
1785349928,10,,Aggregated,2.500000,0.000000,490,640,710,710,880,960,960,960,960,960,960,17,0,490,513.433005879907,200.85280004423112,959.2568000080064,727.6470588235294
1785349929,10,,Aggregated,3.000000,0.000000,540,710,810,880,980,1000,1600,1600,1600,1600,1600,24,0,490,592.1892249995532,200.85280004423112,1647.7826000191271,687.2916666666666
1785349930,10,,Aggregated,3.750000,0.000000,640,810,960,980,1400,1600,2100,2100,2100,2100,2100,30,0,550,703.2869666659584,200.85280004423112,2131.8192000035197,714.8333333333334
1785349931,10,,Aggregated,4.200000,0.000000,710,880,980,1000,2000,2300,2500,2500,2500,2500,2500,37,0,710,848.6476324316164,200.85280004423112,2529.756599920802,691.4864864864865
1785349932,10,,Aggregated,4.500000,0.000000,710,960,1000,1600,2100,2300,2500,2500,2500,2500,2500,43,0,710,915.9849255757276,200.85280004423112,2529.756599920802,691.3953488372093
1785349933,10,,Aggregated,4.857143,0.000000,780,980,1200,1600,2100,2300,2500,2500,2500,2500,2500,49,0,780,947.0801346849802,200.85280004423112,2529.756599920802,691.3265306122449
1785349934,10,,Aggregated,5.000000,0.000000,800,1000,1600,1600,2100,2500,2500,3200,3200,3200,3200,56,0,780,1007.071994637954,200.85280004423112,3209.79879994411,708.5714285714286
1785349935,10,,Aggregated,5.222222,0.000000,810,1100,1600,1600,2100,2400,2500,3200,3200,3200,3200,63,0,810,1045.0465634875443,200.85280004423112,3209.79879994411,708.8095238095239
1785349936,10,,Aggregated,5.300000,0.000000,830,1100,1600,1600,2300,2500,3200,3700,3700,3700,3700,68,0,810,1072.607557349222,200.85280004423112,3679.0517999324948,693.3088235294117
1785349937,10,,Aggregated,5.800000,0.000000,840,1200,1600,1700,2300,2500,3200,3700,3700,3700,3700,74,0,830,1104.899212157958,200.85280004423112,3679.0517999324948,693.1081081081081
1785349938,10,,Aggregated,6.000000,0.000000,840,1200,1600,1700,2300,2700,3400,3700,3700,3700,3700,80,0,830,1117.1530549967429,200.85280004423112,3679.0517999324948,692.9375
1785349939,10,,Aggregated,6.200000,0.000000,840,1200,1600,1600,2300,2700,3700,4000,4000,4000,4000,87,0,840,1125.4514747087833,200.85280004423112,4024.37309990637,694.3678160919541
1785349940,10,,Aggregated,6.200000,0.000000,840,1200,1600,1700,2400,3200,3700,4000,4000,4000,4000,93,0,840,1159.4689548346064,200.85280004423112,4024.37309990637,685.2150537634409
1785349941,10,,Aggregated,6.200000,0.000000,840,1200,1600,1600,2400,3200,3700,4000,5000,5000,5000,101,0,840,1181.5022029648858,200.85280004423112,4983.048100024462,688.3564356435644
1785349942,10,,Aggregated,6.400000,0.000000,880,1200,1600,1600,2400,3200,3700,4000,5000,5000,5000,107,0,880,1181.425842051786,200.85280004423112,4983.048100024462,680.7009345794393
1785349943,10,,Aggregated,6.400000,0.000000,880,1200,1600,1700,2500,3300,3700,4000,5000,5000,5000,114,0,840,1207.3479991165202,200.85280004423112,4983.048100024462,689.7631578947369
1785349944,10,,Aggregated,6.400000,0.000000,880,1200,1600,1700,2500,3300,3700,4000,5000,5000,5000,120,0,840,1197.9538016603328,200.85280004423112,4983.048100024462,696.6833333333333
1785349945,10,,Aggregated,6.400000,0.000000,840,1200,1600,1700,2500,3300,4000,4000,5000,5000,5000,127,0,840,1205.0478409400107,200.85280004423112,4983.048100024462,703.9448818897638
1785349946,10,,Aggregated,6.400000,0.000000,840,1200,1600,1900,2700,3400,4000,4000,5000,5000,5000,134,0,840,1228.6550925328715,200.85280004423112,4983.048100024462,704.2537313432836
1785349947,10,,Aggregated,6.300000,0.000000,840,1200,1600,1800,2700,3400,4000,4000,5000,5000,5000,140,0,840,1211.5453049956288,200.85280004423112,4983.048100024462,703.6857142857143
1785349948,10,,Aggregated,6.400000,0.000000,840,1200,1600,1800,2700,3300,4000,4000,5000,5000,5000,146,0,840,1217.6003842423224,200.85280004423112,4983.048100024462,708.8013698630137
1785349949,10,,Aggregated,6.500000,0.000000,840,1200,1600,1800,2700,3400,4000,4800,5000,5000,5000,152,0,840,1230.8529388116624,200.85280004423112,4983.048100024462,713.5657894736842
1785349950,10,,Aggregated,6.500000,0.000000,840,1200,1500,1800,2700,3400,4000,4800,5000,5000,5000,158,0,840,1222.5364373379412,200.85280004423112,4983.048100024462,712.6835443037975
1785349951,10,,Aggregated,6.600000,0.000000,880,1200,1600,1900,2900,3700,4300,4800,5000,5000,5000,166,0,840,1250.9088343351586,200.85280004423112,4983.048100024462,713.3313253012049
1785349952,10,,Aggregated,6.300000,0.000000,900,1200,1600,1900,3000,3700,4300,4800,5000,5000,5000,170,0,880,1259.514774115044,200.85280004423112,4983.048100024462,711.1941176470589
1785349953,10,,Aggregated,6.300000,0.000000,980,1300,1600,1900,3000,3700,4300,4800,5000,5000,5000,178,0,960,1277.7330831433594,200.85280004423112,4983.048100024462,716.5337078651686
1785349954,10,,Aggregated,6.400000,0.000000,960,1300,1600,1900,2900,3400,4300,4800,5000,5000,5000,184,0,900,1262.367023367045,200.85280004423112,4983.048100024462,715.695652173913
1785349955,11,,Aggregated,6.200000,0.000000,900,1200,1600,1900,2700,3400,4300,4800,5000,5000,5000,192,0,880,1246.1592276013107,200.85280004423112,4983.048100024462,712.65625
1785349956,13,,Aggregated,6.300000,0.000000,900,1300,1600,1900,3000,3700,4300,4800,5000,5000,5000,198,0,900,1273.4399909057156,200.85280004423112,4983.048100024462,711.9949494949495
1785349957,14,,Aggregated,6.300000,0.000000,960,1300,1600,1900,2900,3400,4100,4300,5000,5000,5000,204,0,900,1266.826997055129,200.85280004423112,4983.048100024462,711.3970588235294
1785349958,15,,Aggregated,6.500000,0.000000,960,1300,1600,1900,3000,3400,4100,4300,5000,5000,5000,210,0,900,1273.6002947580778,200.85280004423112,4983.048100024462,714.7857142857143
1785349959,16,,Aggregated,6.400000,0.000000,990,1300,1600,2000,3000,3700,4100,4300,5000,5000,5000,217,0,990,1300.9345557568552,200.85280004423112,4983.048100024462,714.6543778801844
1785349960,17,,Aggregated,6.400000,0.000000,1000,1300,1700,2000,3000,3700,4300,4800,5000,5000,5000,223,0,1000,1321.0515802660373,200.85280004423112,4983.048100024462,717.7354260089686
1785349961,18,,Aggregated,6.200000,0.000000,1000,1300,1700,2100,3000,3700,4300,4800,5000,5000,5000,230,0,1000,1324.2771730403942,200.85280004423112,4983.048100024462,718.2304347826087
1785349962,19,,Aggregated,6.500000,0.000000,1100,1400,1800,2100,3100,3700,4300,4900,6800,6800,6800,236,0,1100,1367.6063072003456,200.85280004423112,6804.375100065954,713.9957627118644
1785349963,20,,Aggregated,6.500000,0.000000,1100,1400,1800,2100,3000,3700,4300,4900,6800,6800,6800,242,0,1100,1374.7868190056736,200.85280004423112,6804.375100065954,716.8264462809917
1785349964,20,,Aggregated,6.300000,0.000000,1100,1400,1900,2200,3100,3800,4700,4900,6800,6800,6800,250,0,1100,1411.8017011978664,200.85280004423112,6804.375100065954,717.768
1785349965,20,,Aggregated,6.500000,0.000000,1100,1500,1900,2200,3100,3800,4500,4900,6800,6800,6800,256,0,1100,1415.0979703108533,200.85280004423112,6804.375100065954,717.140625
1785349966,20,,Aggregated,6.500000,0.000000,1100,1500,1900,2300,3100,3800,4700,5000,6800,6800,6800,262,0,1100,1447.9282912198375,200.85280004423112,6804.375100065954,719.6832061068702
1785349967,20,,Aggregated,6.600000,0.000000,1100,1500,1900,2300,3100,3800,4700,5000,6800,6800,6800,269,0,1100,1460.5141691439421,200.85280004423112,6804.375100065954,722.5130111524163
1785349968,20,,Aggregated,6.400000,0.000000,1100,1500,2000,2300,3200,4000,4900,5300,8400,8400,8400,274,0,1100,1505.7702142333978,200.85280004423112,8432.58160003461,724.4379562043796
1785349969,20,,Aggregated,6.400000,0.000000,1100,1600,2100,2400,3400,4300,5000,8400,8800,8800,8800,281,0,1100,1588.3901580066993,200.85280004423112,8777.001200011,718.7864768683274
1785349970,20,,Aggregated,6.400000,0.000000,1100,1600,2200,2500,3500,4600,6200,8400,8800,8800,8800,288,0,1100,1640.071043749938,200.85280004423112,8777.001200011,721.4513888888889
1785349971,20,,Aggregated,6.400000,0.000000,1100,1600,2300,2700,3700,4700,6200,8400,8800,8800,8800,295,0,1100,1675.0235084744202,200.85280004423112,8777.001200011,724.0033898305085
1785349972,20,,Aggregated,6.300000,0.000000,1100,1600,2200,2500,3700,4600,5400,8300,8800,8800,8800,302,0,1100,1658.4963261586188,37.41969994734973,8777.001200011,719.3112582781457
1785349973,20,,Aggregated,6.400000,0.000000,1100,1600,2300,2500,3700,4600,5400,8300,8800,8800,8800,308,0,1100,1657.1029191553237,37.41969994734973,8777.001200011,721.4480519480519
1785349974,20,,Aggregated,6.600000,0.000000,1100,1700,2300,2700,3800,4800,6200,8300,8800,8800,8800,315,0,1100,1702.207645078722,37.41969994734973,8777.001200011,719.1079365079365
1785349975,20,,Aggregated,6.600000,0.000000,1100,1700,2300,2700,3800,4800,6800,8300,8800,8800,8800,322,0,1100,1717.483700309831,37.00399992521852,8777.001200011,719.4409937888199
1785349976,20,,Aggregated,6.500000,0.000000,1100,1700,2300,2900,3800,5000,6900,8300,8800,8800,8800,329,0,1100,1762.6281458955955,37.00399992521852,8777.001200011,719.2674772036474
1785349977,20,,Aggregated,6.600000,0.000000,1100,1700,2300,2900,4000,5300,6900,8300,8800,8800,8800,336,0,1100,1776.3190943438703,37.00399992521852,8777.001200011,719.5744047619048
1785349978,20,,Aggregated,6.600000,0.000000,1100,1800,2400,3000,4000,5300,6900,8400,9900,9900,9900,343,0,1100,1822.8078807569068,37.00399992521852,9895.275000017136,719.4081632653061
1785349979,20,,Aggregated,6.700000,0.000000,1100,1800,2400,3000,4000,5300,6900,8400,9900,9900,9900,348,0,1100,1827.7119520105603,37.00399992521852,9895.275000017136,718.5977011494252
1785349980,20,,Aggregated,6.800000,0.000000,1100,1800,2400,3000,4100,5400,6900,8400,9900,9900,9900,355,0,1100,1843.2992385903663,37.00399992521852,9895.275000017136,718.4563380281691
1785349981,20,,Aggregated,6.900000,0.000000,1200,1800,2400,3000,4300,5400,6900,8400,9900,9900,9900,360,0,1200,1872.772131110024,37.00399992521852,9895.275000017136,719.9361111111111
1785349982,20,,Aggregated,6.800000,0.000000,1200,1900,2500,3100,4500,5500,7600,8700,9900,9900,9900,368,0,1200,1929.6182904879022,37.00399992521852,9895.275000017136,720.4157608695652
1785349983,20,,Aggregated,6.500000,0.000000,1200,1900,2500,3100,4500,5500,7600,8700,9900,9900,9900,375,0,1200,1945.9405183990796,37.00399992521852,9895.275000017136,718.8453333333333
1785349984,20,,Aggregated,6.400000,0.000000,1200,1900,2500,3100,4500,5500,7600,8700,9900,9900,9900,380,0,1200,1943.32255815695,37.00399992521852,9895.275000017136,718.0710526315789
1785349985,20,,Aggregated,6.600000,0.000000,1200,1900,2700,3100,4500,5500,7600,8700,9900,9900,9900,386,0,1200,1952.3423139890776,37.00399992521852,9895.275000017136,715.8989637305699
1785349986,20,,Aggregated,6.600000,0.000000,1200,1900,2700,3100,4600,5500,7600,8700,9900,9900,9900,394,0,1200,1968.5692814717113,37.00399992521852,9895.275000017136,716.4416243654822
1785349987,20,,Aggregated,6.300000,0.000000,1200,1900,2700,3100,4600,5500,7100,8400,9900,9900,9900,401,0,1200,1966.479530174197,37.00399992521852,9895.275000017136,716.2668329177058
1785349988,20,,Aggregated,6.300000,0.000000,1200,1900,2900,3200,4600,5500,7600,8400,9900,9900,9900,407,0,1200,1984.4500855033582,37.00399992521852,9895.275000017136,717.8574938574939
1785349989,20,,Aggregated,6.500000,0.000000,1200,2000,2900,3200,4600,6000,7900,8600,9900,9900,9900,413,0,1200,2007.9361711863821,37.00399992521852,9895.275000017136,717.4043583535109
1785349990,20,,Aggregated,6.400000,0.000000,1200,2000,2900,3300,4700,6200,8400,8800,9900,9900,9900,421,0,1200,2052.492666983205,36.78399999625981,9895.275000017136,714.3444180522565
1785349991,20,,Aggregated,6.300000,0.000000,1200,2100,3000,3300,4700,6200,8400,8800,9900,9900,9900,429,0,1200,2060.7700836831173,36.78399999625981,9895.275000017136,716.4895104895105
1785349992,20,,Aggregated,6.300000,0.000000,1300,2100,3000,3300,4700,6200,8400,8800,9900,9900,9900,436,0,1300,2078.3372557342345,36.78399999625981,9895.275000017136,716.7912844036697
1785349993,20,,Aggregated,6.700000,0.000000,1300,2200,3000,3300,4700,6200,8400,8800,9900,9900,9900,442,0,1300,2080.4820895930898,36.78399999625981,9895.275000017136,718.316742081448
1785349994,20,,Aggregated,6.800000,0.000000,1300,2200,3000,3300,4700,6200,8400,8800,9900,9900,9900,449,0,1300,2088.699913808748,36.78399999625981,9895.275000017136,717.1269487750557
1785349995,20,,Aggregated,6.600000,0.000000,1300,2200,3000,3300,4700,6200,8400,9300,9900,9900,9900,457,0,1300,2093.532089059164,36.78399999625981,9895.275000017136,719.0919037199125
1785349996,20,,Aggregated,6.600000,0.000000,1400,2200,3000,3300,4700,6200,8400,9300,9900,9900,9900,462,0,1400,2106.064196753122,36.78399999625981,9895.275000017136,720.2813852813853
1785349997,20,,Aggregated,6.900000,0.000000,1400,2200,3000,3400,4700,6200,8400,9300,9900,9900,9900,468,0,1400,2113.536207265326,36.78399999625981,9895.275000017136,719.9081196581196
1785349999,20,,Aggregated,7.000000,0.000000,1400,2200,3000,3400,4700,6200,8400,9300,9900,9900,9900,473,0,1400,2132.994750951984,36.78399999625981,9895.275000017136,719.2980972515857
1785350000,20,,Aggregated,6.600000,0.000000,1400,2300,3100,3400,4700,6200,8400,9300,9900,9900,9900,482,0,1400,2134.751215976126,36.78399999625981,9895.275000017136,718.603734439834
1785350001,20,,Aggregated,6.600000,0.000000,1400,2300,3100,3500,4800,6700,8600,9400,11000,11000,11000,490,0,1400,2177.656249388606,36.523999995552,11008.034399943426,719.0367346938775
1785350002,20,,Aggregated,6.600000,0.000000,1400,2300,3100,3500,4800,6700,8600,9400,11000,11000,11000,496,0,1400,2172.3041185490024,36.523999995552,11008.034399943426,720.3568548387096
1785350003,20,,Aggregated,6.900000,0.000000,1400,2300,3100,3400,4800,6400,8400,9300,11000,11000,11000,503,0,1400,2166.1804429429935,36.523999995552,11008.034399943426,720.220675944334
1785350004,20,,Aggregated,6.700000,0.000000,1400,2300,3100,3500,4800,6700,8400,9300,11000,11000,11000,510,0,1400,2177.877658236242,36.523999995552,11008.034399943426,720.0784313725491
1785350005,20,,Aggregated,6.700000,0.000000,1500,2300,3100,3500,4900,6900,8400,9300,11000,11000,11000,517,0,1500,2200.844564604369,36.523999995552,11008.034399943426,720.2727272727273
1785350006,20,,Aggregated,6.700000,0.000000,1500,2300,3100,3500,4900,6800,8400,9300,11000,11000,11000,524,0,1500,2200.817232825109,36.523999995552,11008.034399943426,718.8893129770993
1785350007,20,,Aggregated,6.700000,0.000000,1500,2300,3100,3600,4900,6900,8400,9300,11000,11000,11000,530,0,1500,2206.99888358534,36.523999995552,11008.034399943426,718.5754716981132
1785350008,20,,Aggregated,6.700000,0.000000,1500,2300,3100,3700,4900,6900,8400,9300,11000,11000,11000,537,0,1500,2229.8533811918555,36.523999995552,11008.034399943426,720.0167597765363
1785350009,20,,Aggregated,6.800000,0.000000,1500,2300,3100,3700,4900,6900,8400,9300,11000,11000,11000,543,0,1500,2243.51753259672,36.523999995552,11008.034399943426,719.6942909760589
1785350010,20,,Aggregated,6.800000,0.000000,1600,2300,3100,3700,4900,6900,8400,9300,11000,11000,11000,550,0,1500,2235.1769649091348,36.523999995552,11008.034399943426,718.3581818181818
1785350011,20,,Aggregated,6.900000,0.000000,1600,2300,3100,3800,5000,6900,8400,9300,11000,11000,11000,557,0,1600,2261.8743978456228,36.523999995552,11008.034399943426,718.560143626571
1785350012,20,,Aggregated,6.900000,0.000000,1600,2300,3100,3700,4900,6900,8400,9300,11000,11000,11000,563,0,1600,2254.0816676734285,36.523999995552,11008.034399943426,718.2646536412078
1785350013,20,,Aggregated,6.600000,0.000000,1600,2300,3100,3800,5000,6900,8400,9300,11000,11000,11000,570,0,1500,2262.019546140851,36.523999995552,11008.034399943426,719.6175438596491
1785350014,20,,Aggregated,6.700000,0.000000,1500,2300,3100,3800,5000,6900,8400,9300,11000,11000,11000,575,0,1500,2261.0885763484175,36.523999995552,11008.034399943426,720.5617391304348
1785350015,20,,Aggregated,6.700000,0.000000,1500,2300,3100,3800,5000,6900,8400,9300,11000,11000,11000,582,0,1500,2263.058202234185,36.523999995552,11008.034399943426,720.4432989690722
1785350016,20,,Aggregated,6.500000,0.000000,1600,2400,3100,3800,5300,7000,8400,9300,11000,11000,11000,589,0,1600,2285.7772675724323,36.523999995552,11008.034399943426,720.3174872665535
1785350017,20,,Aggregated,6.500000,0.000000,1600,2400,3100,3800,5300,7000,8400,9400,11000,11000,11000,595,0,1600,2302.8080682356317,36.523999995552,11008.034399943426,721.4050420168068
1785350018,20,,Aggregated,6.400000,0.000000,1600,2400,3100,3800,5300,7000,8400,9300,11000,11000,11000,601,0,1600,2297.919696506257,36.523999995552,11008.034399943426,721.0915141430949
1785350019,20,,Aggregated,6.400000,0.000000,1600,2400,3100,3800,5400,7100,8400,9300,11000,11000,11000,607,0,1600,2319.26187957235,36.523999995552,11008.034399943426,719.4233937397034
1785350020,20,,Aggregated,6.400000,0.000000,1600,2400,3200,3800,5400,7100,8400,9300,11000,11000,11000,614,0,1600,2334.764116613008,36.523999995552,11008.034399943426,719.3241042345277
1785350021,20,,Aggregated,6.400000,0.000000,1600,2400,3200,3800,5400,7100,8400,9300,11000,11000,11000,620,0,1600,2332.7064877428534,36.523999995552,11008.034399943426,716.6564516129032
1785350022,20,,Aggregated,6.400000,0.000000,1600,2400,3200,3900,5400,7100,8400,9400,12000,12000,12000,628,0,1600,2363.599661306499,36.523999995552,11693.89469991438,715.7213375796179
1785350023,20,,Aggregated,6.300000,0.000000,1600,2400,3200,3900,5400,7100,8400,9400,12000,12000,12000,634,0,1600,2363.4751794960025,36.523999995552,11693.89469991438,715.7350157728706
1785350024,20,,Aggregated,6.400000,0.000000,1600,2500,3200,3900,5400,7100,8400,9400,12000,12000,12000,641,0,1600,2372.708969267322,36.523999995552,11693.89469991438,714.9063962558503
1785350025,20,,Aggregated,6.400000,0.000000,1600,2500,3300,3900,5400,7100,8400,9400,12000,12000,12000,649,0,1600,2378.961271957246,36.523999995552,11693.89469991438,715.2927580893682
1785350026,20,,Aggregated,6.600000,0.000000,1600,2500,3300,3900,5400,7100,8400,9400,12000,12000,12000,655,0,1600,2378.685921527097,36.523999995552,11693.89469991438,715.0610687022901
1785350027,20,,Aggregated,6.600000,0.000000,1600,2500,3200,3900,5400,7000,8400,9400,12000,12000,12000,664,0,1600,2369.7222823800284,36.523999995552,11693.89469991438,714.6204819277109
1785350028,20,,Aggregated,6.600000,0.000000,1600,2500,3200,3900,5400,7000,8400,9400,12000,12000,12000,670,0,1600,2380.6260976125486,36.523999995552,11693.89469991438,715.6373134328359
1785350029,20,,Aggregated,6.700000,0.000000,1600,2500,3200,3900,5400,7100,8400,9400,12000,12000,12000,676,0,1600,2387.64367869865,36.523999995552,11693.89469991438,716.637573964497
1785350030,20,,Aggregated,6.900000,0.000000,1700,2500,3200,3900,5400,7100,8400,9400,12000,12000,12000,683,0,1700,2401.1818660325325,36.523999995552,11693.89469991438,715.3543191800878
1785350031,20,,Aggregated,6.900000,0.000000,1700,2500,3200,3900,5400,7100,8400,9400,12000,12000,12000,689,0,1700,2398.7995039187413,36.523999995552,11693.89469991438,714.1828737300435
1785350032,20,,Aggregated,6.800000,0.000000,1700,2500,3200,3900,5400,7100,8400,9400,12000,12000,12000,695,0,1700,2398.8996493524583,36.523999995552,11693.89469991438,715.1741007194245
1785350033,20,,Aggregated,6.900000,0.000000,1700,2500,3200,3900,5400,7100,8400,9300,12000,12000,12000,701,0,1700,2405.612751069982,36.523999995552,11693.89469991438,716.1455064194008
1785350034,20,,Aggregated,6.700000,0.000000,1700,2500,3300,3900,5400,7100,8400,9300,12000,12000,12000,707,0,1700,2410.407064356439,36.523999995552,11693.89469991438,714.7567185289957
1785350035,20,,Aggregated,6.700000,0.000000,1700,2500,3300,3900,5400,7100,8400,9300,12000,12000,12000,713,0,1700,2425.211515708181,36.523999995552,11693.89469991438,714.5553997194951
1785350036,20,,Aggregated,6.600000,0.000000,1700,2500,3300,3900,5400,7100,8400,9300,12000,12000,12000,720,0,1700,2419.617936944673,36.523999995552,11693.89469991438,714.525
1785350037,20,,Aggregated,6.300000,0.000000,1700,2500,3300,3900,5400,7100,8400,9400,12000,12000,12000,728,0,1700,2432.077017033237,36.523999995552,11693.89469991438,710.8021978021978
1785350038,20,,Aggregated,6.400000,0.000000,1700,2500,3300,3900,5400,7100,8400,9400,12000,12000,12000,735,0,1700,2436.871447755328,36.523999995552,11693.89469991438,709.6721088435374
1785350039,20,,Aggregated,6.500000,0.000000,1700,2500,3300,3900,5400,7000,8400,9400,12000,12000,12000,743,0,1700,2435.4241870796186,36.523999995552,11693.89469991438,710.0820995962315
1785350040,20,,Aggregated,6.400000,0.000000,1700,2500,3300,3900,5400,7100,8600,9500,12000,12000,12000,750,0,1700,2441.984063467166,36.523999995552,12400.58850008063,710.3226666666667
1785350041,20,,Aggregated,6.600000,0.000000,1700,2500,3300,3900,5400,7100,8400,9500,12000,12000,12000,755,0,1700,2437.056101722464,36.523999995552,12400.58850008063,710.230463576159
1785350042,20,,Aggregated,6.700000,0.000000,1700,2500,3300,3900,5400,7100,8500,9500,12000,12000,12000,762,0,1700,2439.1844786095235,36.523999995552,12400.58850008063,709.3385826771654
1785350043,20,,Aggregated,6.500000,0.000000,1700,2500,3300,3900,5500,7100,8500,9500,12000,12000,12000,769,0,1700,2441.978695579249,36.523999995552,12400.58850008063,707.1664499349805
1785350044,20,,Aggregated,6.600000,0.000000,1700,2500,3300,4000,5500,7100,8500,9500,12000,12000,12000,778,0,1700,2463.716892031462,36.523999995552,12400.58850008063,707.4627249357327
1785350045,21,,Aggregated,6.800000,0.000000,1700,2500,3300,4000,5500,7100,8500,9500,12000,12000,12000,786,0,1700,2448.99469173117,36.523999995552,12400.58850008063,705.9185750636133
1785350046,22,,Aggregated,7.000000,0.000000,1700,2500,3300,3900,5500,7100,8500,9500,12000,12000,12000,793,0,1700,2442.598276672219,36.523999995552,12400.58850008063,706.139974779319
1785350047,23,,Aggregated,7.100000,0.000000,1700,2500,3300,3900,5500,7100,8400,9400,12000,12000,12000,802,0,1700,2437.864935786772,36.523999995552,12400.58850008063,703.1670822942643
1785350048,24,,Aggregated,7.300000,0.000000,1700,2500,3300,4000,5500,7100,8500,9500,12000,12000,12000,813,0,1700,2437.6053856102967,35.67240003030747,12400.58850008063,700.7638376383763
1785350049,25,,Aggregated,7.300000,0.000000,1700,2500,3300,4000,5500,7100,8500,9500,12000,12000,12000,823,0,1700,2441.7715588108413,35.67240003030747,12400.58850008063,699.0643985419198
1785350050,26,,Aggregated,7.700000,0.000000,1700,2500,3300,4000,5500,7200,8500,9500,12000,12000,12000,834,0,1700,2433.967976620124,35.67240003030747,12400.58850008063,696.779376498801
1785350051,27,,Aggregated,7.800000,0.000000,1700,2500,3300,3900,5500,7100,8500,9500,12000,12000,12000,847,0,1700,2423.8358610401747,35.67240003030747,12400.58850008063,692.3494687131051
1785350052,28,,Aggregated,8.200000,0.000000,1700,2500,3300,3900,5400,7100,8400,9500,12000,12000,12000,858,0,1700,2410.789928322773,35.67240003030747,12400.58850008063,691.011655011655
1785350053,29,,Aggregated,8.800000,0.000000,1700,2500,3300,3900,5500,7100,8400,9500,12000,12000,12000,867,0,1700,2415.1275412929044,35.67240003030747,12400.58850008063,689.2145328719723
1785350054,30,,Aggregated,9.300000,0.000000,1700,2500,3300,3900,5500,7100,8400,9500,12000,12000,12000,875,0,1700,2404.8933524579875,35.67240003030747,12400.58850008063,688.2194285714286
1785350055,31,,Aggregated,9.500000,0.000000,1700,2500,3300,3900,5500,7100,8400,9500,12000,12000,12000,884,0,1700,2408.4775562226146,35.67240003030747,12400.58850008063,687.4061085972851
1785350056,32,,Aggregated,9.400000,0.000000,1700,2500,3200,3900,5400,7100,8400,9500,12000,12000,12000,894,0,1700,2395.8780422825753,35.67240003030747,12400.58850008063,685.2852348993289
1785350057,33,,Aggregated,9.900000,0.000000,1700,2500,3200,3900,5400,7100,8400,9400,12000,12000,12000,908,0,1700,2377.6868105730623,35.67240003030747,12400.58850008063,678.419603524229
1785350058,34,,Aggregated,10.100000,0.000000,1700,2500,3200,3900,5400,7100,8400,9400,12000,12000,12000,921,0,1700,2384.085087622359,35.67240003030747,12400.58850008063,674.6406080347448
1785350059,35,,Aggregated,10.400000,0.000000,1700,2500,3200,3900,5500,7100,8400,9400,12000,12000,12000,935,0,1700,2377.4204264173313,35.67240003030747,12400.58850008063,672.6951871657755
1785350060,36,,Aggregated,10.400000,0.000000,1700,2500,3200,3900,5400,7100,8400,9400,12000,12000,12000,946,0,1700,2366.4193463004262,35.67240003030747,12400.58850008063,669.2632135306554
1785350061,37,,Aggregated,11.000000,0.000000,1700,2500,3200,3900,5500,7200,8400,9500,12000,12000,12000,957,0,1700,2365.3483701151645,35.67240003030747,12400.58850008063,667.6332288401254
1785350062,38,,Aggregated,11.000000,0.000000,1700,2500,3200,3900,5500,7200,8400,9500,12000,12000,12000,968,0,1700,2360.5653611572234,35.67240003030747,12400.58850008063,666.0630165289256
1785350063,39,,Aggregated,11.200000,0.000000,1700,2500,3200,3900,5400,7200,8500,9500,12000,12000,12000,985,0,1700,2357.2012202031815,35.67240003030747,12400.58850008063,660.1675126903554
1785350064,40,,Aggregated,11.200000,0.000000,1700,2500,3300,3900,5500,7300,8600,9600,12000,14000,14000,1002,0,1700,2381.3868448106405,35.67240003030747,13711.992199998349,655.6297405189621
1785350065,40,,Aggregated,11.600000,0.000000,1700,2500,3200,3900,5500,7300,8600,9600,12000,14000,14000,1010,0,1700,2373.707137030254,35.67240003030747,13711.992199998349,654.2306930693069
1785350066,40,,Aggregated,12.600000,0.000000,1700,2500,3300,3900,5500,7300,8600,9600,12000,14000,14000,1020,0,1700,2372.3246386280402,35.67240003030747,13711.992199998349,652.5254901960784
1785350067,40,,Aggregated,12.500000,0.000000,1700,2500,3300,3900,5500,7200,8600,9600,12000,14000,14000,1027,0,1700,2376.1610041872145,35.67240003030747,13711.992199998349,651.8042843232716
1785350068,40,,Aggregated,12.200000,0.000000,1700,2500,3300,3900,5500,7200,8600,9600,12000,14000,14000,1037,0,1700,2377.746490453704,35.67240003030747,13711.992199998349,650.175506268081
1785350069,40,,Aggregated,11.900000,0.000000,1700,2500,3300,4000,5500,7300,8600,9700,12000,14000,14000,1053,0,1700,2380.5446160497527,35.67240003030747,13711.992199998349,645.0674264007597
1785350070,40,,Aggregated,11.700000,0.000000,1600,2500,3300,4000,5500,7400,8700,9900,14000,19000,19000,1065,0,1600,2392.6788358687872,35.67240003030747,19487.043100059964,641.2544600938967
1785350071,40,,Aggregated,11.400000,0.000000,1700,2500,3300,4000,5600,7500,8800,11000,16000,19000,19000,1075,0,1700,2412.8219775815473,35.67240003030747,19487.043100059964,638.7079069767442
1785350072,40,,Aggregated,11.600000,0.000000,1700,2500,3300,4000,5600,7500,8800,11000,16000,19000,19000,1087,0,1700,2418.6976091996635,35.67240003030747,19487.043100059964,637.1738730450782
1785350073,40,,Aggregated,11.700000,0.000000,1700,2500,3300,4000,5700,7500,8800,10000,16000,19000,19000,1102,0,1700,2428.2263132485564,35.67240003030747,19487.043100059964,634.4119782214156
1785350074,40,,Aggregated,11.500000,0.000000,1700,2600,3300,4000,5700,7600,9000,11000,16000,19000,19000,1114,0,1700,2433.702909963977,35.67240003030747,19487.043100059964,632.9533213644524
1785350075,40,,Aggregated,11.200000,0.000000,1700,2600,3300,4000,5700,7500,9000,11000,16000,19000,19000,1125,0,1700,2422.857115999899,35.67240003030747,19487.043100059964,631.3626666666667
1785350076,40,,Aggregated,11.000000,0.000000,1600,2600,3300,4000,5700,7600,9000,11000,16000,19000,19000,1139,0,1600,2427.5968042140967,35.67240003030747,19487.043100059964,628.4293239683933
1785350077,40,,Aggregated,11.200000,0.000000,1700,2600,3300,4000,5700,7600,9000,11000,16000,19000,19000,1150,0,1700,2429.6266893040306,35.67240003030747,19487.043100059964,627.4878260869565
1785350078,40,,Aggregated,11.800000,0.000000,1700,2600,3400,4000,5700,7600,9100,11000,16000,19000,19000,1156,0,1700,2443.442899134787,35.67240003030747,19487.043100059964,627.9653979238755
1785350079,40,,Aggregated,11.800000,0.000000,1700,2600,3400,4000,5700,7600,9100,11000,16000,19000,19000,1156,0,1700,2443.442899134787,35.67240003030747,19487.043100059964,627.9653979238755
1785350080,40,,Aggregated,12.200000,0.000000,1700,2700,3400,4100,5900,7700,9500,12000,18000,19000,19000,1177,0,1700,2520.4633288016225,35.67240003030747,19487.043100059964,628.053525913339
1785350081,40,,Aggregated,11.300000,0.000000,1700,2700,3400,4100,5900,7700,9500,12000,18000,19000,19000,1192,0,1700,2508.0546858216926,35.67240003030747,19487.043100059964,625.0595637583892
1785350082,40,,Aggregated,10.000000,0.000000,1700,2700,3400,4100,5900,7700,9500,12000,18000,19000,19000,1201,0,1700,2507.18562589469,35.67240003030747,19487.043100059964,624.2539550374688
1785350083,40,,Aggregated,11.400000,0.000000,1700,2700,3400,4100,5900,7700,9500,12000,18000,19000,19000,1209,0,1700,2513.987906533794,35.67240003030747,19487.043100059964,623.974358974359
1785350084,40,,Aggregated,11.500000,0.000000,1700,2700,3400,4100,6000,7800,9500,12000,18000,19000,19000,1220,0,1700,2526.266630327226,35.67240003030747,19487.043100059964,623.1303278688524
1785350085,40,,Aggregated,11.200000,0.000000,1700,2700,3400,4100,6000,7700,9500,12000,18000,19000,19000,1229,0,1700,2526.451019445954,35.67240003030747,19487.043100059964,622.4995931651749
1785350086,40,,Aggregated,10.800000,0.000000,1700,2800,3500,4100,6100,7800,9500,12000,18000,19000,19000,1240,0,1700,2542.190119596067,35.67240003030747,19487.043100059964,620.858064516129
1785350087,40,,Aggregated,10.500000,0.000000,1700,2800,3600,4100,6100,7900,9500,12000,18000,19000,19000,1251,0,1700,2557.524020622799,35.67240003030747,19487.043100059964,618.4700239808153
1785350088,40,,Aggregated,9.900000,0.000000,1700,2800,3500,4100,6100,7900,9500,12000,18000,19000,19000,1261,0,1700,2548.8386740673536,35.67240003030747,19487.043100059964,617.0087232355273
1785350089,40,,Aggregated,10.200000,0.000000,1700,2800,3600,4200,6200,8000,9600,12000,18000,19000,19000,1270,0,1700,2570.0774540937705,35.67240003030747,19487.043100059964,617.4669291338582
1785350090,40,,Aggregated,10.300000,0.000000,1700,2900,3600,4200,6200,8000,9700,12000,18000,19000,19000,1286,0,1700,2573.7590030318925,35.67240003030747,19487.043100059964,615.4805598755833
1785350091,40,,Aggregated,10.700000,0.000000,1700,2900,3700,4200,6200,8000,9700,12000,18000,19000,19000,1291,0,1700,2583.098578078335,35.67240003030747,19487.043100059964,615.7916343919443
1785350092,40,,Aggregated,10.700000,0.000000,1700,2900,3700,4200,6200,8000,9700,12000,18000,19000,19000,1291,0,1700,2583.098578078335,35.67240003030747,19487.043100059964,615.7916343919443
1785350093,40,,Aggregated,10.300000,0.000000,1700,2900,3800,4300,6300,8000,9700,12000,18000,19000,19000,1313,0,1700,2619.4006361757806,35.67240003030747,19487.043100059964,614.2063975628332
1785350094,40,,Aggregated,9.600000,0.000000,1700,2900,3800,4300,6300,8100,9800,12000,18000,19000,19000,1328,0,1700,2630.452758658899,35.67240003030747,19487.043100059964,611.660391566265
1785350095,40,,Aggregated,8.800000,0.000000,1700,2900,3800,4300,6300,8100,9800,12000,18000,19000,19000,1352,0,1700,2625.172802736017,35.67240003030747,19487.043100059964,606.7093195266273
1785350096,40,,Aggregated,10.000000,0.000000,1700,2900,3800,4300,6300,8100,9800,12000,18000,19000,19000,1368,0,1700,2618.329971782541,35.67240003030747,19487.043100059964,603.8837719298245
1785350097,40,,Aggregated,10.600000,0.000000,1700,2900,3700,4300,6200,8100,9800,12000,18000,19000,19000,1386,0,1700,2603.6242818893106,35.67240003030747,19487.043100059964,599.5577200577201
1785350098,40,,Aggregated,12.300000,0.000000,1700,2900,3800,4300,6300,8200,9900,12000,18000,19000,19000,1395,0,1700,2617.137554981145,35.67240003030747,19487.043100059964,599.0229390681004
1785350099,40,,Aggregated,12.600000,0.000000,1700,2900,3800,4300,6200,8100,9800,12000,18000,19000,19000,1404,0,1700,2616.0885529905063,35.67240003030747,19487.043100059964,598.9636752136752
1785350100,40,,Aggregated,13.200000,0.000000,1700,2900,3800,4300,6200,8100,9800,12000,18000,19000,19000,1419,0,1700,2615.5996287516086,35.67240003030747,19487.043100059964,597.216349541931
1785350101,40,,Aggregated,13.400000,0.000000,1700,2900,3800,4300,6200,8100,9800,12000,18000,19000,19000,1433,0,1700,2612.936720654982,35.67240003030747,19487.043100059964,595.6545708304257
1785350102,40,,Aggregated,13.200000,0.000000,1700,2900,3700,4300,6200,8000,9800,12000,18000,19000,19000,1450,0,1700,2599.9669589645005,35.67240003030747,19487.043100059964,592.3413793103448
1785350103,40,,Aggregated,13.300000,0.000000,1700,2900,3800,4300,6200,8100,9800,12000,19000,19000,19000,1467,0,1700,2604.2426778447175,35.67240003030747,19487.043100059964,589.4301295160191
1785350104,40,,Aggregated,14.600000,0.000000,1700,2900,3800,4300,6300,8200,9800,12000,19000,19000,19000,1479,0,1700,2603.141845164344,35.67240003030747,19487.043100059964,588.5625422582826
1785350105,40,,Aggregated,16.000000,0.000000,1700,2900,3800,4300,6300,8100,9800,12000,19000,19000,19000,1491,0,1700,2606.0776899381817,35.67240003030747,19487.043100059964,586.9550637156271
1785350106,40,,Aggregated,15.300000,0.000000,1700,2900,3800,4300,6300,8100,9800,12000,19000,19000,19000,1502,0,1700,2600.764175364732,35.67240003030747,19487.043100059964,585.647137150466
1785350107,40,,Aggregated,15.000000,0.000000,1700,2900,3700,4300,6300,8100,9800,12000,19000,19000,19000,1517,0,1700,2594.398310611589,35.67240003030747,19487.043100059964,583.6882003955175
1785350108,40,,Aggregated,13.900000,0.000000,1700,2900,3700,4300,6300,8100,9900,12000,19000,19000,19000,1533,0,1700,2593.730468752831,35.67240003030747,19487.043100059964,581.9275929549902
1785350110,40,,Aggregated,13.300000,0.000000,1700,2900,3700,4300,6400,8200,10000,12000,19000,19000,19000,1538,0,1700,2608.0152903757967,35.67240003030747,19487.043100059964,582.2925877763329
1785350111,40,,Aggregated,13.600000,0.000000,1700,2900,3700,4300,6400,8200,9900,12000,19000,19000,19000,1555,0,1700,2603.751673760683,35.67240003030747,19487.043100059964,581.0501607717042
1785350112,40,,Aggregated,13.600000,0.000000,1700,2900,3700,4300,6400,8200,9900,12000,19000,19000,19000,1568,0,1700,2602.672431567489,35.67240003030747,19487.043100059964,579.7480867346939
1785350113,40,,Aggregated,13.200000,0.000000,1700,2900,3700,4300,6400,8200,9900,12000,19000,19000,19000,1579,0,1700,2596.4585739694994,35.67240003030747,19487.043100059964,578.8594046865104
1785350114,40,,Aggregated,13.100000,0.000000,1700,2900,3700,4300,6400,8200,10000,12000,19000,19000,19000,1595,0,1700,2597.656260500224,35.67240003030747,19487.043100059964,576.7141065830721
1785350115,40,,Aggregated,12.800000,0.000000,1700,2900,3700,4300,6400,8200,10000,12000,19000,19000,19000,1608,0,1700,2600.118073008709,35.67240003030747,19487.043100059964,575.8818407960199
1785350116,40,,Aggregated,12.600000,0.000000,1700,2900,3700,4300,6400,8200,10000,12000,19000,19000,19000,1617,0,1700,2599.8496633877166,35.67240003030747,19487.043100059964,575.6592455163884
1785350117,40,,Aggregated,12.600000,0.000000,1700,2900,3700,4300,6400,8200,10000,12000,19000,19000,19000,1628,0,1700,2594.9811790525628,35.67240003030747,19487.043100059964,575.3415233415234
1785350118,40,,Aggregated,12.600000,0.000000,1700,2900,3700,4300,6500,8300,10000,12000,19000,19000,19000,1639,0,1700,2594.4760525304355,35.67240003030747,19487.043100059964,574.1226357535082
1785350119,40,,Aggregated,12.300000,0.000000,1700,2900,3700,4300,6500,8300,10000,12000,19000,19000,19000,1649,0,1700,2596.012267008765,35.67240003030747,19487.043100059964,573.0661006670709
1785350120,40,,Aggregated,12.200000,0.000000,1700,2900,3700,4300,6500,8300,10000,12000,19000,19000,19000,1658,0,1700,2602.212185583435,35.67240003030747,19487.043100059964,572.2527141133896
1785350121,40,,Aggregated,11.400000,0.000000,1700,2900,3800,4300,6600,8300,11000,14000,19000,19000,19000,1670,0,1700,2630.261246765013,35.67240003030747,19487.043100059964,572.0275449101796
1785350122,40,,Aggregated,11.900000,0.000000,1700,2900,3800,4300,6700,8400,11000,14000,19000,19000,19000,1680,0,1700,2646.675994462705,35.67240003030747,19487.043100059964,572.3761904761905
1785350123,40,,Aggregated,11.500000,0.000000,1700,2900,3800,4300,6700,8400,11000,14000,19000,19000,19000,1689,0,1700,2653.8846699212572,35.67240003030747,19487.043100059964,572.1823564239195
1785350124,40,,Aggregated,11.500000,0.000000,1700,2900,3800,4300,6800,8400,11000,14000,19000,19000,19000,1699,0,1700,2656.6844017049866,35.67240003030747,19487.043100059964,571.2678045909358
1785350125,40,,Aggregated,10.900000,0.000000,1700,2900,3800,4300,6800,8400,11000,14000,19000,19000,19000,1710,0,1700,2655.1568200563256,35.67240003030747,19487.043100059964,570.506432748538
1785350126,40,,Aggregated,10.600000,0.000000,1600,2900,3800,4300,6800,8400,11000,14000,19000,19000,19000,1725,0,1600,2647.211917041315,35.67240003030747,19487.043100059964,568.9315942028985
1785350127,40,,Aggregated,10.300000,0.000000,1600,2900,3800,4300,6800,8400,11000,14000,19000,19000,19000,1737,0,1600,2644.3518377641067,35.67240003030747,19487.043100059964,567.1099597006332
1785350128,40,,Aggregated,10.700000,0.000000,1600,2900,3800,4300,6800,8400,11000,14000,19000,19000,19000,1747,0,1600,2644.518029992069,35.67240003030747,19487.043100059964,567.480251860332
1785350129,40,,Aggregated,10.700000,0.000000,1600,2900,3800,4400,6800,8400,11000,14000,19000,19000,19000,1758,0,1600,2656.929455060497,35.67240003030747,19487.043100059964,567.9931740614335
1785350130,40,,Aggregated,10.600000,0.000000,1600,2900,3800,4400,6900,8400,11000,14000,19000,19000,19000,1766,0,1600,2670.5468795562874,35.67240003030747,19487.043100059964,568.0509626274065
1785350131,40,,Aggregated,10.900000,0.000000,1600,2900,3800,4400,6800,8400,11000,14000,19000,19000,19000,1775,0,1600,2665.933001913511,35.67240003030747,19487.043100059964,567.8878873239437
1785350132,40,,Aggregated,10.700000,0.000000,1600,2900,3800,4400,6900,8400,11000,14000,19000,19000,19000,1783,0,1600,2683.521745931874,35.67240003030747,19487.043100059964,567.8496915311273
1785350133,40,,Aggregated,10.400000,0.000000,1700,2900,3900,4500,6900,8500,11000,14000,19000,19000,19000,1795,0,1700,2691.2078038975465,35.67240003030747,19487.043100059964,566.9236768802228
1785350134,40,,Aggregated,10.400000,0.000000,1600,2900,3900,4500,6900,8500,11000,14000,19000,19000,19000,1807,0,1600,2688.2499457642593,35.67240003030747,19487.043100059964,566.4775871610404
1785350135,40,,Aggregated,10.400000,0.000000,1600,2900,3900,4500,6900,8500,11000,14000,19000,19000,19000,1820,0,1600,2693.500822525379,35.67240003030747,19487.043100059964,565.454945054945
1785350136,40,,Aggregated,10.500000,0.000000,1600,2900,3900,4500,6900,8500,11000,14000,19000,19000,19000,1834,0,1600,2691.279020390538,35.67240003030747,19487.043100059964,563.4187568157034
1785350137,40,,Aggregated,10.600000,0.000000,1600,2900,3900,4500,6900,8600,11000,14000,19000,19000,19000,1853,0,1600,2696.8665597388012,35.67240003030747,19487.043100059964,561.4225580140313
1785350138,40,,Aggregated,10.900000,0.000000,1600,2900,3900,4500,6900,8600,11000,14000,19000,19000,19000,1868,0,1600,2685.93038233185,35.67240003030747,19487.043100059964,559.9352248394005
1785350139,40,,Aggregated,11.700000,0.000000,1600,2900,3800,4500,6900,8600,11000,14000,19000,19000,19000,1882,0,1600,2680.186387723721,35.67240003030747,19487.043100059964,558.7008501594049
1785350140,40,,Aggregated,12.100000,0.000000,1600,2900,3900,4500,6900,8700,11000,14000,19000,19000,19000,1895,0,1600,2682.2279135071203,35.67240003030747,19487.043100059964,557.6026385224275
1785350141,40,,Aggregated,12.200000,0.000000,1600,2900,3800,4500,6900,8600,11000,14000,19000,19000,19000,1905,0,1600,2672.721060155463,35.67240003030747,19487.043100059964,556.5191601049869
1785350142,40,,Aggregated,12.700000,0.000000,1600,2900,3800,4500,6900,8700,11000,14000,19000,19000,19000,1917,0,1600,2682.727820446679,35.67240003030747,19487.043100059964,556.8555033907146
1785350143,40,,Aggregated,13.000000,0.000000,1600,2900,3800,4500,6900,8700,11000,14000,19000,19000,19000,1927,0,1600,2679.5306832882534,35.67240003030747,19487.043100059964,556.1297353399066
1785350144,40,,Aggregated,13.200000,0.000000,1600,2900,3800,4500,6900,8700,11000,14000,19000,19000,19000,1938,0,1600,2676.520307015825,35.67240003030747,19487.043100059964,555.5526315789474
1785350145,40,,Aggregated,13.300000,0.000000,1600,2900,3800,4500,6900,8600,11000,14000,19000,19000,19000,1948,0,1600,2673.1747099573345,35.67240003030747,19487.043100059964,554.8393223819302
1785350146,40,,Aggregated,13.200000,0.000000,1600,2900,3800,4500,6900,8600,11000,14000,19000,19000,19000,1959,0,1600,2668.917480345593,35.67240003030747,19487.043100059964,553.9382337927514
1785350147,40,,Aggregated,13.200000,0.000000,1600,2900,3900,4500,6900,8700,11000,14000,19000,19000,19000,1970,0,1600,2685.4490522320057,35.67240003030747,19487.043100059964,554.8091370558376
1785350148,40,,Aggregated,12.500000,0.000000,1600,2900,3900,4500,6900,8700,11000,14000,19000,19000,19000,1980,0,1600,2687.0981294430694,35.67240003030747,19487.043100059964,554.1121212121212
1785350149,40,,Aggregated,11.600000,0.000000,1600,2900,3900,4500,6900,8700,12000,14000,19000,19000,19000,1989,0,1600,2699.3980707878495,35.67240003030747,19487.043100059964,554.0301659125189
1785350150,40,,Aggregated,11.100000,0.000000,1600,2900,3900,4500,6900,8800,12000,14000,19000,19000,19000,2001,0,1600,2704.56058270708,35.67240003030747,19487.043100059964,553.288855572214
1785350151,40,,Aggregated,10.700000,0.000000,1600,2900,3900,4500,7000,8900,12000,14000,19000,21000,21000,2009,0,1600,2717.738483124424,35.67240003030747,21308.88759996742,552.5803882528621
1785350152,40,,Aggregated,10.500000,0.000000,1600,2900,3900,4500,7000,8900,12000,14000,19000,21000,21000,2021,0,1600,2724.6633040063675,35.67240003030747,21308.88759996742,552.2652152399802
1785350153,40,,Aggregated,10.200000,0.000000,1600,2900,3900,4500,7000,9000,12000,15000,19000,21000,21000,2031,0,1600,2739.7067960103973,35.67240003030747,21308.88759996742,552.984736582964
1785350154,40,,Aggregated,10.100000,0.000000,1600,2900,3900,4500,7000,9000,12000,15000,19000,21000,21000,2038,0,1600,2736.136968644307,35.67240003030747,21308.88759996742,552.5598626104023
1785350155,40,,Aggregated,10.000000,0.000000,1600,2900,3900,4500,7000,9000,12000,15000,19000,21000,21000,2049,0,1600,2744.323203268642,35.67240003030747,21308.88759996742,552.3552952659834
1785350156,40,,Aggregated,9.900000,0.000000,1600,2900,4000,4500,7000,9000,12000,15000,19000,21000,21000,2058,0,1600,2744.080980659523,35.67240003030747,21308.88759996742,552.6073858114675
1785350157,40,,Aggregated,10.000000,0.000000,1600,2900,4000,4500,7000,9000,12000,15000,19000,21000,21000,2069,0,1600,2745.2292319947837,35.67240003030747,21308.88759996742,551.7617206379894
1785350158,40,,Aggregated,9.600000,0.000000,1600,2900,4000,4600,7000,9000,12000,15000,19000,21000,21000,2077,0,1600,2745.7815788141584,35.67240003030747,21308.88759996742,552.1930669234473
1785350159,40,,Aggregated,9.700000,0.000000,1600,2900,4000,4600,7000,9000,12000,15000,19000,21000,21000,2083,0,1600,2748.7230983182617,35.67240003030747,21308.88759996742,552.3547767642823
1785350160,40,,Aggregated,9.700000,0.000000,1600,2900,4000,4600,7000,9000,12000,15000,19000,21000,21000,2095,0,1600,2747.512945106035,35.67240003030747,21308.88759996742,552.0520286396181
1785350161,40,,Aggregated,9.700000,0.000000,1600,2900,4000,4600,7000,9100,12000,14000,19000,21000,21000,2109,0,1600,2757.0795836876555,35.67240003030747,21308.88759996742,551.3835941204362
1785350162,40,,Aggregated,9.400000,0.000000,1600,2900,4000,4600,7100,9100,12000,15000,19000,21000,21000,2123,0,1600,2767.980824633777,35.67240003030747,21308.88759996742,550.7187941592086
1785350163,40,,Aggregated,9.800000,0.000000,1600,2900,4000,4600,7100,9100,12000,15000,19000,21000,21000,2139,0,1600,2762.1273549778457,35.67240003030747,21308.88759996742,549.6185133239832
1785350164,40,,Aggregated,10.400000,0.000000,1600,2900,4000,4600,7100,9100,12000,15000,19000,21000,21000,2157,0,1600,2769.8921952237956,35.67240003030747,21308.88759996742,548.2647195178489
1785350165,40,,Aggregated,10.500000,0.000000,1600,2900,4000,4600,7100,9100,12000,15000,19000,21000,21000,2173,0,1600,2764.287444637684,35.67240003030747,21308.88759996742,547.596870685688
1785350166,40,,Aggregated,11.600000,0.000000,1600,2900,4000,4600,7100,9100,12000,15000,19000,21000,21000,2190,0,1600,2755.3476887659413,35.67240003030747,21308.88759996742,546.3826484018265
1785350167,40,,Aggregated,12.000000,0.000000,1600,2900,4000,4600,7000,9100,12000,15000,19000,21000,21000,2203,0,1600,2746.6669539253353,35.67240003030747,21308.88759996742,545.2660009078529
1785350168,40,,Aggregated,13.000000,0.000000,1600,2900,4000,4600,7000,9100,12000,15000,19000,21000,21000,2213,0,1600,2742.667689650817,35.67240003030747,21308.88759996742,545.0497062810664
1785350169,40,,Aggregated,13.100000,0.000000,1600,2900,4000,4600,7000,9100,12000,15000,19000,21000,21000,2225,0,1600,2740.1214085381707,35.67240003030747,21308.88759996742,544.4961797752809
1785350170,40,,Aggregated,13.100000,0.000000,1600,2900,4000,4600,7000,9100,12000,15000,19000,21000,21000,2238,0,1600,2734.2080066565854,35.67240003030747,21308.88759996742,544.3681858802503
1785350171,40,,Aggregated,13.700000,0.000000,1600,2900,4000,4600,7000,9100,12000,15000,19000,21000,21000,2248,0,1600,2736.650957071779,35.67240003030747,21308.88759996742,544.459074733096
1785350172,40,,Aggregated,14.100000,0.000000,1600,2900,4000,4600,7000,9100,12000,15000,19000,21000,21000,2255,0,1600,2736.554029799312,35.67240003030747,21308.88759996742,545.0536585365853
1785350173,40,,Aggregated,13.900000,0.000000,1600,2900,4000,4600,7000,9100,12000,15000,19000,21000,21000,2266,0,1600,2737.3083933793023,35.67240003030747,21308.88759996742,544.6827007943513
1785350174,40,,Aggregated,13.300000,0.000000,1600,2900,4000,4600,7000,9100,12000,15000,19000,21000,21000,2278,0,1600,2730.7402313420857,35.67240003030747,21308.88759996742,544.0842844600527
1785350175,40,,Aggregated,13.000000,0.000000,1600,2900,4000,4600,7000,9100,12000,15000,20000,21000,21000,2288,0,1600,2736.0741686612414,35.67240003030747,21367.448800010607,543.5253496503497
1785350176,40,,Aggregated,12.100000,0.000000,1600,2900,4000,4600,7000,9100,12000,15000,20000,21000,21000,2301,0,1600,2744.52652455313,35.67240003030747,21367.448800010607,543.0634506736202
1785350177,40,,Aggregated,11.800000,0.000000,1600,2900,4000,4600,7000,9100,12000,15000,20000,21000,21000,2313,0,1600,2740.844819151285,35.67240003030747,21367.448800010607,542.8313878080415
1785350178,40,,Aggregated,11.100000,0.000000,1600,2900,4000,4600,7100,9100,13000,15000,21000,21000,21000,2325,0,1600,2748.983922149255,35.67240003030747,21367.448800010607,541.530752688172
1785350179,40,,Aggregated,11.100000,0.000000,1600,2900,4000,4600,7100,9100,13000,15000,21000,27000,27000,2335,0,1600,2756.929079399143,35.67240003030747,27033.013099920936,540.993147751606
1785350180,40,,Aggregated,11.300000,0.000000,1600,2900,4000,4600,7100,9100,13000,15000,21000,27000,27000,2348,0,1600,2762.9796234656105,35.67240003030747,27033.013099920936,540.6277683134583
1785350181,40,,Aggregated,11.100000,0.000000,1600,2900,4000,4600,7100,9100,13000,15000,21000,27000,27000,2357,0,1600,2763.823713448148,35.67240003030747,27033.013099920936,540.2596521001273
1785350182,40,,Aggregated,11.000000,0.000000,1600,2900,4000,4600,7100,9100,13000,16000,21000,27000,27000,2369,0,1600,2772.2446469384854,35.67240003030747,27033.013099920936,539.7083157450401
1785350183,40,,Aggregated,10.900000,0.000000,1600,2900,4000,4600,7100,9100,13000,16000,21000,27000,27000,2379,0,1600,2775.7640051270455,35.67240003030747,27033.013099920936,539.54140395124
1785350184,40,,Aggregated,11.000000,0.000000,1600,2900,4000,4600,7100,9100,13000,16000,21000,27000,27000,2387,0,1600,2773.1780785073597,35.67240003030747,27033.013099920936,539.6062002513615
1785350185,40,,Aggregated,11.200000,0.000000,1600,2900,4000,4600,7100,9200,13000,16000,21000,34000,34000,2398,0,1600,2795.682671892092,35.67240003030747,33659.77030002978,539.488740617181
1785350186,40,,Aggregated,11.000000,0.000000,1600,2900,4000,4600,7100,9200,13000,16000,21000,34000,34000,2407,0,1600,2799.952619940696,35.67240003030747,33659.77030002978,539.4794349813045
1785350187,40,,Aggregated,10.600000,0.000000,1600,2900,4000,4600,7100,9400,13000,16000,21000,34000,34000,2417,0,1600,2801.080939179777,35.67240003030747,33659.77030002978,539.247000413736
1785350188,40,,Aggregated,10.700000,0.000000,1600,2900,4000,4600,7100,9400,13000,16000,21000,34000,34000,2425,0,1600,2802.9776378546258,35.67240003030747,33659.77030002978,539.321237113402
1785350189,40,,Aggregated,10.500000,0.000000,1600,2900,4000,4600,7100,9400,13000,16000,21000,34000,34000,2432,0,1600,2809.433277589338,35.67240003030747,33659.77030002978,540.1558388157895
1785350190,40,,Aggregated,10.100000,0.000000,1600,2900,4000,4600,7200,9400,13000,16000,21000,34000,34000,2442,0,1600,2815.585936321604,35.67240003030747,33659.77030002978,539.6547911547912
1785350191,40,,Aggregated,9.700000,0.000000,1600,3000,4000,4700,7200,9400,13000,16000,21000,34000,34000,2452,0,1600,2818.333777976152,35.67240003030747,33659.77030002978,539.418841761827
1785350192,40,,Aggregated,9.400000,0.000000,1600,3000,4000,4700,7200,9400,13000,16000,21000,34000,34000,2465,0,1600,2816.136441337706,35.67240003030747,33659.77030002978,539.0778904665315
1785350193,40,,Aggregated,9.500000,0.000000,1600,2900,4000,4700,7200,9400,13000,16000,21000,34000,34000,2477,0,1600,2815.415758133729,35.67240003030747,33659.77030002978,538.5450141299959
1785350194,40,,Aggregated,9.600000,0.000000,1600,3000,4000,4700,7200,9400,13000,16000,21000,34000,34000,2492,0,1600,2816.802643176946,35.67240003030747,33659.77030002978,537.0493579454254
1785350195,40,,Aggregated,9.800000,0.000000,1600,2900,4000,4700,7200,9400,13000,16000,21000,34000,34000,2503,0,1600,2814.9569268464707,35.67240003030747,33659.77030002978,536.4262884538554
1785350196,40,,Aggregated,9.900000,0.000000,1600,3000,4000,4700,7200,9500,13000,16000,21000,34000,34000,2517,0,1600,2821.1761737770257,35.67240003030747,33659.77030002978,535.9527214938419
1785350197,40,,Aggregated,10.600000,0.000000,1600,3000,4000,4700,7200,9500,13000,16000,21000,34000,34000,2527,0,1600,2822.9407381468045,35.67240003030747,33659.77030002978,535.7384250098931
1785350198,40,,Aggregated,10.400000,0.000000,1600,3000,4000,4700,7200,9500,13000,16000,21000,34000,34000,2537,0,1600,2819.4144122181115,35.67240003030747,33659.77030002978,535.3362238864801
1785350199,40,,Aggregated,11.100000,0.000000,1600,3000,4000,4700,7200,9500,13000,16000,21000,34000,34000,2552,0,1600,2819.294504936256,35.67240003030747,33659.77030002978,534.9255485893417
1785350200,40,,Aggregated,11.200000,0.000000,1600,2900,4000,4700,7200,9500,13000,16000,21000,34000,34000,2570,0,1600,2814.204064668211,35.67240003030747,33659.77030002978,533.8396887159533
1785350201,40,,Aggregated,11.400000,0.000000,1600,2900,4000,4700,7200,9500,13000,16000,21000,34000,34000,2584,0,1600,2812.21675174045,35.67240003030747,33659.77030002978,533.6598297213623
1785350202,40,,Aggregated,12.200000,0.000000,1600,2900,4000,4700,7200,9500,13000,16000,21000,34000,34000,2598,0,1600,2804.149743724961,35.67240003030747,33659.77030002978,533.224403387221
1785350203,40,,Aggregated,12.800000,0.000000,1600,2900,4000,4700,7200,9500,13000,16000,21000,34000,34000,2612,0,1600,2802.9401927248587,35.67240003030747,33659.77030002978,532.7951761102603
1785350204,40,,Aggregated,12.900000,0.000000,1600,2900,4000,4700,7200,9500,13000,16000,21000,34000,34000,2624,0,1600,2799.587926713884,35.67240003030747,33659.77030002978,532.3315548780488
1785350205,40,,Aggregated,13.100000,0.000000,1600,2900,4000,4700,7200,9500,13000,16000,21000,34000,34000,2641,0,1600,2802.604194887225,35.67240003030747,33659.77030002978,531.7440363498674
1785350206,40,,Aggregated,13.300000,0.000000,1600,2900,4000,4700,7200,9500,13000,16000,21000,34000,34000,2653,0,1600,2801.344805087603,35.67240003030747,33659.77030002978,531.2781756502073
1785350207,40,,Aggregated,13.000000,0.000000,1600,2900,4000,4700,7200,9500,13000,16000,21000,34000,34000,2663,0,1600,2798.305882499945,35.67240003030747,33659.77030002978,531.1565903116785
1785350208,40,,Aggregated,13.700000,0.000000,1600,2900,4000,4700,7200,9500,13000,16000,21000,34000,34000,2674,0,1600,2804.020232459742,35.67240003030747,33659.77030002978,530.9057591623036
1785350209,40,,Aggregated,13.300000,0.000000,1600,2900,4000,4700,7200,9500,13000,16000,21000,34000,34000,2684,0,1600,2805.6163604684584,35.67240003030747,33659.77030002978,530.7269001490313
1785350210,40,,Aggregated,13.300000,0.000000,1600,2900,4000,4700,7200,9500,13000,16000,21000,34000,34000,2695,0,1600,2805.3325957318434,35.67240003030747,33659.77030002978,530.9680890538033
1785350211,40,,Aggregated,13.400000,0.000000,1600,2900,4000,4700,7200,9500,13000,16000,21000,34000,34000,2704,0,1600,2804.969580805168,35.67240003030747,33659.77030002978,530.6797337278107
1785350212,40,,Aggregated,12.900000,0.000000,1600,2900,4000,4700,7200,9500,13000,16000,25000,34000,34000,2714,0,1600,2810.231560942219,35.67240003030747,33659.77030002978,530.8076639646279
1785350213,40,,Aggregated,12.100000,0.000000,1600,2900,4000,4700,7200,9500,13000,16000,25000,34000,34000,2730,0,1600,2812.388975493441,35.67240003030747,33659.77030002978,530.6311355311356
1785350214,40,,Aggregated,12.000000,0.000000,1600,2900,4000,4700,7200,9500,13000,16000,25000,34000,34000,2741,0,1600,2811.266675591766,35.67240003030747,33659.77030002978,530.0791681867931
1785350215,40,,Aggregated,11.700000,0.000000,1600,2900,4000,4700,7300,9500,13000,16000,25000,34000,34000,2750,0,1600,2819.38662759892,35.67240003030747,33659.77030002978,529.7370909090909
1785350216,40,,Aggregated,11.800000,0.000000,1600,2900,4000,4700,7200,9500,13000,16000,25000,34000,34000,2759,0,1600,2819.1113259866356,35.67240003030747,33659.77030002978,529.6951794128307
1785350217,40,,Aggregated,11.800000,0.000000,1600,2900,4000,4700,7200,9500,13000,16000,25000,34000,34000,2770,0,1600,2817.5191624177073,35.67240003030747,33659.77030002978,529.4537906137184
1785350218,40,,Aggregated,10.800000,0.000000,1600,2900,4100,4700,7200,9500,13000,16000,25000,34000,34000,2781,0,1600,2815.279950448516,35.67240003030747,33659.77030002978,529.1521035598705
1785350219,40,,Aggregated,10.400000,0.000000,1600,2900,4100,4700,7200,9500,13000,16000,25000,34000,34000,2791,0,1600,2826.0601715862804,35.67240003030747,33659.77030002978,529.2852024364028
1785350220,40,,Aggregated,10.600000,0.000000,1600,2900,4100,4700,7200,9600,13000,16000,25000,34000,34000,2805,0,1600,2828.9603988225813,35.67240003030747,33659.77030002978,529.136541889483
1785350221,40,,Aggregated,10.600000,0.000000,1600,2900,4100,4700,7300,9600,14000,16000,25000,34000,34000,2819,0,1600,2834.8172248660203,35.67240003030747,33659.77030002978,529.2078751330259
1785350222,40,,Aggregated,10.600000,0.000000,1600,2900,4100,4700,7200,9600,14000,16000,25000,34000,34000,2838,0,1600,2826.5730453830856,35.67240003030747,33659.77030002978,528.1885130373503
1785350224,40,,Aggregated,11.000000,0.000000,1600,2900,4100,4800,7300,9600,14000,16000,25000,34000,34000,2849,0,1600,2828.2158131965834,35.67240003030747,33659.77030002978,527.6651456651457
1785350225,40,,Aggregated,12.000000,0.000000,1600,2900,4100,4700,7200,9600,14000,16000,25000,34000,34000,2862,0,1600,2829.5347371059233,35.67240003030747,33659.77030002978,527.1781970649895
1785350226,40,,Aggregated,12.000000,0.000000,1600,2900,4100,4800,7200,9600,14000,16000,25000,34000,34000,2873,0,1600,2829.176919490838,35.67240003030747,33659.77030002978,527.4009745910198
1785350227,40,,Aggregated,11.600000,0.000000,1600,2900,4100,4700,7300,9600,14000,16000,25000,34000,34000,2886,0,1600,2826.813366111345,35.67240003030747,33659.77030002978,526.5841995841996
1785350228,40,,Aggregated,11.600000,0.000000,1600,2900,4100,4700,7200,9600,14000,16000,25000,34000,34000,2901,0,1600,2819.613819440622,35.67240003030747,33659.77030002978,525.8703895208549
1785350229,40,,Aggregated,12.600000,0.000000,1600,2900,4000,4700,7200,9600,14000,16000,25000,34000,34000,2915,0,1600,2815.241649501524,35.67240003030747,33659.77030002978,525.2291595197256
1785350230,40,,Aggregated,13.100000,0.000000,1600,2900,4000,4700,7200,9600,14000,16000,25000,34000,34000,2927,0,1600,2815.442292072623,35.67240003030747,33659.77030002978,524.5534677143834
1785350231,40,,Aggregated,13.100000,0.000000,1600,2900,4000,4700,7300,9600,14000,16000,25000,34000,34000,2941,0,1600,2817.1722416854495,35.67240003030747,33659.77030002978,523.9744984699082
1785350232,40,,Aggregated,13.300000,0.000000,1600,2900,4000,4700,7300,9600,14000,16000,25000,34000,34000,2953,0,1600,2822.896464983712,35.67240003030747,33659.77030002978,523.0900778868947
1785350233,40,,Aggregated,13.400000,0.000000,1600,2900,4000,4700,7300,9600,14000,16000,25000,34000,34000,2963,0,1600,2824.8143915952614,35.67240003030747,33659.77030002978,523.1734728315896
1785350234,40,,Aggregated,13.000000,0.000000,1600,2900,4000,4700,7300,9600,14000,16000,25000,34000,34000,2974,0,1600,2818.6834020499487,35.67240003030747,33659.77030002978,523.1943510423672
1785350235,40,,Aggregated,12.300000,0.000000,1600,2900,4000,4700,7300,9600,14000,16000,25000,34000,34000,2986,0,1600,2814.5625317469703,35.67240003030747,33659.77030002978,523.3208305425318
1785350236,40,,Aggregated,12.400000,0.000000,1600,2900,4000,4700,7300,9600,14000,16000,25000,34000,34000,2998,0,1600,2811.9703761163,35.67240003030747,33659.77030002978,522.7861907938626
1785350237,40,,Aggregated,12.400000,0.000000,1600,2900,4000,4700,7300,9600,14000,16000,25000,34000,34000,3009,0,1600,2814.700810334552,35.67240003030747,33659.77030002978,522.2565636424061
1785350238,40,,Aggregated,12.200000,0.000000,1600,2900,4000,4700,7300,9600,14000,16000,25000,34000,34000,3019,0,1600,2815.5258296444504,35.67240003030747,33659.77030002978,522.3994700231865
1785350239,40,,Aggregated,12.100000,0.000000,1600,2900,4000,4700,7300,9600,14000,16000,25000,34000,34000,3031,0,1600,2820.937517880767,35.67240003030747,33659.77030002978,522.3117782909931
1785350240,40,,Aggregated,11.600000,0.000000,1600,2900,4000,4700,7300,9600,14000,16000,25000,34000,34000,3044,0,1600,2817.8423873181973,35.67240003030747,33659.77030002978,521.8324572930355
1785350241,40,,Aggregated,11.700000,0.000000,1600,2900,4000,4700,7300,9600,14000,16000,25000,34000,34000,3054,0,1600,2818.743768335441,35.67240003030747,33659.77030002978,521.70759659463
1785350242,40,,Aggregated,11.700000,0.000000,1600,2900,4000,4700,7300,9600,14000,16000,25000,34000,34000,3064,0,1600,2819.670566774282,35.67240003030747,33659.77030002978,521.5789817232376
1785350243,40,,Aggregated,11.400000,0.000000,1600,2900,4000,4800,7300,9600,14000,16000,25000,34000,34000,3075,0,1600,2822.2008792509328,35.67240003030747,33659.77030002978,521.2835772357723
1785350244,40,,Aggregated,11.400000,0.000000,1600,2900,4000,4800,7300,9600,14000,16000,25000,34000,34000,3083,0,1600,2827.265965876271,35.67240003030747,33659.77030002978,521.6020110282193
1785350245,40,,Aggregated,11.200000,0.000000,1600,2900,4000,4800,7300,9600,14000,16000,25000,34000,34000,3096,0,1600,2825.1865350117364,35.67240003030747,33659.77030002978,521.4014857881137
1785350246,40,,Aggregated,10.900000,0.000000,1600,2900,4000,4800,7300,9600,14000,16000,25000,34000,34000,3105,0,1600,2839.8476316896154,35.67240003030747,33659.77030002978,521.602576489533
1785350247,40,,Aggregated,11.000000,0.000000,1600,2900,4100,4800,7400,9700,14000,16000,25000,34000,34000,3112,0,1600,2841.3855283406497,35.67240003030747,33659.77030002978,521.8733933161953
1785350248,40,,Aggregated,11.000000,0.000000,1600,2900,4000,4800,7400,9800,14000,16000,25000,34000,34000,3119,0,1600,2841.1667668791024,35.67240003030747,33659.77030002978,521.6585444052581
1785350249,40,,Aggregated,10.500000,0.000000,1600,2900,4100,4800,7400,9800,14000,16000,25000,34000,34000,3136,0,1600,2843.39353389538,35.67240003030747,33659.77030002978,520.9665178571429
1785350250,40,,Aggregated,10.200000,0.000000,1600,2900,4000,4800,7400,9700,14000,16000,25000,34000,34000,3152,0,1600,2835.645503139615,35.67240003030747,33659.77030002978,520.2293781725888
1785350251,40,,Aggregated,10.600000,0.000000,1600,2900,4100,4800,7400,9800,14000,16000,25000,34000,34000,3162,0,1600,2842.7968005047283,35.67240003030747,33659.77030002978,520.5803289057559
1785350252,40,,Aggregated,10.700000,0.000000,1600,2900,4100,4900,7500,9800,14000,16000,25000,34000,34000,3173,0,1600,2853.143173619945,35.67240003030747,33659.77030002978,520.5590923416325
1785350253,40,,Aggregated,10.700000,0.000000,1600,2900,4100,4900,7500,9800,14000,16000,25000,34000,34000,3180,0,1600,2856.7379244641684,35.67240003030747,33659.77030002978,521.0317610062893
1785350254,40,,Aggregated,10.700000,0.000000,1600,2900,4100,4900,7500,9800,14000,16000,25000,34000,34000,3188,0,1600,2857.5215134554614,35.67240003030747,33659.77030002978,521.1835006273526
1785350255,40,,Aggregated,10.500000,0.000000,1600,2900,4100,4900,7500,9800,14000,16000,25000,34000,34000,3198,0,1600,2857.952959160737,35.67240003030747,33659.77030002978,521.060975609756
1785350256,40,,Aggregated,10.400000,0.000000,1600,2900,4100,4900,7500,9800,14000,16000,25000,34000,34000,3212,0,1600,2863.4552879501553,35.67240003030747,33659.77030002978,520.7079701120797
1785350257,40,,Aggregated,10.300000,0.000000,1600,2900,4100,4900,7500,9800,14000,16000,25000,34000,34000,3227,0,1600,2866.243540345843,35.67240003030747,33659.77030002978,520.3043074062597
1785350258,40,,Aggregated,10.400000,0.000000,1600,2900,4100,4900,7500,9800,14000,16000,25000,34000,34000,3239,0,1600,2869.294649489341,35.67240003030747,33659.77030002978,519.7672121025008
1785350259,40,,Aggregated,11.100000,0.000000,1600,2900,4100,4900,7500,9800,14000,16000,25000,34000,34000,3251,0,1600,2868.4755646558797,35.67240003030747,33659.77030002978,519.4337127037835
1785350260,40,,Aggregated,11.400000,0.000000,1600,2900,4100,4900,7500,9800,14000,16000,25000,34000,34000,3261,0,1600,2868.324719226081,35.67240003030747,33659.77030002978,519.5746703465195
1785350261,40,,Aggregated,11.200000,0.000000,1600,2900,4100,4900,7500,9800,14000,16000,25000,34000,34000,3269,0,1600,2868.3609205250286,35.67240003030747,33659.77030002978,519.5276843071275
1785350262,40,,Aggregated,11.100000,0.000000,1600,2900,4100,4900,7500,9800,14000,16000,25000,34000,34000,3283,0,1600,2864.7195423078533,35.67240003030747,33659.77030002978,519.2400243679562
1785350263,40,,Aggregated,10.800000,0.000000,1600,2900,4100,4900,7500,9800,14000,16000,25000,34000,34000,3295,0,1600,2864.4120496196415,35.67240003030747,33659.77030002978,519.165402124431
1785350264,40,,Aggregated,10.600000,0.000000,1600,2900,4100,4900,7500,9800,14000,16000,25000,34000,34000,3313,0,1600,2863.3610021421455,35.67240003030747,33659.77030002978,518.4648354965288
1785350265,40,,Aggregated,11.300000,0.000000,1600,2900,4100,4900,7500,9800,14000,16000,25000,34000,34000,3328,0,1600,2859.919538370382,35.67240003030747,33659.77030002978,517.5823317307693
1785350266,40,,Aggregated,12.200000,0.000000,1600,2900,4100,4900,7500,9800,14000,16000,25000,34000,34000,3344,0,1600,2856.989319047985,35.67240003030747,33659.77030002978,517.0505382775119
1785350267,40,,Aggregated,12.800000,0.000000,1600,2900,4100,4900,7500,9800,14000,16000,25000,34000,34000,3357,0,1600,2851.7818752447624,35.67240003030747,33659.77030002978,516.63509085493
1785350268,40,,Aggregated,13.300000,0.000000,1600,2900,4100,4900,7500,9800,14000,16000,25000,34000,34000,3372,0,1600,2846.143817021547,35.67240003030747,33659.77030002978,515.967674970344
1785350269,40,,Aggregated,13.200000,0.000000,1600,2900,4100,4900,7500,9800,14000,16000,25000,34000,34000,3384,0,1600,2847.9758628830755,35.67240003030747,33659.77030002978,515.7148345153664
1785350270,40,,Aggregated,13.500000,0.000000,1600,2900,4100,4900,7500,9900,14000,16000,25000,34000,34000,3395,0,1600,2850.7644202640113,35.67240003030747,33659.77030002978,516.1511045655376
1785350271,40,,Aggregated,13.300000,0.000000,1600,2900,4100,4900,7500,9900,14000,16000,25000,34000,34000,3406,0,1600,2853.145912124536,35.67240003030747,33659.77030002978,515.953611274222
1785350272,40,,Aggregated,13.200000,0.000000,1600,2900,4100,4900,7500,9900,14000,16000,25000,34000,34000,3414,0,1600,2852.42121730992,35.67240003030747,33659.77030002978,515.866432337434
1785350273,40,,Aggregated,13.500000,0.000000,1600,2900,4100,4900,7500,9900,14000,16000,25000,34000,34000,3426,0,1600,2850.8545058658233,35.67240003030747,33659.77030002978,515.7597781669585
1785350274,40,,Aggregated,13.400000,0.000000,1600,2900,4100,4900,7500,9900,14000,16000,25000,34000,34000,3436,0,1600,2847.8233244750772,35.67240003030747,33659.77030002978,515.9051222351571
1785350275,40,,Aggregated,13.000000,0.000000,1600,2900,4100,4900,7500,9800,14000,16000,25000,34000,34000,3444,0,1600,2845.3665185819436,35.67240003030747,33659.77030002978,515.8687572590012
1785350276,40,,Aggregated,12.300000,0.000000,1600,2900,4100,4900,7500,9900,14000,16000,25000,34000,34000,3455,0,1600,2851.4055098975114,35.67240003030747,33659.77030002978,515.9096960926194
1785350277,40,,Aggregated,11.700000,0.000000,1600,2900,4100,4900,7500,9900,14000,16000,25000,34000,34000,3465,0,1600,2850.58087743023,35.67240003030747,33659.77030002978,515.8126984126984
1785350278,40,,Aggregated,11.000000,0.000000,1600,2900,4100,4900,7500,9900,14000,16000,25000,34000,34000,3476,0,1600,2850.1687742219783,35.67240003030747,33659.77030002978,515.8561565017261
1785350279,40,,Aggregated,10.600000,0.000000,1600,2900,4100,4900,7500,9900,14000,16000,25000,34000,34000,3485,0,1600,2853.9673399127123,35.67240003030747,33659.77030002978,516.100143472023
1785350280,40,,Aggregated,10.300000,0.000000,1600,2900,4100,4900,7500,9900,14000,16000,25000,34000,34000,3502,0,1600,2860.997479353471,35.67240003030747,33659.77030002978,515.6396344945746
1785350281,40,,Aggregated,10.200000,0.000000,1600,2900,4100,4900,7500,10000,14000,16000,25000,34000,34000,3514,0,1600,2860.081552275374,35.67240003030747,33659.77030002978,515.3961297666477
1785350282,40,,Aggregated,10.400000,0.000000,1600,2900,4100,4900,7500,9900,14000,16000,25000,34000,34000,3525,0,1600,2857.850184452705,35.67240003030747,33659.77030002978,515.4331914893617
1785350283,40,,Aggregated,10.700000,0.000000,1600,2900,4100,4900,7500,10000,14000,16000,25000,34000,34000,3540,0,1600,2862.4353676542137,35.67240003030747,33659.77030002978,515.0234463276836
1785350284,40,,Aggregated,10.800000,0.000000,1600,2900,4100,4900,7500,10000,14000,16000,25000,34000,34000,3548,0,1600,2859.975728606512,35.67240003030747,33659.77030002978,515.1677001127396
1785350285,40,,Aggregated,11.300000,0.000000,1600,2900,4100,4900,7500,10000,14000,16000,25000,34000,34000,3562,0,1600,2857.6803087018784,35.67240003030747,33659.77030002978,514.6836047164514
1785350286,40,,Aggregated,11.400000,0.000000,1600,2900,4100,4900,7500,10000,14000,16000,25000,34000,34000,3573,0,1600,2857.3656506846432,35.67240003030747,33659.77030002978,514.8595018191995
1785350287,40,,Aggregated,11.500000,0.000000,1600,2900,4100,4900,7500,10000,14000,16000,25000,34000,34000,3584,0,1600,2862.613527203171,35.67240003030747,33659.77030002978,514.486328125
1785350288,40,,Aggregated,11.700000,0.000000,1600,2900,4100,4900,7500,10000,14000,16000,25000,34000,34000,3596,0,1600,2856.9577355940132,35.67240003030747,33659.77030002978,514.1991101223582
1785350289,40,,Aggregated,11.900000,0.000000,1600,2900,4100,4900,7500,10000,14000,16000,25000,34000,34000,3605,0,1600,2855.6392330086387,35.67240003030747,33659.77030002978,514.6102635228849
1785350290,40,,Aggregated,11.900000,0.000000,1600,2900,4100,4900,7500,10000,14000,16000,25000,34000,34000,3612,0,1600,2857.8408140354836,35.67240003030747,33659.77030002978,514.4390919158361
1785350291,40,,Aggregated,11.800000,0.000000,1600,2900,4100,4900,7500,10000,14000,16000,25000,34000,34000,3622,0,1600,2861.4462780773188,35.67240003030747,33659.77030002978,514.5331308669244
1785350292,40,,Aggregated,11.300000,0.000000,1600,2900,4100,4900,7500,10000,14000,16000,25000,34000,34000,3629,0,1600,2861.6818019553925,35.67240003030747,33659.77030002978,514.5974097547534
1785350293,40,,Aggregated,10.800000,0.000000,1600,2900,4100,4900,7500,10000,14000,16000,25000,34000,34000,3637,0,1600,2869.013849985214,35.67240003030747,33659.77030002978,514.6981028320045
1785350294,40,,Aggregated,10.700000,0.000000,1600,2900,4100,4900,7500,10000,14000,16000,25000,34000,34000,3648,0,1600,2869.0980047139096,35.67240003030747,33659.77030002978,514.6979166666666
1785350295,40,,Aggregated,9.900000,0.000000,1600,2900,4100,4900,7500,10000,14000,17000,26000,34000,34000,3657,0,1600,2876.390184685922,35.67240003030747,33659.77030002978,514.9248017500684
1785350296,40,,Aggregated,9.800000,0.000000,1600,2900,4100,4900,7600,10000,14000,17000,26000,34000,34000,3669,0,1600,2893.056552601901,35.67240003030747,33659.77030002978,514.4614336331425
1785350297,40,,Aggregated,9.500000,0.000000,1600,2900,4100,4900,7600,10000,14000,17000,26000,34000,34000,3682,0,1600,2893.53877254104,35.67240003030747,33659.77030002978,514.1409560021727
1785350298,40,,Aggregated,9.600000,0.000000,1600,2900,4100,4900,7600,10000,14000,17000,26000,34000,34000,3696,0,1600,2889.354782628791,35.67240003030747,33659.77030002978,513.7299783549784
1785350299,40,,Aggregated,9.400000,0.000000,1600,2900,4100,4900,7600,10000,14000,17000,26000,34000,34000,3708,0,1600,2888.9291007000834,35.67240003030747,33659.77030002978,513.6809600862999
1785350300,40,,Aggregated,10.100000,0.000000,1600,2900,4100,4900,7600,10000,14000,17000,26000,34000,34000,3718,0,1600,2892.714410434638,35.67240003030747,33659.77030002978,513.8160301237224
1785350301,40,,Aggregated,10.200000,0.000000,1600,2900,4100,4900,7600,10000,14000,17000,26000,34000,34000,3730,0,1600,2891.4141495967765,35.67240003030747,33659.77030002978,513.5908847184986
1785350302,40,,Aggregated,10.500000,0.000000,1600,2900,4100,4900,7600,10000,14000,17000,26000,34000,34000,3744,0,1600,2894.4181573439396,35.67240003030747,33659.77030002978,512.6535790598291
1785350303,40,,Aggregated,10.500000,0.000000,1600,2900,4100,4900,7600,10000,14000,17000,26000,34000,34000,3757,0,1600,2894.7098415213554,35.67240003030747,33659.77030002978,512.3438914027149
1785350304,40,,Aggregated,11.000000,0.000000,1600,2900,4100,4900,7600,10000,14000,17000,26000,34000,34000,3766,0,1600,2892.018057619711,35.67240003030747,33659.77030002978,512.5785979819437
1785350305,40,,Aggregated,11.700000,0.000000,1600,2900,4100,4900,7600,10000,14000,17000,26000,34000,34000,3776,0,1600,2893.3602075729927,35.67240003030747,33659.77030002978,512.2801906779661
1785350306,40,,Aggregated,11.900000,0.000000,1600,2900,4100,5000,7600,10000,14000,17000,27000,34000,34000,3791,0,1600,2899.8092485611965,35.67240003030747,33659.77030002978,512.4953838037458
1785350307,40,,Aggregated,12.000000,0.000000,1600,2900,4100,5000,7600,10000,14000,17000,27000,34000,34000,3801,0,1600,2898.189644013546,35.67240003030747,33659.77030002978,512.4588266245725
1785350308,40,,Aggregated,11.700000,0.000000,1600,2900,4100,5000,7600,10000,14000,17000,27000,34000,34000,3815,0,1600,2899.6627609162524,35.67240003030747,33659.77030002978,512.2353866317169
1785350309,40,,Aggregated,12.200000,0.000000,1600,2900,4100,5000,7600,10000,14000,17000,27000,34000,34000,3828,0,1600,2897.3521861534123,35.67240003030747,33659.77030002978,512.1052769070011
1785350310,40,,Aggregated,11.600000,0.000000,1600,2900,4100,5000,7600,10000,14000,17000,27000,34000,34000,3840,0,1600,2899.9088045300346,35.67240003030747,33659.77030002978,512.2359375
1785350311,40,,Aggregated,11.900000,0.000000,1600,2900,4100,5000,7600,10000,14000,17000,27000,34000,34000,3851,0,1600,2901.220337859076,35.67240003030747,33659.77030002978,511.8935341469748
1785350312,40,,Aggregated,11.900000,0.000000,1600,2900,4100,5000,7600,10000,14000,17000,27000,34000,34000,3865,0,1600,2897.276990141038,35.67240003030747,33659.77030002978,511.50996119016816
1785350313,40,,Aggregated,12.100000,0.000000,1600,2900,4100,5000,7600,10000,14000,17000,27000,34000,34000,3877,0,1600,2894.7822123279007,35.67240003030747,33659.77030002978,511.47717307196285
1785350314,40,,Aggregated,12.200000,0.000000,1600,2900,4100,5000,7600,10000,14000,17000,27000,34000,34000,3889,0,1600,2894.249560965601,35.67240003030747,33659.77030002978,511.1041398817177
1785350315,40,,Aggregated,11.700000,0.000000,1600,2900,4100,5000,7600,10000,14000,17000,27000,34000,34000,3901,0,1600,2896.6868973328633,35.67240003030747,33659.77030002978,511.2404511663676
1785350316,40,,Aggregated,12.000000,0.000000,1600,2900,4100,5000,7600,10000,14000,17000,27000,34000,34000,3912,0,1600,2900.081538802503,35.67240003030747,33659.77030002978,510.65644171779144
1785350317,40,,Aggregated,12.000000,0.000000,1600,2900,4100,5000,7600,10000,14000,17000,27000,34000,34000,3926,0,1600,2895.9506236871566,35.67240003030747,33659.77030002978,510.2796739684157
1785350318,40,,Aggregated,12.300000,0.000000,1600,2900,4100,5000,7600,10000,14000,17000,27000,34000,34000,3941,0,1600,2898.2762282912972,35.67240003030747,33659.77030002978,509.94646028926667
1785350319,40,,Aggregated,12.100000,0.000000,1600,2900,4100,5000,7600,10000,14000,17000,27000,34000,34000,3949,0,1600,2896.8387778161746,35.67240003030747,33659.77030002978,510.04786021777664
1785350320,40,,Aggregated,12.200000,0.000000,1600,2900,4100,5000,7700,10000,14000,17000,27000,34000,34000,3960,0,1600,2899.224751084932,35.67240003030747,33659.77030002978,509.6820707070707
1785350321,40,,Aggregated,12.300000,0.000000,1600,2900,4100,5000,7600,10000,14000,17000,27000,34000,34000,3971,0,1600,2895.694890379316,35.67240003030747,33659.77030002978,509.3195668597331
1785350322,40,,Aggregated,11.900000,0.000000,1600,2900,4100,5100,7600,10000,14000,17000,27000,34000,34000,3980,0,1600,2899.1186656774776,35.67240003030747,33659.77030002978,509.50125628140705
1785350323,40,,Aggregated,12.000000,0.000000,1600,2900,4100,5100,7700,10000,14000,17000,27000,34000,34000,3989,0,1600,2902.9063039850553,35.67240003030747,33659.77030002978,509.5547756329907
1785350324,40,,Aggregated,11.500000,0.000000,1600,2900,4100,5100,7600,10000,14000,17000,26000,34000,34000,4001,0,1600,2902.775523568164,35.67240003030747,33659.77030002978,509.68532866783306
1785350325,40,,Aggregated,11.500000,0.000000,1600,2900,4100,5100,7600,10000,14000,17000,26000,34000,34000,4014,0,1600,2902.2748616084536,35.67240003030747,33659.77030002978,509.15595416043845
1785350326,40,,Aggregated,11.000000,0.000000,1600,2900,4100,5100,7700,10000,14000,17000,26000,34000,34000,4025,0,1600,2902.8607534648995,35.67240003030747,33659.77030002978,508.63652173913044
1785350327,40,,Aggregated,11.100000,0.000000,1600,2900,4100,5100,7700,10000,14000,17000,26000,34000,34000,4037,0,1600,2902.4298259589204,35.67240003030747,33659.77030002978,508.40227891999007
1785350328,40,,Aggregated,11.200000,0.000000,1600,2900,4100,5100,7700,10000,14000,17000,26000,34000,34000,4050,0,1600,2900.265419603998,35.67240003030747,33659.77030002978,508.25111111111113
1785350329,40,,Aggregated,11.000000,0.000000,1600,2900,4100,5100,7700,10000,14000,17000,26000,34000,34000,4059,0,1600,2900.29144589706,35.67240003030747,33659.77030002978,508.4732692781473
1785350330,40,,Aggregated,11.000000,0.000000,1600,2900,4100,5000,7600,10000,14000,17000,26000,34000,34000,4071,0,1600,2899.104407982312,35.67240003030747,33659.77030002978,508.24048145418817
1785350331,40,,Aggregated,10.700000,0.000000,1600,2900,4100,5100,7700,10000,14000,17000,26000,34000,34000,4084,0,1600,2904.861184499461,35.67240003030747,33659.77030002978,508.2906464250735
1785350332,40,,Aggregated,10.900000,0.000000,1600,2900,4100,5100,7700,10000,14000,17000,26000,34000,34000,4095,0,1600,2901.2586909634833,35.67240003030747,33659.77030002978,508.02637362637364
1785350333,40,,Aggregated,11.100000,0.000000,1600,2900,4100,5100,7700,10000,14000,17000,26000,34000,34000,4108,0,1600,2905.989927481814,35.67240003030747,33659.77030002978,508.07765335929895
1785350334,40,,Aggregated,11.300000,0.000000,1600,2900,4100,5100,7700,10000,14000,17000,26000,34000,34000,4120,0,1600,2910.288674974542,35.67240003030747,33659.77030002978,507.8912621359223
1785350335,40,,Aggregated,11.400000,0.000000,1600,2900,4100,5100,7700,10000,14000,17000,26000,34000,34000,4131,0,1600,2908.8227078420045,35.67240003030747,33659.77030002978,507.95013313967564
1785350336,40,,Aggregated,11.700000,0.000000,1600,2900,4100,5100,7700,10000,14000,17000,26000,34000,34000,4143,0,1600,2906.279271203262,35.67240003030747,33659.77030002978,508.08592807144584
1785350337,40,,Aggregated,11.800000,0.000000,1600,2900,4100,5100,7700,10000,14000,17000,26000,34000,34000,4155,0,1600,2905.028218458513,35.67240003030747,33659.77030002978,508.01516245487363
1785350338,40,,Aggregated,11.800000,0.000000,1600,2900,4100,5100,7700,10000,14000,17000,26000,34000,34000,4166,0,1600,2905.2474133930095,35.67240003030747,33659.77030002978,508.03216514642344
1785350339,40,,Aggregated,12.000000,0.000000,1600,2900,4100,5100,7700,10000,14000,17000,26000,34000,34000,4175,0,1600,2904.128272645593,35.67240003030747,33659.77030002978,508.04814371257487
1785350340,40,,Aggregated,11.700000,0.000000,1600,2900,4100,5100,7700,10000,14000,17000,26000,34000,34000,4186,0,1600,2904.77170599507,35.67240003030747,33659.77030002978,507.59388437649307
1785350341,40,,Aggregated,11.700000,0.000000,1600,2900,4100,5100,7700,10000,14000,17000,26000,34000,34000,4204,0,1600,2901.4709228105594,35.67240003030747,33659.77030002978,507.39628924833494
1785350342,40,,Aggregated,11.500000,0.000000,1600,2900,4100,5100,7700,10000,14000,17000,26000,34000,34000,4222,0,1600,2903.1112655365955,35.67240003030747,33659.77030002978,506.8036475603979
1785350343,40,,Aggregated,11.200000,0.000000,1600,2900,4100,5100,7700,10000,14000,17000,26000,34000,34000,4232,0,1600,2900.1537939025343,35.67240003030747,33659.77030002978,506.5890831758034
1785350344,40,,Aggregated,12.200000,0.000000,1600,2900,4100,5100,7700,10000,14000,17000,26000,34000,34000,4248,0,1600,2907.429195714597,35.67240003030747,33659.77030002978,505.8573446327684
1785350345,40,,Aggregated,12.700000,0.000000,1600,2900,4100,5100,7700,10000,14000,17000,26000,34000,34000,4261,0,1600,2904.0278927001755,35.67240003030747,33659.77030002978,505.9061253226942
1785350346,40,,Aggregated,12.300000,0.000000,1600,2900,4100,5100,7700,10000,14000,17000,26000,34000,34000,4274,0,1600,2903.4391058014594,35.67240003030747,33659.77030002978,505.6094992980814
1785350347,40,,Aggregated,12.900000,0.000000,1600,2900,4100,5100,7700,10000,14000,17000,26000,34000,34000,4283,0,1600,2905.9219411382664,35.67240003030747,33659.77030002978,505.8176511790801
1785350348,40,,Aggregated,12.800000,0.000000,1600,2900,4100,5100,7700,10000,14000,17000,26000,34000,34000,4293,0,1600,2903.08404160149,35.67240003030747,33659.77030002978,505.9496855345912
1785350349,40,,Aggregated,12.900000,0.000000,1600,2900,4100,5100,7700,10000,14000,17000,26000,34000,34000,4305,0,1600,2900.6354253880254,35.67240003030747,33659.77030002978,505.9212543554007
1785350350,40,,Aggregated,12.700000,0.000000,1600,2900,4100,5100,7700,10000,14000,17000,26000,34000,34000,4319,0,1600,2896.180287148745,35.67240003030747,33659.77030002978,505.5880990970132
1785350351,40,,Aggregated,12.600000,0.000000,1600,2900,4100,5100,7700,10000,14000,17000,26000,34000,34000,4329,0,1600,2899.6842648638144,35.67240003030747,33659.77030002978,505.5726495726496
1785350353,40,,Aggregated,12.900000,0.000000,1600,2900,4100,5100,7700,10000,14000,17000,26000,34000,34000,4346,0,1600,2899.5226699253185,35.67240003030747,33659.77030002978,505.4666359871146
1785350354,40,,Aggregated,13.200000,0.000000,1600,2900,4100,5100,7700,10000,14000,17000,26000,34000,34000,4358,0,1600,2897.3571256299097,35.67240003030747,33659.77030002978,505.59660394676456
1785350355,40,,Aggregated,12.100000,0.000000,1600,2900,4100,5100,7700,10000,14000,17000,26000,34000,34000,4372,0,1600,2895.6558818608073,35.67240003030747,33659.77030002978,505.23193046660566
1785350356,40,,Aggregated,12.600000,0.000000,1600,2900,4100,5100,7700,10000,14000,17000,26000,34000,34000,4386,0,1600,2895.390691312288,35.67240003030747,33659.77030002978,505.20998632010946
1785350357,40,,Aggregated,12.600000,0.000000,1600,2900,4100,5100,7700,10000,14000,17000,26000,34000,34000,4396,0,1600,2893.0057622602194,35.67240003030747,33659.77030002978,505.1929026387625
1785350358,40,,Aggregated,12.200000,0.000000,1600,2900,4100,5100,7700,10000,14000,17000,26000,34000,34000,4411,0,1600,2894.916647675323,35.67240003030747,33659.77030002978,504.9406030378599
1785350359,40,,Aggregated,12.100000,0.000000,1500,2900,4100,5100,7700,10000,14000,17000,26000,34000,34000,4425,0,1500,2892.1355241798587,35.67240003030747,33659.77030002978,504.76813559322034
1785350360,40,,Aggregated,12.100000,0.000000,1500,2900,4100,5100,7700,10000,14000,17000,26000,34000,34000,4436,0,1500,2890.802636338077,35.67240003030747,33659.77030002978,504.49143372407576
1785350361,40,,Aggregated,13.000000,0.000000,1500,2900,4100,5100,7700,10000,14000,17000,26000,34000,34000,4448,0,1500,2886.06714442355,35.67240003030747,33659.77030002978,504.47526978417267
1785350362,40,,Aggregated,13.000000,0.000000,1500,2900,4100,5100,7700,10000,14000,17000,26000,34000,34000,4462,0,1500,2889.6731261532805,35.67240003030747,33659.77030002978,504.12124607799194
1785350363,40,,Aggregated,12.800000,0.000000,1500,2900,4100,5100,7700,10000,14000,17000,26000,34000,34000,4472,0,1500,2889.0428592790677,35.67240003030747,33659.77030002978,504.0668604651163
1785350364,40,,Aggregated,12.800000,0.000000,1500,2900,4100,5100,7700,10000,14000,17000,26000,34000,34000,4480,0,1500,2890.978431226799,35.67240003030747,33659.77030002978,504.02142857142854
1785350365,40,,Aggregated,12.400000,0.000000,1500,2900,4100,5100,7700,10000,14000,17000,26000,34000,34000,4498,0,1500,2890.210324454415,35.67240003030747,33659.77030002978,503.6371720764784
1785350366,40,,Aggregated,12.200000,0.000000,1500,2900,4100,5100,7700,10000,14000,17000,26000,34000,34000,4510,0,1500,2889.2940135024273,35.67240003030747,33659.77030002978,503.2560975609756
1785350367,40,,Aggregated,12.200000,0.000000,1500,2900,4100,5100,7700,10000,14000,17000,26000,34000,34000,4521,0,1500,2889.943312850227,35.67240003030747,33659.77030002978,502.95509842955096
1785350368,40,,Aggregated,12.500000,0.000000,1500,2900,4100,5100,7700,10000,14000,17000,26000,34000,34000,4535,0,1500,2892.521362534909,35.67240003030747,33659.77030002978,502.7587651598677
1785350369,40,,Aggregated,12.500000,0.000000,1500,2900,4100,5100,7700,10000,14000,17000,26000,34000,34000,4547,0,1500,2891.8935694734423,35.67240003030747,33659.77030002978,502.5702661095228
1785350370,40,,Aggregated,12.400000,0.000000,1500,2900,4100,5100,7700,10000,14000,17000,26000,34000,34000,4559,0,1500,2890.184214936541,35.67240003030747,33659.77030002978,502.70475981574907
1785350371,40,,Aggregated,12.100000,0.000000,1500,2900,4100,5100,7700,10000,14000,17000,26000,34000,34000,4572,0,1500,2891.293570865173,35.67240003030747,33659.77030002978,502.58858267716533
1785350372,40,,Aggregated,12.200000,0.000000,1500,2900,4100,5100,7700,10000,14000,17000,26000,34000,34000,4584,0,1500,2892.576463240762,35.67240003030747,33659.77030002978,502.29602966841185
1785350373,40,,Aggregated,12.300000,0.000000,1500,2900,4100,5100,7700,10000,14000,17000,27000,34000,34000,4599,0,1500,2897.505307196223,35.67240003030747,33849.770799977705,502.2170036964558
1785350374,40,,Aggregated,11.900000,0.000000,1500,2900,4100,5100,7700,10000,14000,17000,27000,34000,34000,4612,0,1500,2894.5471807664944,35.67240003030747,33849.770799977705,501.8480052038161
1785350375,40,,Aggregated,12.600000,0.000000,1500,2900,4100,5100,7700,10000,14000,17000,27000,34000,34000,4624,0,1500,2892.5722658942937,35.67240003030747,33849.770799977705,501.8423442906574
1785350376,40,,Aggregated,12.800000,0.000000,1500,2900,4100,5100,7700,10000,14000,17000,27000,34000,34000,4636,0,1500,2893.2978846193,35.67240003030747,33849.770799977705,501.8377911993098
1785350377,40,,Aggregated,12.500000,0.000000,1500,2900,4100,5100,7700,10000,14000,17000,27000,34000,34000,4649,0,1500,2894.8234742084674,35.67240003030747,33849.770799977705,502.0447408044741
1785350378,40,,Aggregated,12.400000,0.000000,1500,2900,4100,5100,7700,10000,14000,17000,27000,34000,34000,4659,0,1500,2892.868733740174,35.67240003030747,33849.770799977705,502.039064176862
1785350379,40,,Aggregated,12.500000,0.000000,1500,2900,4100,5100,7700,10000,14000,17000,27000,34000,34000,4669,0,1500,2895.214811414654,35.67240003030747,33849.770799977705,502.3103448275862
1785350380,40,,Aggregated,12.300000,0.000000,1500,2900,4100,5100,7700,10000,14000,17000,27000,34000,34000,4680,0,1500,2893.3277506399913,35.67240003030747,33849.770799977705,502.2344017094017
1785350381,40,,Aggregated,12.100000,0.000000,1500,2900,4100,5100,7700,10000,14000,17000,27000,34000,34000,4692,0,1500,2891.104309952032,35.67240003030747,33849.770799977705,501.55434782608694
1785350382,40,,Aggregated,12.100000,0.000000,1500,2900,4100,5100,7700,10000,14000,17000,27000,34000,34000,4706,0,1500,2888.9254027613383,35.67240003030747,33849.770799977705,501.23098172545684
1785350383,40,,Aggregated,12.000000,0.000000,1500,2900,4100,5100,7700,10000,14000,17000,27000,34000,34000,4721,0,1500,2888.849189979863,35.67240003030747,33849.770799977705,501.01694556238084
1785350384,40,,Aggregated,12.400000,0.000000,1500,2900,4100,5100,7700,10000,14000,17000,27000,34000,34000,4739,0,1500,2891.598792887666,35.67240003030747,33849.770799977705,500.8373074488289
1785350385,40,,Aggregated,12.200000,0.000000,1500,2900,4100,5100,7700,10000,14000,17000,27000,34000,34000,4752,0,1500,2887.393836173101,35.67240003030747,33849.770799977705,500.4505471380471
1785350386,40,,Aggregated,12.600000,0.000000,1500,2900,4100,5100,7700,10000,14000,17000,27000,34000,34000,4765,0,1500,2884.588491184569,35.67240003030747,33849.770799977705,500.3806925498426
1785350387,40,,Aggregated,12.600000,0.000000,1500,2900,4100,5100,7700,10000,14000,17000,27000,34000,34000,4781,0,1500,2883.165118007666,35.67240003030747,33849.770799977705,499.9305584605731
1785350388,40,,Aggregated,12.900000,0.000000,1500,2900,4100,5100,7700,10000,14000,17000,27000,34000,34000,4793,0,1500,2882.3852381169727,35.67240003030747,33849.770799977705,499.76006676403085
1785350389,40,,Aggregated,13.000000,0.000000,1500,2900,4100,5000,7700,10000,14000,17000,27000,34000,34000,4808,0,1500,2877.5923610637997,35.67240003030747,33849.770799977705,499.8254991680532
1785350390,40,,Aggregated,13.200000,0.000000,1500,2900,4100,5000,7700,10000,14000,17000,27000,34000,34000,4824,0,1500,2879.197472946649,35.67240003030747,33849.770799977705,499.24564676616916
1785350391,40,,Aggregated,13.800000,0.000000,1500,2900,4100,5000,7700,10000,14000,17000,27000,34000,34000,4836,0,1500,2878.0838479724575,35.67240003030747,33849.770799977705,499.24710504549216
1785350392,40,,Aggregated,14.200000,0.000000,1500,2900,4100,5000,7700,10000,14000,17000,27000,34000,34000,4846,0,1500,2880.3029657026145,35.67240003030747,33849.770799977705,499.38444077589764
1785350393,40,,Aggregated,14.300000,0.000000,1500,2900,4100,5000,7700,10000,14000,17000,27000,34000,34000,4856,0,1500,2879.150901955349,35.67240003030747,33849.770799977705,499.11635090609553
1785350394,40,,Aggregated,13.700000,0.000000,1500,2900,4100,5000,7700,10000,14000,17000,27000,34000,34000,4866,0,1500,2878.4180550750925,35.67240003030747,33849.770799977705,499.1154952733251
1785350395,40,,Aggregated,13.500000,0.000000,1500,2900,4100,5100,7700,10000,14000,17000,27000,34000,34000,4878,0,1500,2880.7909453659568,35.67240003030747,33849.770799977705,499.2521525215252
1785350396,40,,Aggregated,13.000000,0.000000,1500,2900,4100,5100,7700,10000,14000,17000,27000,34000,34000,4889,0,1500,2882.311036632284,35.67240003030747,33849.770799977705,499.1857230517488
1785350397,40,,Aggregated,12.600000,0.000000,1500,2900,4100,5100,7700,10000,14000,17000,27000,34000,34000,4902,0,1500,2882.0864090361856,35.67240003030747,33849.770799977705,498.81742146062834
1785350398,40,,Aggregated,12.400000,0.000000,1500,2900,4100,5100,7700,10000,14000,17000,27000,34000,34000,4916,0,1500,2882.573451789173,35.67240003030747,33849.770799977705,498.78478437754274
1785350399,40,,Aggregated,12.000000,0.000000,1500,2900,4100,5100,7700,10000,14000,17000,27000,34000,34000,4929,0,1500,2882.2789976051986,35.67240003030747,33849.770799977705,498.41834043416515
1785350400,40,,Aggregated,12.000000,0.000000,1500,2900,4100,5100,7700,10000,14000,17000,27000,34000,34000,4937,0,1500,2882.305706602411,35.67240003030747,33849.770799977705,498.3876848288434
1785350401,40,,Aggregated,11.900000,0.000000,1500,2900,4100,5100,7700,10000,14000,17000,27000,34000,34000,4946,0,1500,2888.291810067974,35.67240003030747,33849.770799977705,498.71694298422966
1785350402,40,,Aggregated,11.200000,0.000000,1500,2900,4100,5100,7700,10000,14000,17000,27000,34000,34000,4952,0,1500,2886.754849029904,35.67240003030747,33849.770799977705,498.68174474959613
1785350403,40,,Aggregated,10.900000,0.000000,1500,2900,4100,5100,7700,10000,14000,17000,27000,34000,34000,4961,0,1500,2890.721279600055,35.67240003030747,33849.770799977705,498.70953436807093
1785350404,40,,Aggregated,10.700000,0.000000,1500,2900,4100,5100,7800,10000,14000,17000,27000,34000,34000,4976,0,1500,2894.1066285160446,35.67240003030747,33849.770799977705,498.50341639871385
1785350405,40,,Aggregated,10.400000,0.000000,1500,2900,4100,5100,7800,10000,14000,17000,27000,34000,34000,4990,0,1500,2896.1919124040096,35.67240003030747,33849.770799977705,498.2018036072144
1785350406,40,,Aggregated,10.600000,0.000000,1500,2900,4100,5100,7800,10000,14000,17000,26000,34000,34000,5002,0,1500,2896.4325645333597,35.67240003030747,33849.770799977705,498.4590163934426
1785350407,40,,Aggregated,10.900000,0.000000,1500,2900,4100,5100,7800,10000,14000,17000,26000,34000,34000,5013,0,1500,2895.6071234980636,35.67240003030747,33849.770799977705,498.0600438858967
1785350408,40,,Aggregated,11.100000,0.000000,1500,2900,4100,5100,7800,10000,14000,17000,26000,34000,34000,5026,0,1500,2892.7176366286803,35.67240003030747,33849.770799977705,497.5682451253482
1785350409,40,,Aggregated,11.200000,0.000000,1500,2900,4100,5100,7800,10000,14000,17000,26000,34000,34000,5036,0,1500,2893.958073509927,35.67240003030747,33849.770799977705,497.6965845909452
1785350410,40,,Aggregated,10.900000,0.000000,1500,2900,4100,5100,7800,10000,14000,17000,26000,34000,34000,5048,0,1500,2891.854841679101,35.67240003030747,33849.770799977705,497.696117274168
1785350411,40,,Aggregated,10.900000,0.000000,1500,2900,4100,5100,7800,10000,14000,17000,26000,34000,34000,5061,0,1500,2891.9583964425615,35.67240003030747,33849.770799977705,497.17427385892114
1785350412,40,,Aggregated,10.900000,0.000000,1500,2900,4100,5100,7800,10000,14000,17000,26000,34000,34000,5073,0,1500,2891.58540319257,35.67240003030747,33849.770799977705,497.1787896708062
1785350413,40,,Aggregated,11.400000,0.000000,1500,2900,4100,5100,7800,10000,14000,17000,26000,34000,34000,5088,0,1500,2889.7473192012044,35.67240003030747,33849.770799977705,496.8256682389937
1785350414,40,,Aggregated,11.700000,0.000000,1500,2900,4100,5100,7800,10000,14000,17000,26000,34000,34000,5103,0,1500,2890.603557533959,35.67240003030747,33849.770799977705,496.63374485596705
1785350415,40,,Aggregated,12.100000,0.000000,1500,2900,4100,5100,7800,10000,14000,17000,26000,34000,34000,5120,0,1500,2892.4902209757615,35.67240003030747,33849.770799977705,495.964453125
1785350416,40,,Aggregated,12.400000,0.000000,1500,2900,4100,5100,7800,10000,14000,17000,26000,34000,34000,5136,0,1500,2889.001135727405,35.67240003030747,33849.770799977705,495.8411214953271
1785350417,40,,Aggregated,12.700000,0.000000,1500,2900,4100,5100,7800,10000,14000,17000,26000,34000,34000,5146,0,1500,2888.4499105316254,35.67240003030747,33849.770799977705,495.43354061406916
1785350418,40,,Aggregated,13.000000,0.000000,1500,2900,4100,5100,7800,10000,14000,17000,26000,34000,34000,5158,0,1500,2890.6675383861198,35.67240003030747,33849.770799977705,495.15529274912757
1785350419,40,,Aggregated,13.400000,0.000000,1500,2900,4100,5100,7800,10000,14000,17000,26000,34000,34000,5168,0,1500,2887.0112995153972,35.67240003030747,33849.770799977705,494.74284055727554
1785350420,40,,Aggregated,13.300000,0.000000,1500,2900,4100,5100,7800,10000,14000,17000,26000,34000,34000,5180,0,1500,2884.7096832423676,35.67240003030747,33849.770799977705,494.43532818532816
1785350421,40,,Aggregated,13.000000,0.000000,1500,2900,4100,5100,7800,10000,14000,17000,26000,34000,34000,5192,0,1500,2884.7012869791124,35.67240003030747,33849.770799977705,494.540061633282
1785350422,40,,Aggregated,12.900000,0.000000,1500,2900,4100,5100,7800,10000,14000,17000,26000,34000,34000,5199,0,1500,2888.038317887196,35.67240003030747,33849.770799977705,494.5754952875553
1785350423,40,,Aggregated,12.700000,0.000000,1500,2900,4100,5100,7800,10000,14000,17000,26000,34000,34000,5212,0,1500,2888.2093519178184,35.67240003030747,33849.770799977705,494.5260936300844
1785350424,40,,Aggregated,13.000000,0.000000,1500,2900,4100,5100,7800,10000,14000,17000,26000,34000,34000,5222,0,1500,2889.1862090761497,35.67240003030747,33849.770799977705,494.25028724626577
1785350425,40,,Aggregated,12.700000,0.000000,1500,2900,4100,5100,7800,10000,14000,17000,26000,34000,34000,5235,0,1500,2888.42261612147,35.67240003030747,33849.770799977705,494.4492836676218
1785350426,40,,Aggregated,12.100000,0.000000,1500,2900,4100,5100,7800,10000,14000,17000,26000,34000,34000,5246,0,1500,2888.4792389240997,35.67240003030747,33849.770799977705,494.49085017155926
1785350427,40,,Aggregated,11.700000,0.000000,1500,2900,4100,5100,7800,10000,14000,17000,26000,34000,34000,5260,0,1500,2889.3424816151846,35.67240003030747,33849.770799977705,494.4722433460076
1785350428,40,,Aggregated,11.300000,0.000000,1500,2900,4100,5100,7800,10000,14000,17000,26000,34000,34000,5273,0,1500,2886.867112591639,35.67240003030747,33849.770799977705,494.42139199696567
1785350429,40,,Aggregated,11.000000,0.000000,1500,2900,4100,5100,7800,10000,14000,17000,26000,34000,34000,5284,0,1500,2887.7447622247505,35.67240003030747,33849.770799977705,494.49621498864497
1785350430,40,,Aggregated,11.300000,0.000000,1500,2900,4100,5100,7800,10000,14000,17000,26000,34000,34000,5298,0,1500,2887.368019723598,35.67240003030747,33849.770799977705,494.6362778406946
1785350431,40,,Aggregated,11.500000,0.000000,1500,2900,4100,5100,7800,10000,14000,17000,26000,34000,34000,5310,0,1500,2887.7249051215595,35.67240003030747,33849.770799977705,494.5224105461394
1785350432,40,,Aggregated,11.700000,0.000000,1500,2900,4100,5100,7800,10000,14000,17000,26000,34000,34000,5324,0,1500,2886.938732812822,35.67240003030747,33849.770799977705,494.53737791134483
1785350433,40,,Aggregated,11.800000,0.000000,1500,2900,4100,5100,7800,10000,14000,17000,26000,34000,34000,5336,0,1500,2885.1900112435483,35.67240003030747,33849.770799977705,494.6696026986507
1785350434,40,,Aggregated,11.700000,0.000000,1500,2900,4100,5100,7800,10000,14000,17000,26000,34000,34000,5346,0,1500,2885.5449130182305,35.67240003030747,33849.770799977705,494.6490834268612
1785350435,40,,Aggregated,12.100000,0.000000,1500,2900,4100,5100,7800,10000,14000,17000,26000,34000,34000,5356,0,1500,2882.614436033487,35.67240003030747,33849.770799977705,494.7809932785661
1785350436,40,,Aggregated,12.300000,0.000000,1500,2900,4100,5100,7800,10000,14000,17000,27000,34000,34000,5372,0,1500,2887.5858512463374,35.67240003030747,33849.770799977705,494.5526805658972
1785350437,40,,Aggregated,12.300000,0.000000,1500,2900,4100,5100,7800,10000,14000,17000,27000,34000,34000,5382,0,1500,2888.8084192484744,35.67240003030747,33849.770799977705,494.56205871423265
1785350438,40,,Aggregated,12.000000,0.000000,1500,2900,4100,5100,7800,10000,14000,17000,27000,34000,34000,5394,0,1500,2890.9068890054486,35.67240003030747,33849.770799977705,494.5750834260289
1785350439,40,,Aggregated,12.100000,0.000000,1500,2900,4100,5200,7800,10000,14000,17000,27000,34000,34000,5403,0,1500,2892.108094465146,35.67240003030747,33849.770799977705,494.6122524523413
1785350440,40,,Aggregated,11.900000,0.000000,1500,2900,4100,5200,7800,10000,14000,17000,27000,34000,34000,5412,0,1500,2894.393531687942,35.67240003030747,33849.770799977705,494.80432372505544
1785350441,40,,Aggregated,11.900000,0.000000,1500,2900,4100,5200,7800,10000,14000,17000,27000,34000,34000,5420,0,1500,2895.111759076588,35.67240003030747,33849.770799977705,494.90036900369006
1785350442,40,,Aggregated,11.700000,0.000000,1500,2900,4100,5200,7900,10000,14000,17000,27000,34000,34000,5430,0,1500,2896.116499759664,35.67240003030747,33849.770799977705,495.0290976058932
1785350443,40,,Aggregated,11.300000,0.000000,1500,2900,4100,5100,7800,10000,14000,17000,27000,34000,34000,5442,0,1500,2893.5178079924626,35.67240003030747,33849.770799977705,494.61558250643145
1785350444,40,,Aggregated,10.900000,0.000000,1500,2900,4100,5100,7800,10000,14000,17000,27000,34000,34000,5451,0,1500,2890.8813528150727,35.67240003030747,33849.770799977705,494.4085488901119
1785350445,40,,Aggregated,10.600000,0.000000,1500,2900,4100,5100,7800,10000,14000,17000,27000,34000,34000,5466,0,1500,2891.370680094145,35.67240003030747,33849.770799977705,493.97274057811927
1785350446,40,,Aggregated,10.700000,0.000000,1500,2900,4100,5200,7900,10000,14000,17000,27000,34000,34000,5479,0,1500,2891.6398406633944,35.67240003030747,33849.770799977705,493.9271764920606
1785350447,40,,Aggregated,10.500000,0.000000,1500,2900,4100,5200,7900,10000,14000,17000,27000,34000,34000,5490,0,1500,2890.7798577221743,35.67240003030747,33849.770799977705,493.8167577413479
1785350448,40,,Aggregated,10.800000,0.000000,1500,2900,4100,5200,7900,10000,14000,17000,27000,34000,34000,5505,0,1500,2891.815386411393,35.67240003030747,33849.770799977705,493.6534059945504
1785350449,40,,Aggregated,10.800000,0.000000,1500,2900,4100,5100,7800,10000,14000,17000,27000,34000,34000,5518,0,1500,2887.3939064325473,35.67240003030747,33849.770799977705,493.60674157303373
1785350450,40,,Aggregated,10.900000,0.000000,1500,2900,4100,5100,7800,10000,14000,17000,27000,34000,34000,5533,0,1500,2887.690013011905,35.67240003030747,33849.770799977705,493.44207482378454
1785350451,40,,Aggregated,11.100000,0.000000,1500,2900,4100,5100,7900,10000,14000,17000,27000,34000,34000,5547,0,1500,2891.364889452821,35.67240003030747,33849.770799977705,493.4243735352443
1785350452,40,,Aggregated,11.600000,0.000000,1500,2900,4100,5100,7900,10000,14000,17000,27000,34000,34000,5556,0,1500,2891.247714883884,35.67240003030747,33849.770799977705,493.46238300935926
1785350453,40,,Aggregated,12.100000,0.000000,1500,2900,4100,5100,7900,11000,14000,17000,27000,34000,34000,5566,0,1500,2894.25664575912,35.67240003030747,33849.770799977705,493.44466403162056
1785350454,40,,Aggregated,12.600000,0.000000,1500,2900,4100,5100,7900,11000,14000,17000,27000,34000,34000,5577,0,1500,2898.19456168107,35.67240003030747,33849.770799977705,493.36542944235254
1785350455,40,,Aggregated,12.500000,0.000000,1500,2900,4100,5200,7900,11000,14000,17000,27000,34000,34000,5585,0,1500,2900.940060715384,35.67240003030747,33849.770799977705,493.6100268576544
1785350456,40,,Aggregated,12.200000,0.000000,1500,2900,4100,5200,7900,11000,14000,17000,27000,34000,34000,5594,0,1500,2905.837978780017,35.67240003030747,33849.770799977705,493.7665355738291
1785350457,40,,Aggregated,12.300000,0.000000,1500,2900,4100,5200,7900,11000,14000,17000,27000,34000,34000,5604,0,1500,2906.551376676554,35.67240003030747,33849.770799977705,493.8929336188437
1785350458,40,,Aggregated,11.700000,0.000000,1500,2900,4100,5200,7900,11000,14000,17000,27000,34000,34000,5615,0,1500,2905.8318892245047,35.67240003030747,33849.770799977705,493.96170970614423
1785350459,40,,Aggregated,11.400000,0.000000,1500,2900,4100,5200,7900,11000,14000,17000,27000,34000,34000,5624,0,1500,2906.1651292311167,35.67240003030747,33849.770799977705,494.1449146514936
1785350460,40,,Aggregated,11.200000,0.000000,1500,2900,4100,5200,7900,11000,14000,17000,27000,34000,34000,5635,0,1500,2906.0044052166304,35.67240003030747,33849.770799977705,494.0642413487134
1785350461,40,,Aggregated,10.900000,0.000000,1500,2900,4100,5200,7900,11000,14000,17000,27000,34000,34000,5648,0,1500,2906.2644809659646,35.67240003030747,33849.770799977705,493.75389518413596
1785350462,40,,Aggregated,10.500000,0.000000,1500,2900,4200,5200,7900,10000,14000,17000,27000,34000,34000,5662,0,1500,2906.932211973796,35.67240003030747,33849.770799977705,493.6167432002826
1785350463,40,,Aggregated,10.000000,0.000000,1500,2900,4200,5200,7900,11000,14000,17000,27000,34000,34000,5667,0,1500,2909.1476623779076,35.67240003030747,33849.770799977705,493.7928357155461
1785350464,40,,Aggregated,10.200000,0.000000,1500,2900,4200,5200,7900,11000,14000,17000,27000,34000,34000,5678,0,1500,2909.872869847788,35.67240003030747,33849.770799977705,493.7115181401902
1785350465,40,,Aggregated,10.500000,0.000000,1500,2900,4200,5200,7900,11000,14000,17000,27000,34000,34000,5691,0,1500,2908.339192742164,35.67240003030747,33849.770799977705,493.54401686874013
1785350466,40,,Aggregated,10.000000,0.000000,1500,2900,4200,5200,7900,11000,14000,17000,27000,34000,34000,5706,0,1500,2910.344605291911,35.67240003030747,33849.770799977705,493.7241500175254
1785350467,40,,Aggregated,10.000000,0.000000,1500,2900,4200,5200,7900,11000,14000,17000,27000,34000,34000,5718,0,1500,2910.843172489629,35.67240003030747,33849.770799977705,493.44228751311647
1785350469,40,,Aggregated,10.600000,0.000000,1500,2900,4200,5200,7900,11000,14000,17000,27000,34000,34000,5730,0,1500,2908.8625464390725,35.67240003030747,33849.770799977705,493.33647469458987
1785350470,40,,Aggregated,11.100000,0.000000,1500,2900,4200,5200,7900,11000,14000,17000,27000,34000,34000,5742,0,1500,2911.952564088451,35.67240003030747,33849.770799977705,493.0574712643678
1785350471,40,,Aggregated,11.300000,0.000000,1500,2900,4200,5200,7900,11000,14000,17000,27000,34000,34000,5757,0,1500,2909.6411803189444,35.67240003030747,33849.770799977705,492.7529963522668
1785350472,40,,Aggregated,11.400000,0.000000,1500,2900,4200,5200,7900,11000,14000,17000,27000,34000,34000,5771,0,1500,2905.9665050764097,35.67240003030747,33849.770799977705,492.77005718246403
1785350473,40,,Aggregated,11.600000,0.000000,1500,2900,4200,5200,7900,11000,14000,17000,27000,34000,34000,5785,0,1500,2905.28859412197,35.67240003030747,33849.770799977705,492.5303370786517
1785350474,40,,Aggregated,12.200000,0.000000,1500,2900,4200,5200,7900,11000,14000,17000,27000,34000,34000,5794,0,1500,2904.7738380385695,35.67240003030747,33849.770799977705,492.565757680359
1785350475,40,,Aggregated,12.100000,0.000000,1500,2900,4200,5200,7900,11000,14000,17000,27000,34000,34000,5807,0,1500,2901.828520457303,35.67240003030747,33849.770799977705,492.37833649044256
1785350476,40,,Aggregated,12.300000,0.000000,1500,2900,4200,5200,7900,11000,14000,17000,27000,34000,34000,5820,0,1500,2900.9546282638375,35.67240003030747,33849.770799977705,492.3384879725086
1785350477,40,,Aggregated,12.700000,0.000000,1500,2900,4200,5200,7900,11000,14000,17000,27000,34000,34000,5834,0,1500,2900.795096485354,35.67240003030747,33849.770799977705,492.2422008913267
1785350478,40,,Aggregated,12.900000,0.000000,1500,2900,4200,5200,7900,11000,15000,17000,27000,34000,34000,5847,0,1500,2900.4148788431116,35.67240003030747,33849.770799977705,491.94561313494097
1785350479,40,,Aggregated,12.900000,0.000000,1500,2900,4200,5200,7900,11000,14000,17000,27000,34000,34000,5856,0,1500,2900.09823305934,35.67240003030747,33849.770799977705,491.90198087431696
1785350480,40,,Aggregated,12.800000,0.000000,1500,2900,4200,5200,7900,11000,14000,17000,27000,34000,34000,5869,0,1500,2898.947874015264,35.67240003030747,33849.770799977705,491.97393082296816
1785350481,40,,Aggregated,12.800000,0.000000,1500,2900,4200,5200,7900,11000,14000,17000,27000,34000,34000,5880,0,1500,2900.5008807135555,35.67240003030747,33849.770799977705,492.1537414965986
1785350482,40,,Aggregated,12.600000,0.000000,1500,2900,4200,5200,7900,11000,15000,17000,27000,34000,34000,5891,0,1500,2904.234012917293,35.67240003030747,33849.770799977705,492.2205058563911
1785350483,40,,Aggregated,12.300000,0.000000,1500,2900,4200,5200,7900,11000,15000,17000,27000,34000,34000,5904,0,1500,2903.688339819741,35.67240003030747,33849.770799977705,492.0425135501355
1785350484,40,,Aggregated,12.300000,0.000000,1500,2900,4200,5200,7900,11000,15000,17000,27000,34000,34000,5916,0,1500,2905.8133223623313,35.67240003030747,33849.770799977705,492.1661595672752
1785350485,40,,Aggregated,12.000000,0.000000,1500,2900,4200,5200,7900,11000,15000,17000,27000,34000,34000,5926,0,1500,2907.0511706371362,35.67240003030747,33849.770799977705,492.2885588930138
1785350486,40,,Aggregated,12.200000,0.000000,1500,2900,4200,5200,7900,11000,15000,17000,27000,34000,34000,5937,0,1500,2906.3103747339887,35.67240003030747,33849.770799977705,491.9653023412498
1785350487,40,,Aggregated,11.900000,0.000000,1500,2900,4200,5200,7900,11000,15000,17000,27000,34000,34000,5948,0,1500,2905.9218997975363,35.67240003030747,33849.770799977705,492.03496973772695
1785350488,40,,Aggregated,11.900000,0.000000,1500,2900,4200,5200,7900,11000,15000,17000,27000,34000,34000,5960,0,1500,2905.635308103292,35.67240003030747,33849.770799977705,491.6625838926175
1785350489,40,,Aggregated,11.300000,0.000000,1500,2900,4200,5200,7900,11000,15000,17000,27000,34000,34000,5974,0,1500,2905.2756396377517,35.67240003030747,33849.770799977705,491.5401740877134
1785350490,40,,Aggregated,11.400000,0.000000,1500,2900,4200,5200,7900,11000,15000,17000,27000,34000,34000,5987,0,1500,2906.815341622802,35.67240003030747,33849.770799977705,491.5009186570904
1785350491,40,,Aggregated,11.600000,0.000000,1500,2900,4200,5200,7900,11000,15000,17000,27000,34000,34000,5998,0,1500,2905.24760253344,35.67240003030747,33849.770799977705,491.2955985328443
1785350492,40,,Aggregated,11.600000,0.000000,1500,2900,4200,5200,7900,11000,15000,17000,26000,34000,34000,6010,0,1500,2904.8053112471957,35.67240003030747,33849.770799977705,491.1718801996672
1785350493,40,,Aggregated,11.700000,0.000000,1500,2900,4200,5200,7900,11000,15000,17000,26000,34000,34000,6021,0,1500,2902.9617280178336,35.67240003030747,33849.770799977705,491.07357581797044
1785350494,40,,Aggregated,11.700000,0.000000,1500,2900,4200,5200,7900,11000,15000,17000,26000,34000,34000,6035,0,1500,2906.2322200489643,35.67240003030747,33849.770799977705,490.9806130903065
1785350495,40,,Aggregated,11.700000,0.000000,1500,2900,4200,5200,7900,11000,15000,17000,26000,34000,34000,6046,0,1500,2904.7517119244812,35.67240003030747,33849.770799977705,491.0476347998677
1785350496,40,,Aggregated,11.700000,0.000000,1500,2900,4200,5200,7900,11000,15000,17000,26000,34000,34000,6060,0,1500,2907.228757821023,35.67240003030747,33849.770799977705,490.8506600660066
1785350497,40,,Aggregated,11.700000,0.000000,1500,2900,4200,5200,7900,11000,15000,17000,26000,34000,34000,6069,0,1500,2905.9818700602104,35.67240003030747,33849.770799977705,490.6701268742791
1785350498,40,,Aggregated,12.300000,0.000000,1500,2900,4200,5200,7900,11000,15000,17000,26000,34000,34000,6081,0,1500,2905.6872965129983,35.67240003030747,33849.770799977705,490.38842295675056
1785350499,40,,Aggregated,12.200000,0.000000,1500,2900,4200,5200,7900,11000,15000,17000,26000,34000,34000,6094,0,1500,2905.1539819323048,35.67240003030747,33849.770799977705,490.10846734492947
1785350500,40,,Aggregated,12.000000,0.000000,1500,2900,4200,5200,7900,11000,15000,17000,26000,34000,34000,6106,0,1500,2905.6921100712816,35.67240003030747,33849.770799977705,490.1272518833934
1785350501,40,,Aggregated,12.000000,0.000000,1500,2900,4200,5200,7900,11000,15000,17000,26000,34000,34000,6120,0,1500,2903.6424262574105,35.67240003030747,33849.770799977705,490.14934640522875
1785350502,40,,Aggregated,12.000000,0.000000,1500,2900,4200,5200,7900,11000,15000,17000,26000,34000,34000,6135,0,1500,2905.899138092145,35.67240003030747,33849.770799977705,489.85020374898124
1785350503,40,,Aggregated,12.100000,0.000000,1500,2900,4200,5200,7900,11000,15000,17000,26000,34000,34000,6145,0,1500,2905.1984792669195,35.67240003030747,33849.770799977705,489.9720097640358
1785350504,40,,Aggregated,12.200000,0.000000,1500,2900,4200,5200,7900,11000,15000,17000,26000,34000,34000,6156,0,1500,2903.5578393267288,35.67240003030747,33849.770799977705,489.69168291098117
1785350505,40,,Aggregated,12.300000,0.000000,1500,2900,4200,5200,7900,11000,15000,17000,26000,34000,34000,6170,0,1500,2906.5908244887028,35.67240003030747,33849.770799977705,489.81750405186386
1785350506,40,,Aggregated,12.100000,0.000000,1500,2900,4200,5200,7900,11000,15000,17000,26000,34000,34000,6180,0,1500,2906.829214319631,35.67240003030747,33849.770799977705,489.9401294498382
1785350507,40,,Aggregated,12.400000,0.000000,1500,2900,4200,5200,7900,11000,15000,17000,26000,34000,34000,6192,0,1500,2905.5144465108774,35.67240003030747,33849.770799977705,489.8234819121447
1785350508,40,,Aggregated,11.800000,0.000000,1500,2900,4200,5200,7900,11000,15000,17000,26000,34000,34000,6201,0,1500,2903.762800160515,35.67240003030747,33849.770799977705,489.7821319142074
1785350509,40,,Aggregated,11.900000,0.000000,1500,2900,4200,5200,7900,11000,15000,17000,26000,34000,34000,6217,0,1500,2902.627729418572,35.67240003030747,33849.770799977705,489.4619591442818
1785350510,40,,Aggregated,11.900000,0.000000,1500,2900,4200,5200,7900,11000,15000,17000,26000,34000,34000,6233,0,1500,2901.8273173744783,35.67240003030747,33849.770799977705,489.27290229424034
1785350511,40,,Aggregated,12.300000,0.000000,1500,2900,4200,5200,7900,11000,15000,17000,26000,34000,34000,6251,0,1500,2901.9313992473853,35.67240003030747,33849.770799977705,488.85698288273875
1785350512,40,,Aggregated,12.500000,0.000000,1500,2900,4200,5200,7900,11000,15000,17000,26000,34000,34000,6264,0,1500,2900.672334913031,35.67240003030747,33849.770799977705,488.8264687100894
1785350513,40,,Aggregated,12.900000,0.000000,1500,2900,4200,5200,7900,11000,15000,17000,26000,34000,34000,6280,0,1500,2898.7862547603927,35.67240003030747,33849.770799977705,488.3541401273885
1785350514,40,,Aggregated,13.200000,0.000000,1500,2900,4200,5200,7900,11000,15000,17000,26000,34000,34000,6291,0,1500,2895.5268736282073,35.67240003030747,33849.770799977705,488.3206167540931
1785350515,40,,Aggregated,13.400000,0.000000,1500,2900,4200,5200,7900,11000,15000,17000,27000,35000,35000,6303,0,1500,2898.0671995073862,35.67240003030747,34732.92410001159,488.445978105664
1785350516,40,,Aggregated,13.400000,0.000000,1500,2900,4200,5200,7900,11000,15000,17000,27000,35000,35000,6313,0,1500,2897.087490795963,35.67240003030747,34732.92410001159,488.3285284333914
1785350517,40,,Aggregated,13.100000,0.000000,1500,2900,4200,5200,7900,11000,15000,17000,27000,35000,35000,6326,0,1500,2898.805232420925,35.67240003030747,34732.92410001159,488.40325640214985
1785350518,40,,Aggregated,13.400000,0.000000,1500,2900,4200,5200,7900,11000,15000,17000,27000,35000,35000,6338,0,1500,2902.3446289988656,35.67240003030747,34732.92410001159,488.39460397601766
1785350519,40,,Aggregated,13.300000,0.000000,1500,2900,4200,5200,7900,11000,15000,17000,27000,35000,35000,6347,0,1500,2900.682100660883,35.67240003030747,34732.92410001159,488.35985504962974
1785350520,40,,Aggregated,13.400000,0.000000,1500,2900,4200,5200,7900,11000,15000,17000,27000,35000,35000,6361,0,1500,2902.487460194162,35.67240003030747,34732.92410001159,488.3565477126238
1785350521,40,,Aggregated,13.000000,0.000000,1500,2900,4200,5200,7900,11000,15000,17000,27000,35000,35000,6371,0,1500,2901.9735066072953,35.67240003030747,34732.92410001159,488.3451577460367
1785350522,40,,Aggregated,12.700000,0.000000,1500,2900,4200,5200,7900,11000,15000,17000,27000,35000,35000,6381,0,1500,2901.8751316713847,35.67240003030747,34732.92410001159,488.3309826046074
1785350523,40,,Aggregated,12.100000,0.000000,1500,2900,4200,5200,7900,11000,15000,17000,27000,35000,35000,6392,0,1500,2901.081677815251,35.67240003030747,34732.92410001159,488.39846683354193
1785350524,40,,Aggregated,11.600000,0.000000,1500,2900,4200,5200,7900,11000,15000,17000,27000,35000,35000,6405,0,1500,2900.481584792407,35.67240003030747,34732.92410001159,488.3626854020297
1785350525,35,,Aggregated,11.300000,0.000000,1500,2900,4200,5200,7900,11000,15000,17000,27000,35000,35000,6411,0,1500,2901.8989744806586,35.67240003030747,34732.92410001159,488.6760255810326
1785350526,30,,Aggregated,11.300000,0.000000,1500,2900,4200,5200,7900,11000,15000,17000,27000,35000,35000,6415,0,1500,2901.8791240678806,35.67240003030747,34732.92410001159,488.8843335931411
1785350527,25,,Aggregated,11.000000,0.000000,1500,2900,4200,5200,7900,11000,15000,17000,27000,35000,35000,6420,0,1500,2901.539109827952,35.67240003030747,34732.92410001159,488.8886292834891
1785350528,20,,Aggregated,10.300000,0.000000,1500,2900,4200,5200,7900,11000,15000,17000,27000,35000,35000,6421,0,1500,2901.382956018597,35.67240003030747,34732.92410001159,488.940974926024
1785350529,20,,Aggregated,9.800000,0.000000,1500,2900,4200,5200,7900,11000,15000,17000,27000,35000,35000,6428,0,1500,2904.4739560042412,35.67240003030747,34732.92410001159,488.84614187927815
1785350530,20,,Aggregated,8.700000,0.000000,1500,2900,4200,5200,7900,11000,15000,17000,27000,35000,35000,6433,0,1500,2903.3907067768487,35.67240003030747,34732.92410001159,488.7756878594746
1785350531,20,,Aggregated,7.900000,0.000000,1500,2900,4200,5200,7900,11000,15000,17000,27000,35000,35000,6437,0,1500,2903.935143715311,35.67240003030747,34732.92410001159,488.9855522759049
1785350532,20,,Aggregated,7.400000,0.000000,1500,2900,4200,5200,7900,11000,15000,17000,27000,35000,35000,6445,0,1500,2903.848286624617,35.67240003030747,34732.92410001159,489.20248254460824
1785350533,20,,Aggregated,6.700000,0.000000,1500,2900,4200,5200,7900,11000,15000,17000,27000,35000,35000,6451,0,1500,2907.4845817695823,35.67240003030747,34732.92410001159,489.3126647031468
1785350534,20,,Aggregated,6.400000,0.000000,1500,2900,4200,5200,7900,11000,15000,17000,27000,35000,35000,6459,0,1500,2908.0814909266915,35.67240003030747,34732.92410001159,489.5023997522836
1785350535,20,,Aggregated,5.900000,0.000000,1500,2900,4200,5200,7900,11000,15000,17000,27000,35000,35000,6468,0,1500,2911.669583641868,35.67240003030747,34732.92410001159,489.87183055040197
1785350536,20,,Aggregated,5.500000,0.000000,1500,2900,4200,5200,7900,11000,15000,17000,27000,35000,35000,6473,0,1500,2911.159473566463,35.67240003030747,34732.92410001159,490.13301405839644
1785350537,20,,Aggregated,5.500000,0.000000,1500,2900,4200,5200,7900,11000,15000,17000,27000,35000,35000,6481,0,1500,2909.282691482111,35.67240003030747,34732.92410001159,490.4499305662706
1785350538,20,,Aggregated,5.700000,0.000000,1500,2900,4200,5200,7900,11000,15000,17000,27000,35000,35000,6486,0,1500,2909.4001794782025,35.67240003030747,34732.92410001159,490.45467160037003
1785350539,20,,Aggregated,5.800000,0.000000,1500,2900,4200,5200,7900,11000,15000,17000,27000,35000,35000,6494,0,1500,2910.9506552195426,35.67240003030747,34732.92410001159,490.51509085309516
1785350540,20,,Aggregated,6.400000,0.000000,1500,2900,4200,5200,7900,11000,15000,17000,27000,35000,35000,6501,0,1500,2910.2294975689165,35.67240003030747,34732.92410001159,490.6251345946777
1785350541,20,,Aggregated,6.700000,0.000000,1500,2900,4200,5200,7900,11000,15000,17000,27000,35000,35000,6508,0,1500,2908.4154181000813,35.67240003030747,34732.92410001159,490.88721573448066
1785350542,20,,Aggregated,6.700000,0.000000,1500,2900,4200,5200,7900,11000,15000,17000,27000,35000,35000,6514,0,1500,2908.327065688509,35.67240003030747,34732.92410001159,490.9691433834817
1785350543,20,,Aggregated,6.900000,0.000000,1500,2900,4200,5200,7900,11000,15000,17000,27000,35000,35000,6521,0,1500,2908.135749715541,35.67240003030747,34732.92410001159,491.077748811532
1785350544,20,,Aggregated,6.900000,0.000000,1500,2900,4200,5200,7900,11000,15000,17000,27000,35000,35000,6528,0,1500,2907.901373115076,35.67240003030747,34732.92410001159,491.08578431372547
1785350545,20,,Aggregated,6.800000,0.000000,1500,2900,4200,5200,7900,11000,15000,17000,27000,35000,35000,6535,0,1500,2906.8532921339106,35.67240003030747,34732.92410001159,490.9917368018363
1785350546,20,,Aggregated,6.700000,0.000000,1500,2900,4200,5200,7900,11000,15000,17000,27000,35000,35000,6540,0,1500,2907.777752032907,35.67240003030747,34732.92410001159,491.2487767584098
1785350547,20,,Aggregated,6.800000,0.000000,1500,2900,4200,5200,7900,11000,15000,17000,27000,35000,35000,6549,0,1500,2909.1328551833067,35.67240003030747,34732.92410001159,491.4843487555352
1785350548,20,,Aggregated,6.700000,0.000000,1500,2900,4200,5200,7900,11000,15000,17000,27000,35000,35000,6556,0,1500,2907.9576967656226,35.67240003030747,34732.92410001159,491.74283099450884
1785350549,20,,Aggregated,6.600000,0.000000,1500,2900,4200,5200,7900,11000,15000,17000,27000,35000,35000,6563,0,1500,2907.339160809876,35.67240003030747,34732.92410001159,491.8758189852202
1785350550,20,,Aggregated,6.700000,0.000000,1500,2900,4200,5200,7900,11000,15000,17000,27000,35000,35000,6571,0,1500,2907.26204078454,35.67240003030747,34732.92410001159,492.0585907776594
1785350551,20,,Aggregated,6.800000,0.000000,1500,2900,4200,5200,7900,11000,15000,17000,27000,35000,35000,6578,0,1500,2907.0710992848053,35.67240003030747,34732.92410001159,492.31635755548797
1785350552,20,,Aggregated,6.800000,0.000000,1500,2900,4200,5200,7900,11000,15000,17000,27000,35000,35000,6587,0,1500,2906.9803233179528,35.67240003030747,34732.92410001159,492.5753757400941
1785350553,20,,Aggregated,6.900000,0.000000,1500,2900,4200,5200,7900,11000,15000,17000,27000,35000,35000,6596,0,1500,2905.891708762194,35.67240003030747,34732.92410001159,492.7330200121286
1785350554,20,,Aggregated,7.000000,0.000000,1500,2900,4200,5200,7900,11000,15000,17000,27000,35000,35000,6605,0,1500,2906.53109297427,35.67240003030747,34732.92410001159,492.9653292959879
1785350555,20,,Aggregated,7.300000,0.000000,1500,2900,4200,5200,7900,11000,15000,17000,27000,35000,35000,6613,0,1500,2905.7770213814056,35.67240003030747,34732.92410001159,493.1460759110842
1785350556,20,,Aggregated,7.800000,0.000000,1500,2900,4200,5100,7900,11000,15000,17000,27000,35000,35000,6621,0,1500,2904.858518969225,35.67240003030747,34732.92410001159,493.32683884609577
1785350557,20,,Aggregated,7.500000,0.000000,1500,2900,4200,5100,7900,11000,15000,17000,27000,35000,35000,6628,0,1500,2903.3967173197675,35.67240003030747,34732.92410001159,493.582076041038
1785350558,20,,Aggregated,7.700000,0.000000,1500,2900,4200,5100,7900,11000,15000,17000,27000,35000,35000,6637,0,1500,2902.120702394968,35.67240003030747,34732.92410001159,493.8389332529757
1785350559,20,,Aggregated,8.000000,0.000000,1500,2900,4200,5100,7800,11000,15000,17000,27000,35000,35000,6644,0,1500,2901.0919084580787,35.67240003030747,34732.92410001159,493.7680614087899
1785350560,20,,Aggregated,7.900000,0.000000,1500,2900,4200,5100,7800,11000,14000,17000,27000,35000,35000,6654,0,1500,2900.238971955987,35.67240003030747,34732.92410001159,493.84806131650134
1785350561,20,,Aggregated,8.000000,0.000000,1500,2900,4200,5100,7800,11000,14000,17000,27000,35000,35000,6661,0,1500,2899.9273050285433,35.67240003030747,34732.92410001159,494.19846869839364
1785350562,20,,Aggregated,8.100000,0.000000,1500,2900,4200,5100,7800,11000,14000,17000,27000,35000,35000,6670,0,1500,2900.597606580985,35.67240003030747,34732.92410001159,494.20299850074963
1785350563,20,,Aggregated,8.300000,0.000000,1500,2900,4100,5100,7800,11000,14000,17000,27000,35000,35000,6677,0,1500,2898.933114916153,35.67240003030747,34732.92410001159,494.45454545454544
1785350564,20,,Aggregated,8.300000,0.000000,1500,2900,4100,5100,7800,11000,14000,17000,27000,35000,35000,6685,0,1500,2897.6629674338333,35.67240003030747,34732.92410001159,494.4082273747195
1785350565,20,,Aggregated,8.200000,0.000000,1500,2900,4100,5100,7800,11000,14000,17000,27000,35000,35000,6693,0,1500,2896.45852181309,35.67240003030747,34732.92410001159,494.51068280292844
1785350566,20,,Aggregated,7.900000,0.000000,1500,2900,4100,5100,7800,11000,14000,17000,27000,35000,35000,6702,0,1500,2895.615705191739,35.67240003030747,34732.92410001159,494.7636526410027
1785350567,20,,Aggregated,8.000000,0.000000,1500,2900,4100,5100,7800,11000,14000,17000,27000,35000,35000,6710,0,1500,2895.9273036803356,35.67240003030747,34732.92410001159,495.1628912071535
1785350568,20,,Aggregated,8.100000,0.000000,1500,2900,4100,5100,7800,11000,14000,17000,27000,35000,35000,6716,0,1500,2894.4223282303547,35.67240003030747,34732.92410001159,495.33844550327575
1785350569,20,,Aggregated,8.100000,0.000000,1500,2900,4100,5100,7800,11000,14000,17000,27000,35000,35000,6722,0,1500,2893.754757318526,35.67240003030747,34732.92410001159,495.6364177328176
1785350570,20,,Aggregated,8.100000,0.000000,1500,2900,4100,5100,7800,11000,14000,17000,27000,35000,35000,6729,0,1500,2893.8219529491575,35.67240003030747,34732.92410001159,495.98350423539904
1785350571,20,,Aggregated,7.800000,0.000000,1500,2900,4100,5100,7800,11000,14000,17000,27000,35000,35000,6735,0,1500,2894.2228005634593,35.67240003030747,34732.92410001159,496.0587973273942
1785350572,20,,Aggregated,7.700000,0.000000,1500,2900,4100,5100,7800,10000,14000,17000,27000,35000,35000,6744,0,1500,2893.3038162655776,35.67240003030747,34732.92410001159,496.0126037959668
1785350573,20,,Aggregated,7.400000,0.000000,1500,2900,4100,5100,7800,11000,14000,17000,27000,35000,35000,6753,0,1500,2893.8623417140566,35.67240003030747,34732.92410001159,496.13786465274694
1785350574,20,,Aggregated,7.100000,0.000000,1500,2900,4100,5100,7800,10000,14000,17000,27000,35000,35000,6763,0,1500,2892.3961727184947,35.67240003030747,34732.92410001159,496.11725565577404
1785350575,20,,Aggregated,7.300000,0.000000,1500,2900,4100,5100,7800,10000,14000,17000,27000,35000,35000,6773,0,1500,2890.1058394795723,35.67240003030747,34732.92410001159,496.09715045031743
1785350576,20,,Aggregated,7.600000,0.000000,1500,2900,4100,5100,7800,10000,14000,17000,27000,35000,35000,6781,0,1500,2889.484689145419,35.67240003030747,34732.92410001159,496.39035540480756
1785350577,20,,Aggregated,7.800000,0.000000,1500,2900,4100,5100,7800,10000,14000,17000,27000,35000,35000,6789,0,1500,2889.1380583878504,35.67240003030747,34732.92410001159,496.5887465016939
1785350578,20,,Aggregated,7.900000,0.000000,1500,2900,4100,5100,7800,10000,14000,17000,27000,35000,35000,6800,0,1500,2887.5715421022032,35.67240003030747,34732.92410001159,496.7364705882353
1785350579,20,,Aggregated,7.800000,0.000000,1500,2900,4100,5100,7800,10000,14000,17000,27000,35000,35000,6808,0,1500,2886.9365462830483,35.67240003030747,34732.92410001159,496.8119858989424
1785350580,20,,Aggregated,7.900000,0.000000,1500,2900,4100,5100,7800,10000,14000,17000,27000,35000,35000,6815,0,1500,2886.5971341885443,35.67240003030747,34732.92410001159,497.0309611151871
1785350581,20,,Aggregated,8.400000,0.000000,1500,2900,4100,5100,7800,10000,14000,17000,27000,35000,35000,6823,0,1500,2886.8814915278926,35.67240003030747,34732.92410001159,497.07723875128244
1785350582,20,,Aggregated,8.600000,0.000000,1500,2900,4100,5100,7800,10000,14000,17000,27000,35000,35000,6831,0,1500,2885.80649024956,35.67240003030747,34732.92410001159,497.26731078904993
1785350583,20,,Aggregated,8.600000,0.000000,1500,2900,4100,5000,7800,10000,14000,17000,27000,35000,35000,6841,0,1500,2883.443416985013,35.67240003030747,34732.92410001159,497.3617892121035
1785350584,20,,Aggregated,8.900000,0.000000,1500,2900,4100,5000,7800,10000,14000,17000,27000,35000,35000,6849,0,1500,2882.3198168045733,35.67240003030747,34732.92410001159,497.4292597459483
