Timestamp,User Count,Type,Name,Requests/s,Failures/s,50%,66%,75%,80%,90%,95%,98%,99%,99.9%,99.99%,100%,Total Request Count,Total Failure Count,Total Median Response Time,Total Average Response Time,Total Min Response Time,Total Max Response Time,Total Average Content Size
1785416148,0,,Aggregated,0.000000,0.000000,N/A,N/A,N/A,N/A,N/A,N/A,N/A,N/A,N/A,N/A,N/A,0,0,0,0.0,0,0,0
1785416149,2,,Aggregated,0.000000,0.000000,380,380,380,380,380,380,380,380,380,380,380,2,0,270,323.3551000012085,269.08689999982016,377.6233000025968,829.0
1785416150,6,,Aggregated,0.000000,0.000000,340,340,380,380,430,430,430,430,430,430,430,6,0,270,323.26918333334714,260.9314000001177,426.7278000006627,829.0
1785416151,8,,Aggregated,1.000000,0.000000,280,340,430,430,550,560,560,560,560,560,560,12,0,270,345.0792250005179,260.9314000001177,556.1134000017773,829.0
1785416152,10,,Aggregated,2.500000,0.000000,280,430,470,540,550,560,560,560,560,560,560,20,0,270,359.9198149999211,244.09809999997378,556.1134000017773,829.0
1785416153,10,,Aggregated,3.333333,0.000000,380,430,470,540,560,610,710,710,710,710,710,30,0,370,380.9371333334032,181.3934000019799,712.6405999988492,801.3666666666667
1785416154,10,,Aggregated,4.000000,0.000000,380,450,540,550,710,940,950,950,950,950,950,39,0,380,412.0856102564199,181.3934000019799,949.908399998094,786.3589743589744
1785416155,10,,Aggregated,4.400000,0.000000,400,480,540,550,710,940,1000,1000,1000,1000,1000,50,0,400,434.19349200004945,181.3934000019799,1039.6120000004885,779.3
1785416156,10,,Aggregated,5.666667,0.000000,390,470,550,560,670,940,950,1000,1000,1000,1000,60,0,390,426.3455950000207,181.3934000019799,1039.6120000004885,760.0666666666667
1785416157,10,,Aggregated,5.857143,0.000000,400,480,550,570,710,850,950,1000,1000,1000,1000,70,0,390,435.97509285708446,181.3934000019799,1039.6120000004885,746.3428571428572
1785416158,10,,Aggregated,6.750000,0.000000,390,470,550,570,700,850,950,1000,1000,1000,1000,80,0,390,431.51574874996186,181.3934000019799,1039.6120000004885,736.05
1785416159,10,,Aggregated,6.888889,0.000000,390,480,550,580,730,900,950,1000,1000,1000,1000,90,0,390,443.34173777768024,173.73720000250614,1039.6120000004885,737.1555555555556
1785416160,10,,Aggregated,7.300000,0.000000,390,480,560,580,720,900,950,1000,1000,1000,1000,100,0,390,442.3687399999835,173.73720000250614,1039.6120000004885,729.84
1785416161,10,,Aggregated,8.200000,0.000000,390,480,560,580,720,850,950,950,1000,1000,1000,107,0,390,441.6169570093223,173.73720000250614,1039.6120000004885,713.1214953271028
1785416162,10,,Aggregated,8.700000,0.000000,400,490,560,600,730,950,1200,1200,1300,1300,1300,120,0,400,456.2206991666547,173.73720000250614,1273.2839999989665,711.4916666666667
1785416163,10,,Aggregated,9.300000,0.000000,400,480,560,580,730,940,1200,1200,1300,1300,1300,130,0,390,450.46091615384705,173.73720000250614,1273.2839999989665,720.223076923077
1785416164,10,,Aggregated,9.500000,0.000000,390,480,550,580,720,940,1200,1200,1300,1300,1300,140,0,390,442.4006892857246,173.73720000250614,1273.2839999989665,721.8142857142857
1785416165,10,,Aggregated,10.100000,0.000000,400,480,550,580,710,900,1200,1200,1300,1300,1300,150,0,400,442.70635333331785,173.73720000250614,1273.2839999989665,723.1933333333334
1785416166,10,,Aggregated,9.900000,0.000000,390,470,540,570,710,900,1000,1200,1300,1300,1300,160,0,390,433.72005374997116,173.73720000250614,1273.2839999989665,724.4
1785416167,10,,Aggregated,10.100000,0.000000,390,470,530,570,700,850,1000,1200,1300,1300,1300,170,0,390,430.14324647059874,173.73720000250614,1273.2839999989665,730.3176470588236
1785416168,10,,Aggregated,10.000000,0.000000,400,470,530,560,690,850,1000,1200,1300,1300,1300,180,0,390,428.90650500000146,173.73720000250614,1273.2839999989665,735.5777777777778
1785416169,10,,Aggregated,10.100000,0.000000,400,470,530,570,700,850,1000,1200,1300,1300,1300,190,0,400,431.02754684213755,173.73720000250614,1273.2839999989665,740.2842105263157
1785416170,10,,Aggregated,9.900000,0.000000,390,470,530,570,700,850,1000,1200,1300,1300,1300,200,0,390,427.47866750001776,173.73720000250614,1273.2839999989665,736.27
1785416171,10,,Aggregated,9.900000,0.000000,390,470,530,560,690,840,950,1200,1300,1300,1300,210,0,390,425.6034071429028,173.73720000250614,1273.2839999989665,740.495238095238
1785416172,10,,Aggregated,10.200000,0.000000,390,470,520,560,670,840,950,1200,1300,1300,1300,220,0,390,423.7754304545888,173.73720000250614,1273.2839999989665,740.790909090909
1785416173,10,,Aggregated,10.000000,0.000000,390,470,510,560,670,810,950,1200,1300,1300,1300,230,0,390,421.622880000027,173.73720000250614,1273.2839999989665,741.0608695652174
1785416174,10,,Aggregated,10.100000,0.000000,390,470,510,560,670,840,1000,1200,1300,1300,1300,237,0,390,423.41093924052507,173.73720000250614,1273.2839999989665,740.1856540084389
1785416175,10,,Aggregated,10.000000,0.000000,390,470,530,560,690,850,1200,1200,1300,1300,1300,250,0,390,428.48548439999286,173.73720000250614,1273.2839999989665,741.536
1785416176,10,,Aggregated,9.900000,0.000000,390,460,510,560,670,850,1000,1200,1300,1300,1300,260,0,390,426.0041503845899,173.73720000250614,1273.2839999989665,735.3615384615384
1785416177,10,,Aggregated,10.000000,0.000000,390,470,520,550,670,840,1000,1200,1300,1300,1300,270,0,390,424.7834474073763,173.73720000250614,1273.2839999989665,735.7925925925925
1785416178,10,,Aggregated,9.900000,0.000000,390,450,510,540,670,840,1000,1200,1300,1300,1300,280,0,390,420.8135660713716,173.73720000250614,1273.2839999989665,736.1928571428572
1785416179,11,,Aggregated,9.900000,0.000000,390,450,510,540,670,830,1000,1200,1300,1300,1300,292,0,380,419.6618332191364,115.6741000013426,1273.2839999989665,732.0787671232877
1785416180,13,,Aggregated,10.200000,0.000000,380,450,520,550,670,810,1000,1200,1300,1300,1300,304,0,380,418.8233930920696,115.6741000013426,1273.2839999989665,727.7532894736842
1785416181,14,,Aggregated,10.000000,0.000000,380,450,510,550,670,810,1000,1200,1300,1300,1300,316,0,380,417.17056962024105,115.6741000013426,1273.2839999989665,731.6360759493671
1785416182,15,,Aggregated,10.100000,0.000000,380,450,510,540,670,780,1000,1200,1300,1300,1300,330,0,380,414.88758969696363,115.6741000013426,1273.2839999989665,731.8212121212122
1785416183,16,,Aggregated,10.400000,0.000000,380,450,510,540,670,780,1000,1200,1300,1300,1300,346,0,380,412.5195699421871,111.76419999901555,1273.2839999989665,730.6300578034682
1785416184,17,,Aggregated,10.800000,0.000000,380,450,510,540,670,780,950,1200,1300,1300,1300,362,0,380,413.6219560773372,111.76419999901555,1273.2839999989665,730.4226519337017
1785416185,18,,Aggregated,11.100000,0.000000,380,450,510,550,670,810,950,1200,1300,1300,1300,380,0,380,411.825831842122,60.277500000665896,1273.2839999989665,729.4447368421053
1785416186,19,,Aggregated,11.600000,0.000000,380,460,520,550,690,810,950,1200,1300,1300,1300,393,0,380,413.1862262086753,60.277500000665896,1273.2839999989665,723.4834605597964
1785416187,20,,Aggregated,12.300000,0.000000,380,470,530,560,710,830,1000,1200,1800,1800,1800,410,0,380,423.1523404878184,60.277500000665896,1783.9591000010842,725.8756097560976
1785416188,20,,Aggregated,12.800000,0.000000,380,470,530,570,720,900,1200,1200,1800,1800,1800,434,0,380,434.18809516129875,60.277500000665896,1783.9591000010842,724.36866359447
1785416189,20,,Aggregated,13.300000,0.000000,380,470,540,570,720,900,1100,1200,1800,1800,1800,452,0,380,434.72892699114266,60.277500000665896,1783.9591000010842,720.4933628318585
1785416190,20,,Aggregated,14.000000,0.000000,390,480,550,580,750,950,1200,1200,1800,1800,1800,468,0,380,442.2023420940029,60.277500000665896,1783.9591000010842,716.0940170940171
1785416191,20,,Aggregated,15.400000,0.000000,390,480,560,600,780,1000,1200,1400,1800,1800,1800,484,0,390,452.2045533057814,60.277500000665896,1783.9591000010842,716.7727272727273
1785416192,20,,Aggregated,15.900000,0.000000,400,490,570,620,820,1100,1400,1600,2000,2000,2000,505,0,400,471.47835841581644,60.277500000665896,1965.176199999405,718.1742574257426
1785416193,20,,Aggregated,16.300000,0.000000,400,500,570,630,840,1100,1400,1600,2000,2000,2000,525,0,400,477.4442535237869,60.277500000665896,1965.176199999405,721.1619047619048
1785416194,20,,Aggregated,16.500000,0.000000,400,510,580,650,850,1100,1400,1600,2000,2000,2000,544,0,400,479.7430073529353,39.0810999997484,1965.176199999405,720.9834558823529
1785416195,20,,Aggregated,17.100000,0.000000,400,510,580,650,900,1200,1400,1600,2000,2000,2000,570,0,400,481.8069477192984,39.0810999997484,1965.176199999405,716.9543859649123
1785416196,20,,Aggregated,17.900000,0.000000,400,500,570,650,850,1100,1400,1600,2000,2000,2000,587,0,400,477.8433470187411,39.05809999923804,1965.176199999405,717.9863713798978
1785416197,20,,Aggregated,18.100000,0.000000,390,490,570,630,850,1100,1400,1600,2000,2000,2000,609,0,390,472.8380211822694,39.05809999923804,1965.176199999405,719.5336617405583
1785416198,20,,Aggregated,19.000000,0.000000,380,480,560,610,840,1100,1400,1600,2000,2000,2000,629,0,380,467.1130753577169,39.05809999923804,1965.176199999405,720.9459459459459
1785416200,20,,Aggregated,19.300000,0.000000,380,480,560,610,820,1100,1400,1600,2000,2000,2000,649,0,380,463.5162944530292,39.05809999923804,1965.176199999405,719.6979969183359
1785416201,20,,Aggregated,19.500000,0.000000,380,480,560,600,810,1100,1400,1600,2000,2000,2000,668,0,380,459.46430958087194,39.05809999923804,1965.176199999405,721.5928143712575
1785416202,20,,Aggregated,19.300000,0.000000,380,480,550,600,810,1100,1400,1600,2000,2000,2000,686,0,380,458.28074416913006,39.05809999923804,1965.176199999405,723.2055393586006
1785416203,20,,Aggregated,19.500000,0.000000,380,480,560,600,800,1100,1400,1600,2000,2000,2000,708,0,380,455.7695583333587,36.936600001354236,1965.176199999405,721.5988700564972
1785416204,20,,Aggregated,20.100000,0.000000,380,480,560,600,800,1100,1400,1600,2000,2000,2000,727,0,380,453.82359449797025,36.936600001354236,1965.176199999405,719.4264099037139
1785416205,20,,Aggregated,20.100000,0.000000,380,480,560,600,810,1100,1400,1600,2000,2000,2000,745,0,380,455.5678441611145,36.936600001354236,1965.176199999405,719.1919463087248
1785416206,20,,Aggregated,19.800000,0.000000,380,480,560,610,820,1100,1400,1600,2000,2000,2000,767,0,380,457.8513307692662,36.936600001354236,1965.176199999405,716.3194263363755
1785416207,20,,Aggregated,19.900000,0.000000,380,490,560,610,820,1100,1400,1600,2000,2000,2000,786,0,380,458.06717315523866,36.936600001354236,1965.176199999405,716.9427480916031
1785416208,20,,Aggregated,19.900000,0.000000,380,490,560,610,810,1100,1400,1600,2000,2000,2000,805,0,380,458.4272514285988,36.936600001354236,1965.176199999405,716.5118012422361
1785416209,20,,Aggregated,19.700000,0.000000,380,490,560,610,820,1100,1400,1600,2000,2000,2000,825,0,380,458.58271745456085,36.936600001354236,1965.176199999405,719.2509090909091
1785416210,20,,Aggregated,19.700000,0.000000,380,490,560,610,840,1100,1400,1600,2000,2000,2000,849,0,380,458.7887573616137,36.936600001354236,1965.176199999405,718.2579505300354
1785416211,20,,Aggregated,19.300000,0.000000,380,490,570,620,820,1100,1400,1600,2000,2000,2000,862,0,380,458.7838232018763,36.936600001354236,1965.176199999405,715.5162412993039
1785416212,20,,Aggregated,20.000000,0.000000,380,490,570,640,850,1100,1400,1600,2000,2000,2000,885,0,380,461.7024748022794,36.936600001354236,1965.176199999405,713.425988700565
1785416213,20,,Aggregated,19.300000,0.000000,380,490,570,640,850,1100,1400,1600,2000,2000,2000,905,0,380,460.8378435359252,36.936600001354236,1965.176199999405,714.3425414364641
1785416214,20,,Aggregated,19.800000,0.000000,380,490,580,640,850,1100,1400,1600,2000,2000,2000,927,0,380,461.75825933118034,36.936600001354236,1965.176199999405,714.5760517799353
1785416215,20,,Aggregated,19.600000,0.000000,380,490,580,640,850,1100,1400,1600,2000,2000,2000,943,0,380,462.5226919406217,36.936600001354236,1965.176199999405,715.117709437964
1785416216,20,,Aggregated,19.900000,0.000000,380,500,580,650,880,1100,1400,1600,2000,2000,2000,963,0,380,466.34227206646165,36.936600001354236,1965.176199999405,714.7487019730011
1785416217,20,,Aggregated,19.600000,0.000000,380,500,580,650,880,1100,1400,1600,2000,2000,2000,985,0,380,466.44204263958846,36.936600001354236,1965.176199999405,715.1340101522843
1785416218,20,,Aggregated,19.600000,0.000000,380,500,580,650,890,1100,1400,1600,1800,2000,2000,1005,0,380,465.40165253731396,36.936600001354236,1965.176199999405,716.0865671641791
1785416219,20,,Aggregated,19.700000,0.000000,380,500,580,650,900,1100,1400,1600,1800,2000,2000,1022,0,380,466.8435490215328,36.2200000017765,1965.176199999405,715.2377690802348
1785416220,20,,Aggregated,19.900000,0.000000,380,510,590,660,910,1100,1400,1600,1800,2000,2000,1041,0,380,469.7737289145081,36.2200000017765,1965.176199999405,714.940441882805
1785416221,20,,Aggregated,19.400000,0.000000,380,510,590,670,910,1100,1400,1600,1800,2000,2000,1062,0,380,471.6778767419972,36.2200000017765,1965.176199999405,715.0188323917138
1785416222,20,,Aggregated,18.900000,0.000000,380,520,590,670,910,1100,1400,1600,1800,2000,2000,1084,0,380,472.9118818265628,36.2200000017765,1965.176199999405,717.2785977859778
1785416223,20,,Aggregated,19.800000,0.000000,380,520,600,670,910,1100,1400,1500,1800,2000,2000,1104,0,380,473.18312065217106,36.2200000017765,1965.176199999405,715.6322463768116
1785416224,20,,Aggregated,19.700000,0.000000,380,520,600,670,910,1100,1400,1500,1800,2000,2000,1122,0,380,473.4674687165758,36.2200000017765,1965.176199999405,717.3778966131907
1785416225,20,,Aggregated,19.600000,0.000000,380,520,600,680,920,1100,1400,1500,1800,2000,2000,1141,0,380,475.7788330411854,36.2200000017765,1965.176199999405,716.9921121822962
1785416226,20,,Aggregated,19.500000,0.000000,380,520,600,690,930,1100,1300,1500,1800,2000,2000,1163,0,380,476.25706345657557,36.2200000017765,1965.176199999405,715.0662080825451
1785416227,20,,Aggregated,19.500000,0.000000,380,520,600,680,930,1100,1300,1500,1800,2000,2000,1186,0,380,474.15667360877643,36.2200000017765,1965.176199999405,712.7546374367622
1785416228,20,,Aggregated,19.600000,0.000000,380,520,600,670,920,1100,1300,1500,1800,2000,2000,1204,0,380,472.2962086378824,36.2200000017765,1965.176199999405,712.5066445182724
1785416229,20,,Aggregated,20.000000,0.000000,380,520,600,670,920,1100,1300,1500,1800,2000,2000,1224,0,380,472.2372960784402,36.2200000017765,1965.176199999405,712.5996732026143
1785416230,20,,Aggregated,19.900000,0.000000,380,520,600,680,920,1100,1300,1500,1800,2000,2000,1241,0,380,473.30777719581505,36.2200000017765,1965.176199999405,712.2755842062852
1785416231,20,,Aggregated,20.300000,0.000000,380,530,600,690,920,1100,1300,1500,1800,2000,2000,1261,0,380,474.79136272800343,36.2200000017765,1965.176199999405,712.8802537668518
1785416232,20,,Aggregated,19.800000,0.000000,380,530,610,690,930,1100,1300,1500,1800,2000,2000,1280,0,380,475.5839392187545,36.2200000017765,1965.176199999405,713.0421875
1785416233,20,,Aggregated,19.700000,0.000000,380,530,610,690,930,1100,1400,1500,1800,2000,2000,1299,0,380,476.34079953811266,36.2200000017765,1965.176199999405,712.0646651270208
1785416234,20,,Aggregated,19.400000,0.000000,380,530,610,690,930,1100,1400,1600,2000,2300,2300,1322,0,380,477.57097942513263,36.2200000017765,2302.4616000002425,710.7291981845689
1785416235,20,,Aggregated,19.500000,0.000000,380,520,600,690,930,1100,1400,1600,2000,2300,2300,1343,0,380,475.0622297096274,36.2200000017765,2302.4616000002425,711.1139240506329
1785416236,20,,Aggregated,19.800000,0.000000,380,520,600,680,930,1100,1400,1600,2000,2300,2300,1359,0,380,472.95745180280863,36.2200000017765,2302.4616000002425,710.1898454746137
1785416237,20,,Aggregated,20.200000,0.000000,380,520,600,680,930,1100,1400,1600,2000,2300,2300,1375,0,380,472.5647516363699,36.2200000017765,2302.4616000002425,707.5978181818182
1785416238,20,,Aggregated,19.800000,0.000000,380,520,600,690,940,1100,1400,1600,2000,2300,2300,1396,0,380,477.2383959885462,36.2200000017765,2302.4616000002425,708.3624641833811
1785416239,20,,Aggregated,18.800000,0.000000,380,520,600,690,940,1100,1400,1600,2000,2300,2300,1420,0,380,475.7110297183223,36.2200000017765,2302.4616000002425,707.1366197183098
1785416240,20,,Aggregated,18.400000,0.000000,380,520,600,670,930,1100,1400,1600,2000,2300,2300,1439,0,380,473.5845248783991,36.2200000017765,2302.4616000002425,707.5879082696317
1785416241,20,,Aggregated,19.500000,0.000000,380,510,590,670,930,1100,1400,1600,2000,2300,2300,1459,0,380,470.6657949965807,36.2200000017765,2302.4616000002425,707.3276216586703
1785416242,20,,Aggregated,19.900000,0.000000,380,510,590,670,930,1100,1400,1600,2000,2300,2300,1476,0,380,469.22824275068945,36.2200000017765,2302.4616000002425,707.170054200542
1785416243,20,,Aggregated,20.000000,0.000000,380,510,590,670,930,1100,1400,1600,2000,2300,2300,1492,0,380,469.0811430295025,36.2200000017765,2302.4616000002425,707.0449061662198
1785416244,20,,Aggregated,19.700000,0.000000,380,510,590,670,930,1100,1400,1600,2000,2300,2300,1507,0,380,470.3945124751254,36.2200000017765,2302.4616000002425,707.2813536828136
1785416245,20,,Aggregated,19.300000,0.000000,380,510,590,670,940,1100,1400,1700,2300,2400,2400,1528,0,380,474.95805497383407,36.2200000017765,2390.1460000015504,706.0431937172775
1785416246,20,,Aggregated,18.600000,0.000000,380,510,590,670,940,1100,1400,1700,2300,2400,2400,1551,0,380,475.2098001289524,36.2200000017765,2390.1460000015504,706.4809800128949
1785416247,20,,Aggregated,18.100000,0.000000,380,510,590,670,940,1100,1400,1700,2300,2400,2400,1573,0,380,473.95773566434497,36.2200000017765,2390.1460000015504,706.3019707565162
1785416248,20,,Aggregated,18.900000,0.000000,370,500,590,670,930,1100,1400,1700,2300,2400,2400,1592,0,370,472.0824853643295,36.2200000017765,2390.1460000015504,706.0075376884422
1785416249,20,,Aggregated,19.200000,0.000000,370,500,590,660,930,1100,1400,1700,2300,2400,2400,1614,0,370,470.5684882899691,36.2200000017765,2390.1460000015504,705.1412639405205
1785416250,20,,Aggregated,19.900000,0.000000,370,500,590,660,930,1100,1400,1700,2300,2400,2400,1633,0,370,468.6172765462361,36.2200000017765,2390.1460000015504,705.2767911818738
1785416251,20,,Aggregated,19.000000,0.000000,370,500,590,650,930,1100,1400,1700,2300,2400,2400,1653,0,370,466.36545202662717,36.2200000017765,2390.1460000015504,704.8578342407743
1785416252,20,,Aggregated,19.100000,0.000000,370,500,590,650,930,1100,1400,1700,2300,2400,2400,1671,0,370,466.7424847995277,36.2200000017765,2390.1460000015504,704.3219628964691
1785416253,20,,Aggregated,18.900000,0.000000,370,500,590,650,930,1100,1400,1700,2300,2400,2400,1690,0,370,466.33283710059965,36.2200000017765,2390.1460000015504,704.8514792899408
1785416254,20,,Aggregated,19.000000,0.000000,370,500,590,650,930,1100,1400,1600,2300,2400,2400,1707,0,370,466.2180333919227,36.2200000017765,2390.1460000015504,704.8318687756298
1785416255,20,,Aggregated,19.700000,0.000000,370,500,590,660,930,1100,1400,1700,2300,2400,2400,1727,0,370,468.4714069484721,36.2200000017765,2390.1460000015504,705.0359004053272
1785416256,20,,Aggregated,19.900000,0.000000,370,500,590,660,930,1100,1400,1700,2300,2400,2400,1754,0,370,468.2876598631785,36.2200000017765,2390.1460000015504,703.8529076396808
1785416257,20,,Aggregated,19.800000,0.000000,370,500,590,660,930,1100,1400,1700,2300,2400,2400,1772,0,370,466.51660287810944,36.2200000017765,2390.1460000015504,703.4520316027088
1785416258,20,,Aggregated,19.500000,0.000000,370,500,590,660,930,1100,1400,1700,2300,2400,2400,1789,0,370,465.6529880939137,36.2200000017765,2390.1460000015504,702.5215204024595
1785416259,20,,Aggregated,20.100000,0.000000,370,500,590,660,920,1100,1400,1600,2300,2400,2400,1809,0,370,465.93909132118466,36.2200000017765,2390.1460000015504,702.1768933112216
1785416260,20,,Aggregated,19.400000,0.000000,370,500,590,660,920,1100,1400,1600,2300,2400,2400,1829,0,370,465.4769968835567,36.2200000017765,2390.1460000015504,702.3045379989065
1785416261,20,,Aggregated,19.600000,0.000000,370,500,590,660,910,1100,1400,1600,2300,2400,2400,1853,0,370,464.3079761468004,36.2200000017765,2390.1460000015504,700.3837021046951
1785416262,20,,Aggregated,19.600000,0.000000,370,500,590,660,900,1100,1400,1600,2300,2400,2400,1871,0,370,462.7500902725942,36.2200000017765,2390.1460000015504,700.830037413148
1785416263,20,,Aggregated,19.600000,0.000000,370,490,590,650,900,1100,1400,1600,2300,2400,2400,1890,0,370,461.1498915344016,36.2200000017765,2390.1460000015504,700.6370370370371
1785416264,20,,Aggregated,20.100000,0.000000,370,490,590,650,900,1100,1400,1600,2300,2400,2400,1912,0,370,459.9757153765816,36.2200000017765,2390.1460000015504,700.907949790795
1785416265,20,,Aggregated,19.700000,0.000000,370,490,580,650,900,1100,1400,1600,2300,2400,2400,1934,0,370,458.70239803516836,36.2200000017765,2390.1460000015504,700.1499482936919
1785416266,20,,Aggregated,19.800000,0.000000,370,490,580,650,900,1100,1400,1600,2300,2400,2400,1950,0,360,458.4576677436037,36.2200000017765,2390.1460000015504,700.4523076923077
1785416267,20,,Aggregated,20.400000,0.000000,360,490,580,650,900,1100,1400,1600,2300,2400,2400,1971,0,360,457.5126548960082,36.2200000017765,2390.1460000015504,700.7387113140538
1785416268,20,,Aggregated,19.800000,0.000000,360,490,580,650,890,1100,1400,1600,2300,2400,2400,1988,0,360,456.9136777666218,36.2200000017765,2390.1460000015504,701.0835010060363
1785416269,20,,Aggregated,19.900000,0.000000,360,490,580,650,900,1100,1400,1600,2000,2400,2400,2004,0,360,456.6190516966273,36.2200000017765,2390.1460000015504,700.2939121756488
1785416270,22,,Aggregated,20.200000,0.000000,360,490,590,650,900,1100,1400,1600,2000,2400,2400,2031,0,360,458.74148695226415,36.2200000017765,2390.1460000015504,699.3328409650419
1785416271,23,,Aggregated,19.600000,0.000000,360,490,580,650,900,1100,1400,1600,2000,2400,2400,2053,0,360,457.0320899172205,36.2200000017765,2390.1460000015504,697.4374086702387
1785416272,24,,Aggregated,19.300000,0.000000,360,480,580,650,890,1100,1400,1600,2000,2400,2400,2074,0,360,454.6089843780362,36.2200000017765,2390.1460000015504,694.1605593056895
1785416273,25,,Aggregated,20.000000,0.000000,360,480,580,650,890,1100,1400,1600,2000,2400,2400,2104,0,350,451.3960682034451,36.2200000017765,2390.1460000015504,690.3773764258555
1785416274,26,,Aggregated,20.100000,0.000000,350,480,580,650,880,1100,1400,1600,2000,2400,2400,2129,0,350,447.5916541569042,36.2200000017765,2390.1460000015504,686.4368248003758
1785416275,27,,Aggregated,20.900000,0.000000,350,480,580,640,880,1100,1400,1600,2000,2400,2400,2150,0,350,445.76024767443676,36.2200000017765,2390.1460000015504,684.7702325581396
1785416276,28,,Aggregated,21.700000,0.000000,350,480,580,640,870,1100,1400,1600,2000,2400,2400,2176,0,350,444.084486121345,36.2200000017765,2390.1460000015504,682.8570772058823
1785416277,29,,Aggregated,21.700000,0.000000,350,470,580,640,870,1100,1400,1600,2000,2400,2400,2204,0,350,442.11228498187154,36.2200000017765,2390.1460000015504,680.4419237749546
1785416278,30,,Aggregated,22.800000,0.000000,350,470,570,640,870,1100,1400,1600,2000,2400,2400,2231,0,350,441.2540426266457,36.2200000017765,2390.1460000015504,677.8171223666517
1785416279,31,,Aggregated,22.900000,0.000000,350,470,580,640,870,1100,1400,1600,2000,2400,2400,2258,0,350,441.6700214349193,36.2200000017765,2390.1460000015504,674.5301151461471
1785416280,32,,Aggregated,23.600000,0.000000,350,470,580,640,870,1100,1400,1600,2000,2400,2400,2292,0,350,441.5915034031617,36.2200000017765,2390.1460000015504,671.2133507853404
1785416281,33,,Aggregated,24.600000,0.000000,350,470,580,640,870,1100,1400,1600,2000,2400,2400,2321,0,350,440.86040392073886,36.2200000017765,2390.1460000015504,668.2959931064197
1785416282,34,,Aggregated,26.200000,0.000000,340,470,580,650,870,1100,1400,1600,2000,2400,2400,2359,0,340,439.598910512945,36.2200000017765,2390.1460000015504,664.0835099618482
1785416283,35,,Aggregated,26.500000,0.000000,340,470,580,650,870,1100,1400,1600,2000,2400,2400,2386,0,340,439.2010249371467,36.2200000017765,2390.1460000015504,661.9182732606873
1785416284,36,,Aggregated,27.900000,0.000000,340,480,580,650,870,1100,1400,1600,2000,2400,2400,2425,0,340,439.26153525775,36.2200000017765,2390.1460000015504,657.9113402061855
1785416285,37,,Aggregated,27.600000,0.000000,340,480,580,650,870,1100,1400,1600,2000,2400,2400,2458,0,340,438.33468995119375,36.2200000017765,2390.1460000015504,654.9397884458909
1785416286,38,,Aggregated,29.000000,0.000000,340,480,580,650,870,1100,1400,1600,2000,2400,2400,2497,0,340,437.59323728475647,36.2200000017765,2390.1460000015504,652.6055266319584
1785416287,39,,Aggregated,30.600000,0.000000,340,480,580,650,870,1100,1400,1600,2000,2400,2400,2536,0,340,436.8184442429214,36.2200000017765,2390.1460000015504,650.0780757097792
1785416288,40,,Aggregated,31.100000,0.000000,340,480,580,650,870,1100,1400,1600,2000,2400,2400,2576,0,340,435.5661810559125,36.2200000017765,2390.1460000015504,647.1350931677018
1785416289,40,,Aggregated,32.400000,0.000000,340,470,580,650,870,1100,1400,1600,2000,2400,2400,2614,0,340,433.82724934966353,36.2200000017765,2390.1460000015504,645.707727620505
1785416290,40,,Aggregated,33.600000,0.000000,340,470,580,650,870,1100,1400,1600,2000,2400,2400,2649,0,340,433.24350411476746,36.2200000017765,2390.1460000015504,643.2465081162703
1785416291,40,,Aggregated,35.200000,0.000000,340,480,580,650,870,1100,1400,1600,2000,2400,2400,2688,0,340,433.78416164435305,36.2200000017765,2390.1460000015504,640.2139136904761
1785416292,40,,Aggregated,35.500000,0.000000,340,480,580,650,880,1100,1400,1600,2000,2400,2400,2721,0,340,434.12837603822703,36.2200000017765,2390.1460000015504,638.8710033076075
1785416293,40,,Aggregated,36.100000,0.000000,340,470,580,650,900,1100,1400,1600,2300,2400,2400,2765,0,340,435.69932806510724,36.2200000017765,2404.9003000000084,635.3453887884268
1785416294,40,,Aggregated,35.300000,0.000000,340,470,580,650,900,1100,1400,1600,2300,2400,2400,2793,0,340,435.2747707841131,36.2200000017765,2404.9003000000084,634.1009667024705
1785416295,40,,Aggregated,37.300000,0.000000,340,470,580,660,900,1100,1400,1600,2300,2400,2400,2842,0,340,436.1041222026789,36.2200000017765,2404.9003000000084,630.1009852216749
1785416296,40,,Aggregated,36.900000,0.000000,340,470,580,660,900,1100,1400,1700,2300,2400,2400,2876,0,340,435.14502826843216,36.2200000017765,2404.9003000000084,626.7729485396384
1785416297,40,,Aggregated,36.800000,0.000000,340,470,580,660,910,1100,1500,1700,2400,2400,2400,2923,0,340,435.25905446459836,36.2200000017765,2404.9003000000084,623.3817995210401
1785416298,40,,Aggregated,37.600000,0.000000,330,470,580,650,900,1100,1500,1700,2400,2400,2400,2954,0,330,433.5193300609462,36.2200000017765,2404.9003000000084,621.3991198375085
1785416299,40,,Aggregated,37.200000,0.000000,330,470,580,660,910,1100,1500,1700,2400,2400,2400,2989,0,330,433.1315318835854,36.2200000017765,2404.9003000000084,618.9247239879559
1785416300,40,,Aggregated,37.700000,0.000000,330,470,580,660,930,1200,1500,1700,2300,2400,2400,3028,0,330,435.3730818362001,36.2200000017765,2404.9003000000084,616.5105680317041
1785416301,40,,Aggregated,36.800000,0.000000,330,470,580,660,930,1200,1500,1700,2300,2400,2400,3074,0,330,433.96919586858195,36.2200000017765,2404.9003000000084,613.5256994144437
1785416302,40,,Aggregated,36.200000,0.000000,330,470,580,660,930,1200,1500,1700,2300,2400,2400,3105,0,330,433.4618341062854,36.2200000017765,2404.9003000000084,612.2856682769726
1785416303,40,,Aggregated,37.600000,0.000000,330,470,580,660,930,1200,1500,1700,2300,2400,2400,3148,0,330,433.1505351016592,36.2200000017765,2404.9003000000084,609.8634053367217
1785416304,40,,Aggregated,38.600000,0.000000,330,470,590,660,930,1200,1500,1700,2300,2400,2400,3187,0,330,432.5104171948633,36.2200000017765,2404.9003000000084,607.7875745214935
1785416305,40,,Aggregated,37.700000,0.000000,330,470,580,660,930,1200,1500,1700,2300,2400,2400,3232,0,330,431.6667821163457,36.2200000017765,2404.9003000000084,604.8511757425742
1785416306,40,,Aggregated,38.200000,0.000000,330,470,580,660,930,1200,1500,1700,2300,2400,2400,3273,0,330,429.1799421631627,36.2200000017765,2404.9003000000084,602.916590284143
1785416307,40,,Aggregated,38.600000,0.000000,330,470,580,660,920,1200,1500,1700,2300,2400,2400,3310,0,330,427.85851700906915,36.2200000017765,2404.9003000000084,601.3564954682779
1785416308,40,,Aggregated,38.900000,0.000000,330,460,580,660,920,1200,1500,1700,2300,2400,2400,3350,0,320,426.6034660895587,36.2200000017765,2404.9003000000084,598.570447761194
1785416309,40,,Aggregated,39.000000,0.000000,320,460,580,660,920,1200,1500,1700,2300,2400,2400,3391,0,320,424.75336947803555,36.2200000017765,2404.9003000000084,595.7578885284577
1785416310,40,,Aggregated,39.100000,0.000000,320,460,580,660,920,1100,1500,1700,2300,2400,2400,3427,0,320,423.3387798365986,36.2200000017765,2404.9003000000084,593.3977239568136
1785416311,40,,Aggregated,39.600000,0.000000,320,460,580,660,920,1100,1500,1700,2300,2400,2400,3465,0,320,422.91999950939316,36.2200000017765,2404.9003000000084,592.3613275613276
1785416312,40,,Aggregated,40.400000,0.000000,320,460,580,660,920,1100,1500,1600,2300,2400,2400,3505,0,320,422.9439186876086,36.2200000017765,2404.9003000000084,591.7646219686162
1785416313,40,,Aggregated,39.500000,0.000000,320,460,580,660,920,1100,1500,1600,2300,2400,2400,3548,0,320,422.34062333711427,36.2200000017765,2404.9003000000084,590.0921645997745
1785416314,40,,Aggregated,39.000000,0.000000,320,460,580,660,910,1100,1400,1600,2300,2400,2400,3584,0,320,421.10659849332404,36.2200000017765,2404.9003000000084,588.7243303571429
1785416315,40,,Aggregated,39.900000,0.000000,320,460,580,660,910,1100,1400,1600,2300,2400,2400,3624,0,320,420.8244240342359,36.2200000017765,2404.9003000000084,586.9682671081678
1785416316,40,,Aggregated,40.100000,0.000000,320,460,580,660,910,1100,1400,1600,2300,2400,2400,3662,0,320,419.9634055980523,36.2200000017765,2404.9003000000084,586.4191698525395
1785416317,40,,Aggregated,40.000000,0.000000,320,460,580,660,910,1100,1400,1600,2300,2400,2400,3708,0,320,419.1132075512594,36.2200000017765,2404.9003000000084,584.589266450917
1785416318,40,,Aggregated,39.100000,0.000000,320,460,580,660,910,1100,1400,1600,2300,2400,2400,3740,0,320,418.2470266845097,36.2200000017765,2404.9003000000084,583.2403743315508
1785416319,40,,Aggregated,39.500000,0.000000,320,460,580,660,910,1100,1400,1600,2300,2400,2400,3775,0,320,417.77040386757034,36.2200000017765,2404.9003000000084,582.681059602649
1785416320,40,,Aggregated,39.700000,0.000000,320,460,580,660,910,1100,1500,1600,2300,2400,2400,3811,0,320,418.8140192862945,36.2200000017765,2404.9003000000084,581.8562057202834
1785416321,40,,Aggregated,39.100000,0.000000,320,460,580,660,920,1200,1500,1700,2300,2400,2400,3851,0,320,419.6926048558952,36.2200000017765,2404.9003000000084,581.0415476499611
1785416322,40,,Aggregated,38.300000,0.000000,320,460,580,660,920,1200,1500,1700,2300,2400,2400,3878,0,320,420.23105936051167,36.2200000017765,2404.9003000000084,580.5662712738525
1785416323,40,,Aggregated,38.400000,0.000000,320,470,580,670,930,1200,1500,1700,2300,2400,2400,3922,0,320,422.1166062978228,36.2200000017765,2404.9003000000084,579.1448240693524
1785416324,40,,Aggregated,38.300000,0.000000,320,470,580,670,930,1200,1500,1700,2400,2400,2400,3963,0,320,422.9336377239629,36.2200000017765,2427.2779999992053,577.9926823113802
1785416325,40,,Aggregated,37.100000,0.000000,320,470,580,670,930,1200,1500,1700,2300,2400,2400,4006,0,320,421.97839288568395,36.2200000017765,2427.2779999992053,576.4103844233649
1785416326,40,,Aggregated,37.400000,0.000000,320,460,580,670,930,1200,1500,1700,2300,2400,2400,4045,0,320,420.7792682323998,36.2200000017765,2427.2779999992053,574.4373300370828
1785416327,40,,Aggregated,37.700000,0.000000,320,460,580,660,930,1200,1500,1700,2300,2400,2400,4085,0,320,419.8359150550936,36.2200000017765,2427.2779999992053,572.4058751529988
1785416328,40,,Aggregated,38.300000,0.000000,310,460,580,660,930,1200,1500,1700,2300,2400,2400,4124,0,310,418.4874971387119,36.2200000017765,2427.2779999992053,571.4456838021339
1785416329,40,,Aggregated,38.200000,0.000000,310,460,580,660,930,1200,1500,1700,2300,2400,2400,4165,0,310,416.87800331333614,36.2200000017765,2427.2779999992053,570.0648259303722
1785416330,40,,Aggregated,37.500000,0.000000,310,460,580,660,930,1200,1500,1700,2300,2400,2400,4201,0,310,416.45158633659645,36.2200000017765,2427.2779999992053,569.6160437990955
1785416331,40,,Aggregated,38.500000,0.000000,310,460,580,660,920,1200,1500,1700,2300,2400,2400,4242,0,310,415.42808703443023,36.2200000017765,2427.2779999992053,567.8448844884489
1785416332,40,,Aggregated,39.000000,0.000000,310,460,570,660,930,1200,1500,1700,2300,2400,2400,4274,0,310,415.01701588676787,36.2200000017765,2427.2779999992053,566.9784744969584
1785416333,40,,Aggregated,38.800000,0.000000,310,460,580,660,930,1200,1500,1700,2300,2400,2400,4311,0,310,415.4514419856293,36.2200000017765,2427.2779999992053,566.548132683832
1785416334,40,,Aggregated,39.500000,0.000000,310,460,580,660,930,1200,1500,1700,2300,2400,2400,4348,0,310,416.4923187672603,36.2200000017765,2427.2779999992053,566.0131094756209
1785416335,40,,Aggregated,39.400000,0.000000,310,460,580,670,940,1200,1500,1700,2300,2400,2400,4385,0,310,417.8854512428868,36.2200000017765,2427.2779999992053,565.3080957810719
1785416336,40,,Aggregated,38.400000,0.000000,310,460,580,670,940,1200,1500,1700,2300,2400,2400,4420,0,310,418.54569294118784,36.2200000017765,2427.2779999992053,564.6300904977376
1785416337,40,,Aggregated,37.700000,0.000000,310,460,580,670,940,1200,1500,1700,2300,2400,2400,4451,0,310,419.70545780724404,36.2200000017765,2427.2779999992053,564.2093911480566
1785416338,40,,Aggregated,37.600000,0.000000,310,460,580,670,950,1200,1500,1700,2400,3000,3000,4486,0,310,421.13175900580677,36.2200000017765,3017.0868999994127,563.5595185020062
1785416339,40,,Aggregated,36.900000,0.000000,310,460,580,670,950,1200,1500,1800,2400,3000,3000,4507,0,310,421.11215016641745,36.2200000017765,3017.0868999994127,563.1879298868427
1785416340,40,,Aggregated,36.100000,0.000000,310,460,580,670,950,1200,1600,1900,2900,3700,3700,4542,0,310,425.53447393219705,36.2200000017765,3661.393499998667,562.3692206076619
1785416341,40,,Aggregated,35.400000,0.000000,310,470,590,670,960,1200,1600,1900,2900,3700,3700,4582,0,310,428.4277278699324,36.2200000017765,3661.393499998667,561.3769096464426
1785416342,40,,Aggregated,34.100000,0.000000,310,460,590,670,960,1200,1600,1900,2900,3700,3700,4621,0,310,427.74461322225295,36.2200000017765,3661.393499998667,559.7022289547717
1785416343,40,,Aggregated,33.600000,0.000000,310,460,580,670,960,1200,1600,1900,2900,3700,3700,4666,0,310,427.7479193527687,36.2200000017765,3661.393499998667,558.2513930561508
1785416344,40,,Aggregated,33.700000,0.000000,310,460,580,670,960,1200,1600,1900,2900,3700,3700,4703,0,310,427.02870807995237,36.2200000017765,3661.393499998667,557.9787369763981
1785416345,40,,Aggregated,34.300000,0.000000,310,460,580,670,960,1200,1600,1900,2900,3700,3700,4743,0,310,426.0104457305534,36.2200000017765,3661.393499998667,557.1161711996626
1785416346,40,,Aggregated,35.200000,0.000000,310,460,580,670,950,1200,1600,1900,2900,3700,3700,4773,0,310,425.4483286821724,36.14499999821419,3661.393499998667,556.7408338571129
1785416347,40,,Aggregated,35.400000,0.000000,310,460,580,670,950,1200,1600,1900,2900,3700,3700,4813,0,310,425.5791337003949,35.54389999771956,3661.393499998667,556.3430292956576
1785416348,40,,Aggregated,35.400000,0.000000,310,460,590,680,960,1200,1600,1900,2900,3700,3700,4861,0,310,426.3843814030037,35.54389999771956,3661.393499998667,555.2092162106562
1785416349,40,,Aggregated,35.700000,0.000000,310,460,590,680,960,1200,1600,1900,2900,3700,3700,4898,0,310,425.75466735402387,35.54389999771956,3661.393499998667,554.9350755410371
1785416350,40,,Aggregated,36.100000,0.000000,310,460,590,680,960,1200,1600,1900,2900,3700,3700,4936,0,310,425.31977994327707,35.54389999771956,3661.393499998667,554.0547001620746
1785416351,40,,Aggregated,37.400000,0.000000,310,460,590,680,960,1200,1600,1900,2900,3700,3700,4977,0,310,424.86270755475334,35.54389999771956,3661.393499998667,553.3273056057866
1785416352,40,,Aggregated,38.800000,0.000000,310,460,590,680,960,1200,1600,1900,2900,3700,3700,5012,0,310,424.59711564245646,35.54389999771956,3661.393499998667,552.6231045490822
1785416353,40,,Aggregated,39.000000,0.000000,310,460,590,680,960,1200,1600,1900,2900,3700,3700,5050,0,310,424.90266649504747,35.54389999771956,3661.393499998667,551.8910891089109
1785416354,40,,Aggregated,39.000000,0.000000,310,460,590,680,960,1200,1600,1900,2900,3700,3700,5082,0,310,425.0909182802046,35.54389999771956,3661.393499998667,551.4637937819756
1785416355,40,,Aggregated,38.900000,0.000000,310,460,590,680,960,1300,1600,1900,2900,3700,3700,5115,0,310,425.8836184750719,35.54389999771956,3661.393499998667,550.9077223851417
1785416356,40,,Aggregated,38.100000,0.000000,310,460,590,680,960,1300,1600,1900,2900,3700,3700,5148,0,310,426.4595539238519,35.54389999771956,3661.393499998667,550.0984848484849
1785416357,40,,Aggregated,37.600000,0.000000,310,460,590,680,960,1300,1700,1900,2900,3700,3700,5182,0,310,427.6353654380517,35.54389999771956,3661.393499998667,549.2927441142416
1785416359,40,,Aggregated,37.000000,0.000000,310,470,590,680,970,1300,1700,1900,2900,3700,3700,5217,0,310,429.64483456008696,35.54389999771956,3661.393499998667,549.2497603986966
1785416360,40,,Aggregated,36.800000,0.000000,310,470,590,690,980,1300,1700,1900,2900,3700,3700,5255,0,310,430.8447651950469,35.54389999771956,3661.393499998667,548.7362511893435
1785416361,40,,Aggregated,36.600000,0.000000,310,470,590,690,970,1300,1700,1900,2900,3700,3700,5288,0,310,430.45146917548794,35.54389999771956,3661.393499998667,547.9016641452345
1785416362,40,,Aggregated,35.500000,0.000000,310,470,590,690,980,1300,1700,1900,3000,3700,3700,5321,0,310,431.7886408757696,35.54389999771956,3661.393499998667,547.9080999812065
1785416363,40,,Aggregated,35.500000,0.000000,310,470,590,690,980,1300,1700,2000,3000,3700,3700,5355,0,310,433.3307505135302,35.54389999771956,3661.393499998667,547.073949579832
1785416364,40,,Aggregated,35.200000,0.000000,310,470,590,690,980,1300,1700,2000,3000,4000,4000,5393,0,310,434.85838813275825,35.54389999771956,3958.949899999425,546.5267939922121
1785416365,40,,Aggregated,34.200000,0.000000,310,470,590,690,990,1300,1700,2000,3100,4000,4000,5424,0,310,435.23881613199916,35.54389999771956,3958.949899999425,546.0182522123894
1785416366,40,,Aggregated,34.200000,0.000000,310,470,590,690,990,1300,1800,2000,3100,4000,4000,5454,0,310,436.5082431059692,35.54389999771956,3958.949899999425,545.4957829116245
1785416367,40,,Aggregated,34.100000,0.000000,310,470,600,690,1000,1300,1800,2100,3100,4000,4000,5500,0,310,438.21816381817194,35.54389999771956,3958.949899999425,545.3176363636363
1785416368,40,,Aggregated,33.800000,0.000000,310,470,600,690,1000,1300,1800,2100,3100,4000,4000,5538,0,310,438.24875155290096,35.54389999771956,3958.949899999425,544.9499819429396
1785416369,40,,Aggregated,34.800000,0.000000,310,470,600,690,1000,1300,1800,2100,3100,4000,4000,5572,0,310,438.47158894471664,35.54389999771956,3958.949899999425,544.9655419956928
1785416370,40,,Aggregated,34.800000,0.000000,310,470,600,690,1000,1300,1800,2000,3100,4000,4000,5613,0,310,438.26027352573885,35.54389999771956,3958.949899999425,544.0441831462676
1785416371,40,,Aggregated,35.300000,0.000000,310,470,600,690,1000,1300,1800,2000,3100,4000,4000,5658,0,310,437.7677093672645,35.54389999771956,3958.949899999425,543.492046659597
1785416372,40,,Aggregated,35.800000,0.000000,310,470,600,690,990,1300,1800,2000,3100,4000,4000,5688,0,310,437.2667025492222,35.54389999771956,3958.949899999425,543.0613572433193
1785416373,40,,Aggregated,36.700000,0.000000,310,470,600,700,1000,1300,1800,2000,3100,4000,4000,5726,0,310,437.9256273838578,35.54389999771956,3958.949899999425,542.567586447782
1785416374,40,,Aggregated,36.800000,0.000000,310,470,600,700,1000,1300,1800,2000,3100,4000,4000,5775,0,310,438.2388047099512,35.54389999771956,3958.949899999425,541.8829437229438
1785416375,40,,Aggregated,36.800000,0.000000,310,470,600,700,1000,1300,1800,2000,3100,4000,4000,5810,0,310,437.0356612048115,35.54389999771956,3958.949899999425,541.4598967297762
1785416376,40,,Aggregated,37.900000,0.000000,310,470,600,700,1000,1300,1800,2000,3100,4000,4000,5844,0,310,436.8164066563896,35.54389999771956,3958.949899999425,541.2705338809035
1785416377,40,,Aggregated,38.500000,0.000000,310,470,600,700,1000,1300,1800,2000,3100,4000,4000,5887,0,310,436.78173354848406,35.54389999771956,3958.949899999425,540.4915916426023
1785416378,40,,Aggregated,38.600000,0.000000,310,470,600,700,1000,1300,1700,2000,3100,4000,4000,5915,0,310,436.9202032121611,35.54389999771956,3958.949899999425,539.8241758241758
1785416379,40,,Aggregated,38.500000,0.000000,310,470,600,700,1000,1300,1800,2100,3100,4000,4000,5946,0,310,438.74166017489443,35.54389999771956,3958.949899999425,539.9747729566095
1785416380,40,,Aggregated,37.600000,0.000000,310,470,600,700,1000,1400,1800,2100,3100,4000,4000,5981,0,310,438.5452046145999,35.54389999771956,3958.949899999425,538.9403109847851
1785416381,40,,Aggregated,37.000000,0.000000,310,470,600,700,1000,1400,1800,2100,3100,4000,4000,6019,0,310,440.2783326133757,35.54389999771956,3958.949899999425,539.1000166140554
1785416382,40,,Aggregated,36.600000,0.000000,310,470,600,700,1000,1400,1800,2100,3100,4000,4000,6053,0,310,441.276068164532,35.54389999771956,3958.949899999425,538.6571947794482
1785416383,40,,Aggregated,35.600000,0.000000,310,480,600,700,1000,1400,1800,2100,3100,4000,4000,6097,0,310,442.0903262259973,35.54389999771956,3958.949899999425,538.5115630638019
1785416384,40,,Aggregated,35.600000,0.000000,310,470,600,700,1000,1400,1800,2100,3100,4000,4000,6138,0,310,441.16099318994526,35.54389999771956,3958.949899999425,537.3336591723688
1785416385,40,,Aggregated,36.800000,0.000000,310,470,600,700,1000,1400,1800,2100,3100,4000,4000,6164,0,310,440.68743989290823,35.54389999771956,3958.949899999425,536.6971122647632
1785416386,40,,Aggregated,35.500000,0.000000,310,470,600,700,1000,1400,1800,2100,3100,4000,4000,6206,0,310,441.83397460520086,35.54389999771956,3958.949899999425,536.5275539800193
1785416387,40,,Aggregated,35.200000,0.000000,310,470,610,710,1000,1400,1800,2200,3100,4000,4000,6251,0,310,442.36269785632084,35.54389999771956,3958.949899999425,536.0559910414333
1785416388,40,,Aggregated,35.900000,0.000000,310,470,610,710,1000,1400,1800,2200,3100,4000,4000,6285,0,310,442.27051247412095,35.54389999771956,3958.949899999425,535.5376292760541
1785416389,40,,Aggregated,35.700000,0.000000,310,470,610,710,1000,1400,1800,2100,3100,4000,4000,6318,0,310,441.6830411997227,35.54389999771956,3958.949899999425,534.7798353909465
1785416390,40,,Aggregated,36.500000,0.000000,300,470,600,710,1000,1400,1800,2200,3100,4000,4000,6351,0,300,441.51664698470137,35.54389999771956,3958.949899999425,534.3396315540859
1785416391,40,,Aggregated,37.000000,0.000000,300,470,610,710,1000,1400,1800,2200,3100,4000,4000,6385,0,300,442.5678265935543,35.54389999771956,3958.949899999425,533.735787000783
1785416392,40,,Aggregated,36.700000,0.000000,300,470,600,710,1000,1400,1800,2200,3100,4000,4000,6419,0,300,442.5486830347153,35.54389999771956,3958.949899999425,533.0366100638729
1785416393,40,,Aggregated,36.700000,0.000000,300,470,600,710,1000,1400,1900,2200,3100,4000,4000,6456,0,300,443.53834179055735,35.54389999771956,3958.949899999425,532.566604708798
1785416394,40,,Aggregated,36.800000,0.000000,300,470,610,710,1000,1400,1900,2200,3100,4000,4000,6493,0,300,444.0208969813393,35.54389999771956,3958.949899999425,532.604035114739
1785416395,40,,Aggregated,35.700000,0.000000,300,470,610,710,1000,1400,1900,2200,3100,4000,4000,6533,0,300,444.5383956834264,35.54389999771956,3958.949899999425,532.3998163171591
1785416396,40,,Aggregated,35.700000,0.000000,300,470,610,710,1000,1400,1900,2200,3100,4000,4000,6569,0,300,444.53199121629467,35.54389999771956,3958.949899999425,532.1931800882935
1785416397,40,,Aggregated,36.000000,0.000000,300,480,610,710,1000,1400,1900,2200,3100,4000,4000,6615,0,300,444.9465769765437,35.54389999771956,3958.949899999425,531.8674225245654
1785416398,40,,Aggregated,36.200000,0.000000,300,480,610,710,1000,1400,1900,2200,3100,4000,4000,6644,0,300,444.2387698374227,35.54389999771956,3958.949899999425,531.4784768211921
1785416399,40,,Aggregated,36.900000,0.000000,300,480,610,710,1000,1400,1900,2200,3100,4000,4000,6677,0,300,444.69026544853136,35.54389999771956,3958.949899999425,530.999251160701
1785416400,40,,Aggregated,35.900000,0.000000,300,480,610,710,1000,1400,1900,2300,3100,4000,4000,6713,0,300,445.5297942350453,35.54389999771956,3958.949899999425,530.6310144495754
1785416401,40,,Aggregated,36.000000,0.000000,300,480,610,710,1000,1400,1900,2300,3100,4000,4000,6754,0,300,446.33988919157065,35.54389999771956,3958.949899999425,530.4452176488007
1785416402,40,,Aggregated,36.000000,0.000000,300,480,610,710,1000,1400,1900,2300,3100,4000,4000,6786,0,300,446.37621346888835,35.54389999771956,3958.949899999425,530.4300029472444
1785416403,40,,Aggregated,36.300000,0.000000,310,480,610,710,1000,1400,1900,2300,3100,4000,4000,6816,0,310,447.3744463614838,35.54389999771956,3958.949899999425,530.9423415492957
1785416404,40,,Aggregated,36.900000,0.000000,310,480,610,720,1000,1400,1900,2300,3100,4000,4000,6858,0,310,447.8121821813738,35.54389999771956,3958.949899999425,530.5051035287256
1785416405,40,,Aggregated,35.800000,0.000000,310,480,610,720,1000,1400,1900,2300,3100,4000,4000,6891,0,310,448.1522153243152,35.54389999771956,3958.949899999425,530.0483239007401
1785416406,40,,Aggregated,36.700000,0.000000,310,480,610,720,1000,1400,1900,2300,3100,4000,4000,6932,0,310,449.6332410703772,35.54389999771956,3958.949899999425,529.8548759376803
1785416407,40,,Aggregated,36.700000,0.000000,310,480,610,720,1100,1400,1900,2300,3100,4000,4000,6968,0,310,449.29260749136773,35.54389999771956,3958.949899999425,529.7616245694604
1785416408,40,,Aggregated,35.900000,0.000000,310,480,610,720,1100,1400,1900,2300,3100,4000,4000,7010,0,310,449.45586395147757,35.54389999771956,3958.949899999425,529.5449358059915
1785416409,40,,Aggregated,35.200000,0.000000,300,480,610,720,1000,1400,1900,2300,3100,4000,4000,7055,0,300,448.4945555067145,35.54389999771956,3958.949899999425,528.9696669029057
1785416410,40,,Aggregated,36.400000,0.000000,300,480,610,710,1000,1400,1900,2300,3100,4000,4000,7089,0,300,447.6756933135659,35.54389999771956,3958.949899999425,528.6222316264635
1785416411,40,,Aggregated,37.300000,0.000000,300,480,610,710,1000,1400,1900,2300,3100,4000,4000,7128,0,300,447.4309050785438,35.54389999771956,3958.949899999425,528.2954545454545
1785416412,40,,Aggregated,37.100000,0.000000,300,480,610,710,1000,1400,1900,2300,3100,4000,4000,7166,0,300,446.94047521627965,35.54389999771956,3958.949899999425,528.0071169411108
1785416413,40,,Aggregated,37.400000,0.000000,300,470,610,710,1100,1400,1900,2300,3100,4000,4000,7194,0,300,446.3324398248337,35.54389999771956,3958.949899999425,527.4944398109536
1785416414,40,,Aggregated,37.500000,0.000000,300,470,610,710,1100,1400,1900,2300,3100,4000,4000,7228,0,300,446.5339511897969,35.54389999771956,3958.949899999425,526.4412008854455
1785416415,40,,Aggregated,38.200000,0.000000,300,480,610,720,1100,1400,1900,2300,3100,4000,4000,7244,0,300,446.94527199059365,35.54389999771956,3958.949899999425,526.104086140254
1785416416,40,,Aggregated,37.100000,0.000000,300,480,610,720,1100,1400,1900,2300,3100,4000,4000,7257,0,300,447.92528486976227,35.54389999771956,3958.949899999425,525.711175416839
1785416417,40,,Aggregated,34.900000,0.000000,300,480,610,720,1100,1400,1900,2300,3100,4000,4000,7267,0,300,448.96963547541844,35.54389999771956,3958.949899999425,525.467730838035
1785416418,40,,Aggregated,33.400000,0.000000,300,480,610,720,1100,1400,1900,2300,3400,5000,5000,7276,0,300,450.6394383039951,35.54389999771956,4979.623200000788,525.2755634964266
1785416419,40,,Aggregated,30.600000,0.000000,300,480,610,720,1100,1400,1900,2300,4000,6300,6300,7284,0,300,453.28826596648446,35.54389999771956,6266.9120999998995,525.2224052718286
1785416420,40,,Aggregated,27.200000,0.000000,300,480,610,720,1100,1500,2000,2400,4500,6300,6300,7296,0,300,456.82947314965406,35.54389999771956,6266.9120999998995,525.0626370614035
1785416421,40,,Aggregated,23.700000,0.000000,300,480,610,720,1100,1500,2000,2400,5700,6500,6500,7311,0,300,461.598786540812,35.54389999771956,6511.813599998277,525.0503351114759
1785416422,40,,Aggregated,21.300000,0.000000,300,480,620,720,1100,1500,2000,2500,6300,6500,6500,7327,0,300,466.96937525588714,35.54389999771956,6511.813599998277,524.9673809198854
1785416423,40,,Aggregated,18.900000,0.000000,300,480,620,720,1100,1500,2100,2500,6300,6500,6500,7335,0,300,469.3189569461328,35.54389999771956,6523.18860000014,524.935923653715
1785416424,40,,Aggregated,18.900000,0.000000,300,480,620,720,1100,1500,2100,2600,6300,8400,8400,7343,0,300,471.38250864767593,35.54389999771956,8350.985100001708,524.8173770938308
1785416425,40,,Aggregated,14.400000,0.000000,300,480,620,730,1100,1500,2100,2700,6400,10000,10000,7355,0,300,477.33460100610375,35.54389999771956,10188.214900001185,524.6356220258327
1785416426,40,,Aggregated,12.100000,0.000000,300,480,620,730,1100,1500,2200,2700,6500,10000,10000,7370,0,300,481.45752104476173,35.54389999771956,10188.214900001185,524.3096336499322
1785416427,40,,Aggregated,11.500000,0.000000,300,480,620,730,1100,1500,2200,3000,6500,10000,10000,7387,0,300,487.33884639229717,35.54389999771956,10188.214900001185,524.0921889806417
1785416428,40,,Aggregated,11.200000,0.000000,300,480,620,730,1100,1500,2300,3100,6600,10000,10000,7399,0,300,491.1154923367887,35.54389999771956,10188.214900001185,524.0483849168807
1785416429,40,,Aggregated,11.300000,0.000000,300,480,620,730,1100,1500,2300,3100,6600,10000,10000,7401,0,300,492.11539136601795,35.54389999771956,10188.214900001185,524.041480880962
1785416430,40,,Aggregated,12.400000,0.000000,300,480,630,730,1100,1600,2300,3400,8300,10000,10000,7411,0,300,496.08114571581405,35.54389999771956,10188.214900001185,524.0047227094859
1785416431,40,,Aggregated,12.000000,0.000000,300,480,630,730,1100,1600,2300,3900,8300,10000,10000,7424,0,300,500.54744326507284,35.54389999771956,10188.214900001185,523.8015894396551
1785416432,40,,Aggregated,11.700000,0.000000,300,480,630,740,1100,1600,2300,4100,8300,10000,10000,7435,0,300,504.58676429050365,35.54389999771956,10188.214900001185,523.7854741089442
1785416433,40,,Aggregated,11.600000,0.000000,300,480,630,740,1100,1600,2400,4100,8300,10000,10000,7442,0,300,507.20648930393617,35.54389999771956,10188.214900001185,523.8048911582907
1785416434,40,,Aggregated,10.800000,0.000000,300,480,630,740,1100,1600,2400,4200,8400,10000,10000,7458,0,300,513.2019274336143,35.54389999771956,10188.214900001185,523.6630463931349
1785416435,40,,Aggregated,10.700000,0.000000,300,480,630,740,1100,1600,2500,4400,8400,10000,10000,7479,0,300,520.9421776306862,35.54389999771956,10188.214900001185,523.3234389624281
1785416436,40,,Aggregated,10.500000,0.000000,300,480,630,740,1100,1600,2500,4400,8400,10000,10000,7488,0,300,521.7049319043672,35.54389999771956,10188.214900001185,523.159188034188
1785416437,40,,Aggregated,11.800000,0.000000,300,480,640,740,1200,1600,2600,4500,8500,10000,10000,7499,0,300,526.1022979997197,35.54389999771956,10188.214900001185,522.9439925323377
1785416438,40,,Aggregated,11.800000,0.000000,300,480,640,740,1200,1700,2700,4500,8500,10000,10000,7511,0,300,530.3083514312204,35.54389999771956,10188.214900001185,523.078684595926
1785416439,40,,Aggregated,11.600000,0.000000,300,490,640,750,1200,1700,2700,4500,8500,10000,10000,7520,0,300,532.727584122327,35.54389999771956,10188.214900001185,523.0914893617021
1785416440,40,,Aggregated,10.800000,0.000000,300,490,640,750,1200,1700,2800,4600,8500,10000,10000,7533,0,300,535.9411158236959,35.54389999771956,10188.214900001185,522.917297225541
1785416441,40,,Aggregated,11.500000,0.000000,300,490,640,750,1200,1700,3000,4700,8500,10000,10000,7550,0,300,541.7312879470076,35.54389999771956,10188.214900001185,522.9018543046358
1785416442,40,,Aggregated,11.900000,0.000000,300,490,640,750,1200,1700,3000,5000,8500,10000,10000,7557,0,300,543.3750642979899,35.54389999771956,10188.214900001185,522.8348551012307
1785416443,40,,Aggregated,12.300000,0.000000,300,490,640,750,1200,1700,3600,5900,8500,10000,10000,7572,0,300,549.9254756999343,35.54389999771956,10188.214900001185,522.6315372424723
1785416444,40,,Aggregated,12.300000,0.000000,300,490,640,750,1200,1700,3800,5900,8500,10000,10000,7580,0,300,553.1532666358717,35.54389999771956,10188.214900001185,522.604221635884
1785416445,40,,Aggregated,12.400000,0.000000,300,490,640,750,1200,1700,4000,5900,8500,10000,10000,7593,0,300,555.7068594231409,35.54389999771956,10188.214900001185,522.5179770841564
1785416446,40,,Aggregated,13.100000,0.000000,300,490,640,760,1200,1800,4000,6000,8500,10000,10000,7602,0,300,559.5447466982251,35.54389999771956,10188.214900001185,522.6172059984215
1785416447,40,,Aggregated,11.900000,0.000000,300,490,650,760,1200,1800,4100,6000,8500,10000,10000,7610,0,300,563.4469998423012,35.54389999771956,10188.214900001185,522.6760840998686
1785416448,40,,Aggregated,11.200000,0.000000,300,490,650,760,1200,1800,4100,6000,8500,10000,10000,7619,0,300,565.3875207638683,35.54389999771956,10188.214900001185,522.7724110775692
1785416449,40,,Aggregated,11.300000,0.000000,300,490,650,770,1200,1800,4100,6100,8500,10000,10000,7632,0,300,572.3365750130912,35.54389999771956,10188.214900001185,523.0296121593292
1785416450,40,,Aggregated,11.000000,0.000000,300,490,650,770,1200,1800,4200,6100,8500,10000,10000,7640,0,300,575.2107221073188,35.54389999771956,10188.214900001185,522.9181937172775
1785416451,40,,Aggregated,11.000000,0.000000,300,490,650,770,1200,1900,4200,6100,8500,10000,10000,7651,0,300,578.7015580054789,35.54389999771956,10188.214900001185,522.9240622140896
1785416452,40,,Aggregated,11.200000,0.000000,300,490,650,770,1200,1900,4300,6200,8600,10000,10000,7662,0,300,584.5413670712508,35.54389999771956,10188.214900001185,522.9932132602454
1785416453,40,,Aggregated,10.400000,0.000000,300,500,650,770,1200,1900,4300,6200,8600,10000,10000,7672,0,300,587.956195503118,35.54389999771956,10188.214900001185,522.9576381647549
1785416454,40,,Aggregated,10.400000,0.000000,300,500,650,770,1200,1900,4400,6300,8600,10000,10000,7684,0,300,592.206404021332,35.54389999771956,10188.214900001185,522.8961478396668
1785416455,40,,Aggregated,10.400000,0.000000,310,500,650,780,1200,1900,4400,6300,8600,10000,10000,7700,0,300,597.1499506753125,35.54389999771956,10188.214900001185,522.8205194805195
1785416456,40,,Aggregated,9.700000,0.000000,300,500,660,780,1300,2000,4400,6300,8600,10000,10000,7714,0,300,599.4940988592045,35.54389999771956,10188.214900001185,522.6884884625357
1785416457,40,,Aggregated,10.300000,0.000000,300,500,660,780,1300,2000,4500,6300,8600,10000,10000,7727,0,300,603.5925110780252,35.54389999771956,10188.214900001185,522.5790086708943
1785416458,40,,Aggregated,11.100000,0.000000,300,500,660,780,1300,2000,4500,6300,8600,10000,10000,7743,0,300,607.7733272116626,35.54389999771956,10188.214900001185,522.3360454604159
1785416459,40,,Aggregated,11.400000,0.000000,300,500,660,780,1300,2000,4500,6300,8600,10000,10000,7755,0,300,609.3135741457006,35.54389999771956,10188.214900001185,522.1276595744681
1785416460,40,,Aggregated,11.800000,0.000000,310,500,660,790,1300,2100,4500,6300,8600,10000,10000,7767,0,310,613.1362062057309,35.54389999771956,10188.214900001185,522.0874211407236
1785416461,40,,Aggregated,12.400000,0.000000,310,500,660,790,1300,2100,4600,6300,8600,10000,10000,7774,0,310,614.1286636609088,35.54389999771956,10188.214900001185,521.9373552868536
1785416462,40,,Aggregated,12.100000,0.000000,310,500,660,790,1300,2100,4600,6400,8600,11000,11000,7787,0,310,619.4937981379094,35.54389999771956,10633.990199999971,521.9122897136252
1785416463,40,,Aggregated,12.200000,0.000000,310,500,660,790,1300,2100,4700,6400,8700,11000,11000,7799,0,310,624.0167830619174,35.54389999771956,10633.990199999971,521.9528144633928
1785416464,40,,Aggregated,12.000000,0.000000,310,500,660,790,1300,2100,4700,6400,8700,11000,11000,7808,0,310,626.1368613857451,35.54389999771956,10633.990199999971,521.7120901639345
1785416465,40,,Aggregated,12.200000,0.000000,310,500,660,790,1300,2200,4900,6400,8700,11000,11000,7817,0,310,631.1354079186256,35.54389999771956,10633.990199999971,521.8047844441602
1785416466,40,,Aggregated,12.500000,0.000000,310,500,670,790,1300,2200,5700,6400,8700,11000,11000,7825,0,310,634.1306415463124,35.54389999771956,10633.990199999971,521.7546325878594
1785416467,40,,Aggregated,12.300000,0.000000,310,500,670,800,1300,2200,5800,6400,8700,11000,11000,7834,0,310,637.2029040336854,35.54389999771956,10633.990199999971,521.5326780699515
1785416468,40,,Aggregated,11.500000,0.000000,310,500,670,800,1300,2200,5800,6400,8700,11000,11000,7844,0,310,640.2849499744898,35.54389999771956,10633.990199999971,521.4154767975523
1785416469,40,,Aggregated,10.600000,0.000000,310,500,670,800,1300,2300,5900,6400,8700,11000,11000,7856,0,310,645.5419401476446,35.54389999771956,10633.990199999971,521.3514511201629
1785416470,40,,Aggregated,10.500000,0.000000,310,500,670,800,1300,2300,5900,6400,8800,11000,11000,7875,0,310,650.6094354158599,35.54389999771956,10633.990199999971,521.1399365079365
1785416471,40,,Aggregated,10.200000,0.000000,310,500,670,800,1400,2300,5900,6500,8800,11000,11000,7892,0,310,653.672247592486,35.54389999771956,10633.990199999971,520.6871515458693
1785416472,40,,Aggregated,10.500000,0.000000,310,500,670,800,1400,2300,5900,6500,8800,11000,11000,7901,0,310,655.1949931021264,35.54389999771956,10633.990199999971,520.4310846728263
1785416473,40,,Aggregated,11.700000,0.000000,310,500,670,800,1400,2300,6000,6500,8800,11000,11000,7913,0,310,657.9939180715147,35.54389999771956,10633.990199999971,520.2307595096677
1785416474,40,,Aggregated,12.200000,0.000000,310,510,670,810,1400,2400,6000,6500,8800,11000,11000,7931,0,310,665.2015465767112,35.54389999771956,10633.990199999971,520.2398184339932
1785416475,40,,Aggregated,11.500000,0.000000,310,510,680,810,1400,2400,6000,6500,8800,11000,11000,7944,0,310,667.842325427983,35.54389999771956,10633.990199999971,520.0784239677744
1785416476,40,,Aggregated,11.900000,0.000000,310,510,680,810,1400,2400,6000,6500,8800,11000,11000,7953,0,310,669.9122293599767,35.54389999771956,10633.990199999971,520.0939268200678
1785416477,40,,Aggregated,12.400000,0.000000,310,510,680,810,1400,2500,6000,6500,8800,11000,11000,7966,0,310,672.9062833040284,35.54389999771956,10633.990199999971,519.9117499372333
1785416478,40,,Aggregated,12.800000,0.000000,310,510,680,810,1400,2500,6000,6500,8800,11000,11000,7976,0,310,676.615205265783,35.54389999771956,10633.990199999971,519.9666499498495
1785416479,40,,Aggregated,13.500000,0.000000,310,510,680,820,1400,2600,6000,6500,8800,11000,11000,7987,0,310,679.0052781269422,35.54389999771956,10633.990199999971,519.9773381745337
1785416480,40,,Aggregated,13.200000,0.000000,310,510,680,820,1400,2600,6000,6500,8800,11000,11000,7995,0,310,681.7080433145577,35.54389999771956,10633.990199999971,520.118574108818
1785416481,40,,Aggregated,12.900000,0.000000,310,510,680,820,1400,2700,6100,6500,8700,11000,11000,8005,0,310,686.9323107432716,35.54389999771956,10633.990199999971,520.3352904434728
1785416482,40,,Aggregated,12.600000,0.000000,310,510,680,820,1400,2700,6100,6500,8700,11000,11000,8013,0,310,690.1131738549714,35.54389999771956,10633.990199999971,520.3932359915137
1785416483,40,,Aggregated,11.200000,0.000000,310,510,690,820,1400,2800,6100,6600,8700,11000,11000,8022,0,310,691.7393585764005,35.54389999771956,10633.990199999971,520.3273497880828
1785416484,40,,Aggregated,10.700000,0.000000,310,510,690,820,1400,2900,6100,6600,8800,11000,11000,8031,0,310,695.3854806624184,35.54389999771956,10633.990199999971,520.3399327605529
1785416485,40,,Aggregated,11.100000,0.000000,310,510,690,820,1400,2900,6100,6600,9000,11000,11000,8033,0,310,697.0144324162679,35.54389999771956,10633.990199999971,520.4155359143533
1785416486,40,,Aggregated,10.200000,0.000000,310,510,690,820,1400,3100,6200,6600,9300,11000,11000,8043,0,310,701.7223018525278,35.54389999771956,10633.990199999971,520.3441501927142
1785416487,40,,Aggregated,9.400000,0.000000,310,520,690,830,1500,3600,6200,6700,9300,11000,11000,8059,0,310,711.0419198287478,35.54389999771956,10633.990199999971,520.3587293708897
1785416488,40,,Aggregated,8.900000,0.000000,310,520,690,830,1500,3600,6300,6800,9300,11000,11000,8069,0,310,714.2883245259484,35.54389999771956,10633.990199999971,520.3276738133598
1785416489,40,,Aggregated,8.500000,0.000000,310,520,690,830,1500,3800,6300,6800,9300,11000,11000,8079,0,310,716.3658733382698,35.54389999771956,10633.990199999971,520.2986755786608
1785416490,40,,Aggregated,9.400000,0.000000,310,520,690,840,1500,3900,6300,6800,9300,11000,11000,8097,0,310,722.9538024823862,35.54389999771956,10633.990199999971,520.3050512535507
1785416491,40,,Aggregated,9.100000,0.000000,310,520,690,840,1500,4000,6300,6800,9300,11000,11000,8107,0,310,725.6116171456624,35.54389999771956,10633.990199999971,520.2748242259776
1785416492,40,,Aggregated,9.200000,0.000000,310,520,700,840,1500,4000,6300,6800,9300,11000,11000,8122,0,310,728.5725378354941,35.54389999771956,10633.990199999971,520.0269638020192
1785416493,40,,Aggregated,9.900000,0.000000,310,520,700,850,1500,4000,6300,6800,9300,11000,11000,8134,0,310,732.4307245758401,35.54389999771956,10633.990199999971,519.992131792476
1785416494,40,,Aggregated,10.200000,0.000000,310,520,700,850,1500,4000,6300,6800,9300,11000,11000,8146,0,310,735.4876892462412,35.54389999771956,10633.990199999971,519.8572305425976
1785416495,40,,Aggregated,10.700000,0.000000,310,520,700,850,1500,4000,6300,6800,9300,11000,11000,8151,0,310,736.7650512206944,35.54389999771956,10633.990199999971,519.8841859894492
1785416496,40,,Aggregated,11.500000,0.000000,310,520,700,850,1500,4100,6300,6800,9300,11000,11000,8162,0,310,739.9800228620285,35.54389999771956,10633.990199999971,519.7920852732174
1785416497,40,,Aggregated,11.400000,0.000000,310,520,700,850,1600,4100,6300,6800,9300,11000,11000,8178,0,310,745.1521593054384,35.54389999771956,10633.990199999971,519.5687209586696
1785416498,40,,Aggregated,11.200000,0.000000,310,520,700,860,1600,4100,6300,6800,9300,11000,11000,8189,0,310,749.5163501770508,35.54389999771956,10633.990199999971,519.7397728660399
1785416499,40,,Aggregated,11.500000,0.000000,310,520,700,860,1600,4100,6300,6800,9300,11000,11000,8195,0,310,751.5198129469021,35.54389999771956,10633.990199999971,519.702379499695
1785416500,40,,Aggregated,11.400000,0.000000,310,520,700,860,1600,4100,6300,6800,9300,11000,11000,8201,0,310,754.2227361297232,35.54389999771956,10633.990199999971,519.6652847213754
1785416501,40,,Aggregated,11.800000,0.000000,310,520,700,860,1600,4100,6300,6800,9300,11000,11000,8210,0,310,757.5267377709945,35.54389999771956,10633.990199999971,519.6606577344702
1785416502,40,,Aggregated,11.400000,0.000000,310,530,710,870,1600,4200,6400,6800,9300,11000,11000,8222,0,310,762.9363022013947,35.54389999771956,10633.990199999971,519.6881537338847
1785416504,40,,Aggregated,10.400000,0.000000,310,530,710,870,1600,4200,6400,6800,9300,11000,11000,8232,0,310,765.8877063289443,35.54389999771956,10633.990199999971,519.5802964042759
1785416505,40,,Aggregated,10.300000,0.000000,310,530,710,870,1600,4200,6400,6800,9400,11000,11000,8247,0,310,770.454801709697,35.54389999771956,10633.990199999971,519.3396386564812
1785416506,40,,Aggregated,10.000000,0.000000,310,530,710,870,1600,4200,6400,6800,9400,11000,11000,8256,0,310,772.941973304248,35.54389999771956,10633.990199999971,519.2771317829457
1785416507,40,,Aggregated,9.500000,0.000000,310,530,710,870,1700,4300,6400,6800,9400,11000,11000,8270,0,310,776.8741927569368,35.54389999771956,10633.990199999971,519.0811366384522
1785416508,40,,Aggregated,10.500000,0.000000,310,530,710,870,1700,4300,6400,6800,9400,11000,11000,8277,0,310,779.4200383109669,35.54389999771956,10633.990199999971,519.1807418146672
1785416509,40,,Aggregated,10.800000,0.000000,310,530,710,880,1700,4300,6400,6900,9400,11000,11000,8290,0,310,783.5148081785127,35.54389999771956,10633.990199999971,519.1622436670688
1785416510,40,,Aggregated,9.800000,0.000000,310,530,710,880,1700,4300,6400,6900,9400,11000,11000,8298,0,310,786.2390717883671,35.54389999771956,10633.990199999971,519.1201494335985
1785416511,40,,Aggregated,10.000000,0.000000,310,530,710,880,1700,4300,6400,6900,9400,11000,11000,8305,0,310,788.1349030583824,35.54389999771956,10633.990199999971,519.0425045153522
1785416512,40,,Aggregated,10.000000,0.000000,310,530,710,880,1700,4300,6400,6900,9400,11000,11000,8317,0,310,791.9337452326406,35.54389999771956,10633.990199999971,518.9891787904293
1785416513,40,,Aggregated,10.300000,0.000000,310,530,720,890,1700,4400,6400,6900,9400,11000,11000,8327,0,310,796.3767417677279,35.54389999771956,10633.990199999971,518.8431608022097
1785416514,40,,Aggregated,10.300000,0.000000,310,530,720,890,1700,4400,6400,6900,9400,11000,11000,8337,0,310,800.0051848986288,35.54389999771956,10633.990199999971,518.7953700371836
1785416515,40,,Aggregated,10.000000,0.000000,310,530,720,890,1700,4400,6400,6900,9400,11000,11000,8348,0,310,802.9279708313213,35.54389999771956,10633.990199999971,518.6278150455199
1785416516,40,,Aggregated,10.500000,0.000000,310,530,720,890,1800,4400,6400,6900,9600,11000,11000,8355,0,310,805.5244325314028,35.54389999771956,10633.990199999971,518.6493117893477
1785416517,40,,Aggregated,10.000000,0.000000,310,530,720,900,1800,4400,6500,7000,9600,11000,11000,8372,0,310,811.0891395365364,35.54389999771956,10633.990199999971,518.4661968466316
1785416518,40,,Aggregated,9.700000,0.000000,310,530,720,900,1800,4500,6500,7000,9600,11000,11000,8387,0,310,815.1274690234742,35.54389999771956,10633.990199999971,518.5463216883272
1785416519,40,,Aggregated,10.000000,0.000000,310,530,720,900,1800,4500,6500,7100,9600,11000,11000,8392,0,310,817.0375713894043,35.54389999771956,10633.990199999971,518.4945185891326
1785416520,40,,Aggregated,11.000000,0.000000,310,540,720,900,1800,4500,6500,7100,10000,11000,11000,8405,0,310,821.9866269125371,35.54389999771956,10633.990199999971,518.5564544913742
1785416521,40,,Aggregated,10.000000,0.000000,310,540,730,910,1900,4500,6500,7100,10000,11000,11000,8418,0,310,826.3648538251219,35.54389999771956,10633.990199999971,518.3646947018294
1785416522,40,,Aggregated,10.400000,0.000000,320,540,730,910,1900,4500,6500,7100,10000,11000,11000,8428,0,310,828.8268138941472,35.54389999771956,10633.990199999971,518.3363787375415
1785416523,40,,Aggregated,10.900000,0.000000,320,540,730,910,1900,4500,6500,7100,10000,11000,11000,8434,0,310,829.8614536874402,35.54389999771956,10633.990199999971,518.2425895186151
1785416524,40,,Aggregated,11.000000,0.000000,320,540,730,910,1900,4500,6500,7100,10000,11000,11000,8440,0,320,831.8324252606475,35.54389999771956,10633.990199999971,518.303317535545
1785416525,40,,Aggregated,10.900000,0.000000,320,540,730,920,1900,4500,6500,7700,10000,11000,11000,8457,0,320,837.4748075913278,35.54389999771956,10633.990199999971,518.1973513066099
1785416526,40,,Aggregated,10.100000,0.000000,320,540,730,920,2000,4600,6500,7800,10000,11000,11000,8482,0,320,842.3633826455857,35.54389999771956,10633.990199999971,517.4925725064843
1785416527,40,,Aggregated,10.500000,0.000000,320,540,730,930,2000,4600,6500,7800,10000,11000,11000,8503,0,320,845.1685238151061,35.54389999771956,10633.990199999971,517.0904386687051
1785416528,40,,Aggregated,12.200000,0.000000,310,540,730,930,2000,4600,6500,7800,10000,11000,11000,8513,0,310,846.5359521672558,35.54389999771956,10633.990199999971,516.9889580641373
1785416529,40,,Aggregated,12.500000,0.000000,320,540,740,930,2000,4600,6500,7800,10000,11000,11000,8527,0,320,849.3060772721763,35.54389999771956,10633.990199999971,516.8542277471561
1785416530,40,,Aggregated,12.300000,0.000000,320,540,740,930,2000,4600,6500,7800,10000,11000,11000,8537,0,320,850.5468994260091,35.54389999771956,10633.990199999971,516.903947522549
1785416531,40,,Aggregated,13.100000,0.000000,320,540,740,930,2000,4600,6500,7800,10000,11000,11000,8545,0,320,852.7726960210449,35.54389999771956,10633.990199999971,516.8615564657695
1785416532,40,,Aggregated,13.300000,0.000000,320,540,740,930,2000,4600,6500,7800,10000,11000,11000,8549,0,320,854.1397186103444,35.54389999771956,10633.990199999971,516.9286466253363
1785416533,40,,Aggregated,13.100000,0.000000,320,540,740,930,2000,4600,6500,7800,10000,11000,11000,8557,0,320,857.2180652681824,35.54389999771956,10633.990199999971,516.718242374664
1785416534,40,,Aggregated,12.000000,0.000000,320,540,740,930,2100,4700,6500,7900,10000,11000,11000,8569,0,320,861.3666982494846,35.54389999771956,10633.990199999971,516.5725288831836
1785416535,40,,Aggregated,12.000000,0.000000,320,540,740,930,2100,4700,6500,7900,10000,11000,11000,8576,0,320,863.3620885960622,35.54389999771956,10633.990199999971,516.5938666044776
1785416536,40,,Aggregated,12.700000,0.000000,320,540,740,940,2100,4700,6600,7900,10000,11000,11000,8585,0,320,866.8641191496598,35.54389999771956,10633.990199999971,516.6103669190448
1785416537,40,,Aggregated,12.400000,0.000000,320,540,750,940,2100,4800,6600,7900,10000,11000,11000,8591,0,320,869.0995290769215,35.54389999771956,10633.990199999971,516.5972529391223
1785416538,40,,Aggregated,10.600000,0.000000,320,540,750,940,2100,4800,6600,7900,10000,11000,11000,8605,0,320,873.5834143172369,35.54389999771956,10633.990199999971,516.6404416037187
1785416539,40,,Aggregated,9.400000,0.000000,320,550,750,950,2200,4900,6600,7900,10000,11000,11000,8623,0,320,881.9535758552507,35.54389999771956,10633.990199999971,516.5993273802621
1785416540,40,,Aggregated,9.300000,0.000000,320,550,750,950,2200,4900,6600,7900,10000,11000,11000,8636,0,320,883.9189039022485,35.54389999771956,10633.990199999971,516.4358499305234
1785416541,40,,Aggregated,9.900000,0.000000,320,550,750,950,2200,5000,6600,7900,10000,11000,11000,8651,0,320,886.7185700034479,35.54389999771956,10633.990199999971,516.2672523407698
1785416542,40,,Aggregated,10.000000,0.000000,320,550,750,950,2200,5000,6600,7900,10000,11000,11000,8664,0,320,888.6131533471643,35.54389999771956,10633.990199999971,516.1243074792244
1785416543,40,,Aggregated,10.300000,0.000000,320,550,750,950,2200,5500,6600,7900,10000,11000,11000,8670,0,320,889.6574434601885,35.54389999771956,10633.990199999971,516.1116493656286
1785416544,40,,Aggregated,11.400000,0.000000,320,550,760,950,2200,5500,6600,7900,10000,11000,11000,8679,0,320,890.9632965318395,35.54389999771956,10633.990199999971,516.129508007835
1785416545,40,,Aggregated,11.400000,0.000000,320,550,760,960,2200,5600,6600,8000,10000,11000,11000,8699,0,320,896.5117162662191,35.54389999771956,10633.990199999971,515.9342453155535
1785416546,40,,Aggregated,10.900000,0.000000,320,550,760,960,2200,5600,6600,8000,10000,11000,11000,8712,0,320,900.0418716482824,35.54389999771956,10633.990199999971,515.6791781450872
1785416547,40,,Aggregated,11.400000,0.000000,320,550,760,960,2200,5600,6600,8100,10000,11000,11000,8724,0,320,902.1410378954421,35.54389999771956,10633.990199999971,515.5037826685007
1785416548,40,,Aggregated,12.400000,0.000000,320,550,760,960,2200,5700,6600,8100,10000,11000,11000,8733,0,320,903.4045533722477,35.54389999771956,10633.990199999971,515.3524562006183
1785416549,40,,Aggregated,12.800000,0.000000,320,550,760,960,2300,5700,6600,8100,10000,11000,11000,8747,0,320,906.0835049159525,35.54389999771956,10633.990199999971,515.2286498227963
1785416550,40,,Aggregated,12.700000,0.000000,320,550,770,960,2300,5700,6600,8100,10000,11000,11000,8762,0,320,909.9453460967632,35.54389999771956,10633.990199999971,515.0642547363616
1785416551,40,,Aggregated,12.400000,0.000000,320,550,770,970,2300,5800,6600,8100,10000,11000,11000,8780,0,320,914.9977691457681,35.54389999771956,10633.990199999971,514.8379271070615
1785416552,40,,Aggregated,12.500000,0.000000,320,550,770,970,2300,5800,6600,8100,10000,11000,11000,8787,0,320,914.946287162837,35.54389999771956,10633.990199999971,514.7117332422897
1785416553,40,,Aggregated,11.900000,0.000000,320,550,770,970,2300,5800,6600,8100,10000,11000,11000,8800,0,320,917.315078636346,35.54389999771956,10633.990199999971,514.6488636363637
1785416554,40,,Aggregated,12.200000,0.000000,320,550,770,970,2300,5800,6600,8100,10000,11000,11000,8813,0,320,919.2488323272265,35.54389999771956,10633.990199999971,514.4913196414387
1785416555,40,,Aggregated,12.400000,0.000000,320,550,770,980,2400,5800,6600,8100,10000,11000,11000,8827,0,320,921.2721911181424,35.54389999771956,10633.990199999971,514.1488614478305
1785416556,40,,Aggregated,13.100000,0.000000,320,550,770,980,2400,5800,6600,8100,10000,11000,11000,8837,0,320,923.6276141450538,35.54389999771956,10633.990199999971,513.8872920674437
1785416557,40,,Aggregated,13.100000,0.000000,320,550,770,980,2400,5800,6600,8100,10000,11000,11000,8853,0,320,927.7765232237472,35.54389999771956,10633.990199999971,513.6691516999887
1785416558,40,,Aggregated,12.700000,0.000000,320,550,780,990,2400,5800,6600,8100,10000,11000,11000,8864,0,320,929.5019973262457,35.54389999771956,10633.990199999971,513.6855821299639
1785416559,40,,Aggregated,12.600000,0.000000,320,550,780,990,2500,5800,6600,8100,10000,11000,11000,8882,0,320,934.3886485476058,35.54389999771956,11418.157399999473,513.4108308939428
1785416560,40,,Aggregated,12.800000,0.000000,320,550,780,990,2500,5900,6600,8100,10000,11000,11000,8893,0,320,936.266454762153,35.54389999771956,11418.157399999473,513.1890250759024
1785416561,40,,Aggregated,12.900000,0.000000,320,550,780,990,2500,5900,6600,8100,10000,11000,11000,8910,0,320,939.2254471941446,35.54389999771956,11418.157399999473,513.1161616161617
1785416562,40,,Aggregated,12.800000,0.000000,320,560,790,1000,2500,5800,6600,8100,10000,11000,11000,8923,0,320,940.889157704788,35.54389999771956,11418.157399999473,512.9834136501177
1785416563,40,,Aggregated,13.100000,0.000000,320,560,790,1000,2600,5800,6600,8100,10000,11000,11000,8935,0,320,942.7703621712163,35.54389999771956,11418.157399999473,512.8861779518746
1785416564,40,,Aggregated,12.900000,0.000000,320,560,790,1000,2600,5800,6600,8100,10000,11000,11000,8949,0,320,944.8931030282508,35.54389999771956,11418.157399999473,512.7138227734943
1785416565,40,,Aggregated,13.700000,0.000000,320,560,790,1000,2700,5800,6600,8100,10000,11000,11000,8963,0,320,947.2017062590445,35.54389999771956,11418.157399999473,512.5418944549816
1785416566,40,,Aggregated,13.300000,0.000000,320,560,790,1000,2700,5800,6600,8100,10000,11000,11000,8979,0,320,949.3409982403176,35.54389999771956,11418.157399999473,512.4428110034524
1785416567,40,,Aggregated,13.100000,0.000000,320,560,790,1000,2800,5900,6600,8100,10000,11000,11000,8994,0,320,953.3563439737399,35.54389999771956,11418.157399999473,512.5245719368468
1785416568,40,,Aggregated,13.300000,0.000000,320,560,790,1000,2900,5800,6600,8100,10000,11000,11000,9004,0,320,954.4745357063321,35.54389999771956,11418.157399999473,512.3436250555309
1785416569,40,,Aggregated,13.800000,0.000000,320,560,790,1000,2900,5800,6600,8100,10000,11000,11000,9013,0,320,955.6003093753259,35.54389999771956,11418.157399999473,512.2929102407634
1785416570,40,,Aggregated,13.800000,0.000000,320,560,790,1000,3100,5900,6600,8100,10000,11000,11000,9027,0,320,959.7315402459087,35.54389999771956,11418.157399999473,512.305417082087
1785416571,40,,Aggregated,13.400000,0.000000,320,560,790,1000,3400,5900,6600,8100,10000,11000,11000,9041,0,320,962.4549848357278,35.54389999771956,11418.157399999473,512.356597721491
1785416572,40,,Aggregated,12.900000,0.000000,320,560,800,1000,3600,5900,6600,8100,10000,11000,11000,9049,0,320,965.0458620620859,35.54389999771956,11418.157399999473,512.4892253287657
1785416573,40,,Aggregated,13.300000,0.000000,320,560,800,1000,3600,5900,6600,8100,10000,11000,11000,9056,0,320,966.679703831694,35.54389999771956,11418.157399999473,512.5145759717315
1785416574,40,,Aggregated,13.200000,0.000000,320,560,800,1000,3600,5900,6600,8100,10000,11000,11000,9065,0,320,968.7629479536486,35.54389999771956,11418.157399999473,512.607722007722
1785416575,40,,Aggregated,12.500000,0.000000,320,560,800,1000,3600,5900,6600,8100,10000,11000,11000,9078,0,320,970.4659515862329,35.54389999771956,11418.157399999473,512.4589116545494
1785416576,40,,Aggregated,11.900000,0.000000,320,560,800,1000,3700,5900,6600,8100,10000,11000,11000,9087,0,320,972.054147540422,35.54389999771956,11418.157399999473,512.4077253218884
1785416577,40,,Aggregated,11.600000,0.000000,320,560,800,1000,3700,5900,6700,8100,10000,11000,11000,9106,0,320,977.1501433669906,35.54389999771956,11418.157399999473,512.1765868658027
1785416578,40,,Aggregated,11.800000,0.000000,320,560,810,1000,3800,5900,6700,8100,10000,11000,11000,9128,0,320,982.0234246494103,35.54389999771956,11418.157399999473,512.1194127957932
1785416579,40,,Aggregated,10.700000,0.000000,320,560,810,1000,3800,5900,6700,8100,10000,11000,11000,9141,0,320,983.8668228202399,35.54389999771956,11418.157399999473,512.0607154578274
1785416580,40,,Aggregated,11.500000,0.000000,320,570,810,1000,3800,5900,6700,8100,10000,11000,11000,9155,0,320,985.7232821627334,35.54389999771956,11418.157399999473,511.9661387220098
1785416581,40,,Aggregated,12.300000,0.000000,320,570,810,1000,3800,5900,6700,8100,10000,11000,11000,9164,0,320,986.7533589916872,35.54389999771956,11418.157399999473,511.9156481885639
1785416582,40,,Aggregated,12.800000,0.000000,320,570,810,1000,3800,5900,6700,8100,10000,11000,11000,9169,0,320,987.9797029228735,35.54389999771956,11418.157399999473,511.8527647507907
1785416583,40,,Aggregated,12.500000,0.000000,320,570,810,1000,3800,5900,6700,8100,10000,11000,11000,9178,0,320,990.0664771409711,35.54389999771956,11418.157399999473,511.78001743299194
1785416584,40,,Aggregated,12.200000,0.000000,320,570,810,1100,3800,5900,6700,8100,10000,11000,11000,9191,0,320,993.5500611358751,35.54389999771956,11418.157399999473,511.85986290936785
1785416585,40,,Aggregated,11.700000,0.000000,320,570,810,1100,3800,5900,6700,8100,10000,11000,11000,9201,0,320,996.606079480473,35.54389999771956,11418.157399999473,511.8234974459298
1785416586,40,,Aggregated,12.100000,0.000000,320,570,820,1100,3900,5900,6700,8100,10000,11000,11000,9210,0,320,999.8690875026966,35.54389999771956,11418.157399999473,511.91226927252984
1785416587,40,,Aggregated,12.400000,0.000000,320,570,820,1100,3900,5900,6700,8100,10000,11000,11000,9222,0,320,1002.3749063109773,35.54389999771956,11418.157399999473,511.960962914769
1785416588,40,,Aggregated,11.800000,0.000000,320,570,820,1100,3900,6000,6700,8100,10000,11000,11000,9235,0,320,1006.7674459772418,35.54389999771956,11418.157399999473,511.95343800757985
1785416589,40,,Aggregated,12.300000,0.000000,320,570,820,1100,3900,6000,6700,8100,10000,11000,11000,9248,0,320,1008.6266854779209,35.54389999771956,11418.157399999473,511.8930579584775
1785416590,40,,Aggregated,11.200000,0.000000,320,570,820,1100,3900,6000,6700,8200,10000,12000,12000,9257,0,320,1010.7562917035551,35.54389999771956,12403.5423000023,511.66501026250404
1785416591,40,,Aggregated,10.700000,0.000000,320,570,820,1100,3900,6000,6700,8200,10000,12000,12000,9268,0,320,1014.2480101100351,35.54389999771956,12403.5423000023,511.5926845058265
1785416592,40,,Aggregated,10.500000,0.000000,320,570,820,1100,3900,6000,6700,8200,10000,12000,12000,9280,0,320,1017.0006718857547,35.54389999771956,12403.5423000023,511.5371767241379
1785416594,40,,Aggregated,10.200000,0.000000,320,570,820,1100,3900,6000,6700,8200,10000,12000,12000,9290,0,320,1017.6770636490629,35.54389999771956,12403.5423000023,511.3614639397201
1785416595,40,,Aggregated,10.300000,0.000000,320,570,820,1100,3900,6000,6800,8200,10000,12000,12000,9298,0,320,1020.3198214454501,35.54389999771956,12403.5423000023,511.4204129920413
1785416596,40,,Aggregated,11.000000,0.000000,320,570,830,1100,3900,6000,6800,8200,10000,12000,12000,9305,0,320,1022.5377298334008,35.54389999771956,12403.5423000023,511.37420741536806
1785416597,40,,Aggregated,11.200000,0.000000,320,570,830,1100,4000,6000,6800,8200,10000,12000,12000,9315,0,320,1024.840093215222,35.54389999771956,12403.5423000023,511.18250134192164
1785416598,40,,Aggregated,10.400000,0.000000,320,580,840,1100,4000,6000,6800,8200,10000,12000,12000,9336,0,320,1031.9435193765848,35.54389999771956,12403.5423000023,511.0097472150814
1785416599,40,,Aggregated,10.400000,0.000000,320,580,840,1100,4000,6000,6800,8200,10000,12000,12000,9347,0,320,1034.646456221225,35.54389999771956,12403.5423000023,510.94030170108056
1785416600,40,,Aggregated,11.300000,0.000000,320,580,840,1100,4000,6000,6800,8200,10000,12000,12000,9359,0,320,1036.9275063895484,35.54389999771956,12403.5423000023,510.78341703173413
1785416601,40,,Aggregated,11.300000,0.000000,320,580,840,1100,4000,6000,6800,8200,10000,12000,12000,9370,0,320,1038.9532451013652,35.54389999771956,12403.5423000023,510.6435432230523
1785416602,40,,Aggregated,10.800000,0.000000,320,580,850,1100,4000,6000,6800,8200,10000,12000,12000,9380,0,320,1041.6233174520032,35.54389999771956,12403.5423000023,510.7685501066098
1785416603,40,,Aggregated,10.800000,0.000000,320,580,850,1100,4000,6000,6800,8200,10000,12000,12000,9386,0,320,1043.0936226081174,35.54389999771956,12403.5423000023,510.74227572981033
1785416604,40,,Aggregated,11.100000,0.000000,320,580,850,1100,4000,6000,6800,8200,10000,12000,12000,9396,0,320,1045.0365630480828,35.54389999771956,12403.5423000023,510.79842486164324
1785416605,40,,Aggregated,10.600000,0.000000,320,580,850,1100,4000,6000,6800,8200,10000,12000,12000,9414,0,320,1048.5642334076683,35.54389999771956,12403.5423000023,510.42468663692375
1785416606,40,,Aggregated,10.400000,0.000000,320,580,850,1100,4000,6000,6800,8200,10000,12000,12000,9426,0,320,1050.9864633036061,35.54389999771956,12403.5423000023,510.3184807977933
1785416607,40,,Aggregated,10.400000,0.000000,320,580,850,1100,4000,6000,6800,8200,10000,12000,12000,9435,0,320,1052.1421832538197,35.54389999771956,12403.5423000023,510.11340752517225
1785416608,40,,Aggregated,11.500000,0.000000,320,580,860,1100,4000,6100,6800,8200,10000,12000,12000,9452,0,320,1056.5923877697621,35.54389999771956,12403.5423000023,510.03480744815914
1785416609,40,,Aggregated,12.000000,0.000000,320,580,860,1100,4000,6100,6800,8200,10000,12000,12000,9465,0,320,1057.6410188166708,35.54389999771956,12403.5423000023,509.91167459059693
1785416610,40,,Aggregated,12.000000,0.000000,320,580,860,1100,4000,6100,6900,8200,10000,12000,12000,9477,0,320,1059.893421304187,35.54389999771956,12403.5423000023,509.66972670676375
1785416611,40,,Aggregated,11.600000,0.000000,320,590,860,1200,4100,6100,6900,8200,10000,12000,12000,9485,0,320,1062.3814775645524,35.54389999771956,12403.5423000023,509.79683711122823
1785416612,40,,Aggregated,12.100000,0.000000,320,590,860,1200,4100,6100,6900,8200,10000,12000,12000,9502,0,320,1066.8443420858537,35.54389999771956,12403.5423000023,509.63649757945694
1785416613,40,,Aggregated,11.400000,0.000000,320,590,870,1200,4100,6100,6900,8200,10000,12000,12000,9512,0,320,1069.2205536585136,35.54389999771956,12403.5423000023,509.67409587888983
1785416614,40,,Aggregated,11.600000,0.000000,320,590,870,1200,4100,6100,6900,8200,10000,12000,12000,9520,0,320,1071.3672313340107,35.54389999771956,12403.5423000023,509.6628151260504
1785416615,40,,Aggregated,12.100000,0.000000,320,590,870,1200,4100,6100,6900,8200,10000,12000,12000,9525,0,320,1072.8162162204496,35.54389999771956,12403.5423000023,509.7596850393701
1785416616,40,,Aggregated,12.300000,0.000000,320,590,870,1200,4100,6100,6900,8200,10000,12000,12000,9539,0,320,1075.7021033651104,35.54389999771956,12403.5423000023,509.60331271621766
1785416617,40,,Aggregated,11.100000,0.000000,320,590,870,1200,4100,6100,6900,8200,10000,12000,12000,9553,0,320,1078.4274561184739,35.54389999771956,12403.5423000023,509.653616664922
1785416618,40,,Aggregated,11.100000,0.000000,320,590,870,1200,4100,6100,6900,8200,10000,12000,12000,9569,0,320,1080.8732638624485,35.54389999771956,12403.5423000023,509.3875013063016
1785416619,40,,Aggregated,11.600000,0.000000,320,590,870,1200,4100,6100,6900,8200,10000,12000,12000,9581,0,320,1081.8777717357027,35.54389999771956,12403.5423000023,509.30362175138293
1785416620,40,,Aggregated,11.400000,0.000000,320,590,870,1200,4100,6100,6900,8300,10000,12000,12000,9596,0,320,1084.3261332117302,35.54389999771956,12403.5423000023,509.1811171321384
1785416621,40,,Aggregated,11.400000,0.000000,320,590,880,1200,4100,6100,6900,8300,10000,12000,12000,9613,0,320,1087.5737585040838,35.54389999771956,12403.5423000023,508.990325600749
1785416622,40,,Aggregated,11.200000,0.000000,320,590,880,1200,4100,6100,6900,8300,10000,12000,12000,9626,0,320,1090.085928755429,35.54389999771956,12403.5423000023,508.9422397672969
1785416623,40,,Aggregated,12.100000,0.000000,320,590,880,1200,4100,6100,6900,8300,10000,12000,12000,9640,0,320,1092.801399367195,35.54389999771956,12403.5423000023,508.79128630705395
1785416624,40,,Aggregated,12.700000,0.000000,320,590,880,1200,4100,6100,6900,8300,10000,12000,12000,9651,0,320,1093.851670531526,35.54389999771956,12403.5423000023,508.67619935757955
1785416625,40,,Aggregated,12.800000,0.000000,320,590,890,1200,4100,6100,6900,8300,10000,12000,12000,9664,0,320,1095.8136054325073,35.54389999771956,12403.5423000023,508.61092715231786
1785416626,40,,Aggregated,12.900000,0.000000,320,590,890,1200,4100,6100,6900,8300,10000,12000,12000,9677,0,320,1098.555700950682,35.54389999771956,12403.5423000023,508.6292239330371
1785416627,40,,Aggregated,13.300000,0.000000,320,590,890,1200,4100,6100,6900,8300,10000,12000,12000,9683,0,320,1099.1256077145251,35.54389999771956,12403.5423000023,508.6210885056284
1785416628,40,,Aggregated,13.500000,0.000000,320,590,890,1200,4100,6100,6900,8300,10000,12000,12000,9695,0,320,1101.3255425889377,35.54389999771956,12403.5423000023,508.539865910263
1785416629,40,,Aggregated,12.900000,0.000000,320,600,890,1200,4200,6100,6900,8200,10000,12000,12000,9711,0,320,1104.099141839125,35.54389999771956,12403.5423000023,508.5884049016579
1785416630,40,,Aggregated,12.400000,0.000000,320,600,900,1200,4200,6100,6900,8200,10000,12000,12000,9719,0,320,1105.3448087354407,35.54389999771956,12403.5423000023,508.5777343348081
1785416631,40,,Aggregated,13.000000,0.000000,320,600,900,1200,4200,6100,6900,8200,10000,12000,12000,9727,0,320,1105.9755721805018,35.54389999771956,12403.5423000023,508.36414105068366
1785416632,40,,Aggregated,12.700000,0.000000,320,600,900,1200,4200,6100,7000,8300,10000,12000,12000,9745,0,320,1111.1628985941234,35.54389999771956,12403.5423000023,508.2245253976398
1785416633,40,,Aggregated,11.900000,0.000000,320,600,900,1200,4200,6100,7000,8300,10000,12000,12000,9763,0,320,1115.167391344845,35.54389999771956,12403.5423000023,508.1378674587729
1785416634,40,,Aggregated,11.500000,0.000000,320,600,900,1300,4200,6100,7000,8300,10000,12000,12000,9770,0,320,1115.945858085949,35.54389999771956,12403.5423000023,508.16315250767656
1785416635,40,,Aggregated,11.900000,0.000000,320,600,900,1300,4200,6200,7000,8300,10000,12000,12000,9781,0,320,1118.3213979142943,35.54389999771956,12403.5423000023,508.0980472344341
1785416636,40,,Aggregated,12.000000,0.000000,320,600,910,1300,4200,6200,7000,8300,10000,12000,12000,9786,0,320,1119.2553212752618,35.54389999771956,12403.5423000023,508.0594727161251
1785416637,40,,Aggregated,12.200000,0.000000,320,600,910,1300,4200,6200,7000,8300,10000,12000,12000,9797,0,320,1120.608995845638,35.54389999771956,12403.5423000023,507.86271307543126
1785416638,40,,Aggregated,11.400000,0.000000,320,600,910,1300,4200,6200,7000,8300,10000,12000,12000,9804,0,320,1121.6697977253891,35.54389999771956,12403.5423000023,507.7382700938393
1785416639,40,,Aggregated,11.400000,0.000000,320,600,910,1300,4200,6200,7000,8300,10000,12000,12000,9813,0,320,1124.1699578314185,35.54389999771956,12403.5423000023,507.611739529196
1785416640,40,,Aggregated,11.200000,0.000000,330,600,920,1300,4200,6200,7100,8300,10000,12000,12000,9829,0,330,1129.4539864787587,35.54389999771956,12403.5423000023,507.5960931936107
1785416641,40,,Aggregated,10.100000,0.000000,330,600,920,1300,4300,6200,7100,8300,10000,12000,12000,9845,0,330,1135.493504580977,35.54389999771956,12403.5423000023,507.67770441848654
1785416642,40,,Aggregated,10.100000,0.000000,330,600,920,1300,4300,6200,7100,8300,10000,12000,12000,9853,0,330,1136.6580667004691,35.54389999771956,12403.5423000023,507.6659900537907
1785416643,40,,Aggregated,11.100000,0.000000,330,600,930,1300,4300,6200,7100,8300,10000,12000,12000,9864,0,330,1137.7559503243835,35.54389999771956,12403.5423000023,507.61861313868616
1785416644,40,,Aggregated,11.300000,0.000000,330,600,930,1300,4300,6200,7100,8300,10000,12000,12000,9880,0,330,1139.3090358805387,35.54389999771956,12403.5423000023,507.59757085020243
1785416645,40,,Aggregated,10.500000,0.000000,330,600,930,1300,4300,6200,7100,8300,10000,12000,12000,9896,0,330,1140.9481935023966,35.54389999771956,12403.5423000023,507.27920371867424
1785416646,40,,Aggregated,10.700000,0.000000,330,610,930,1300,4300,6200,7100,8300,10000,12000,12000,9908,0,330,1143.875583215555,35.54389999771956,12403.5423000023,507.2462656439241
1785416647,40,,Aggregated,10.800000,0.000000,330,600,930,1300,4300,6200,7100,8300,10000,12000,12000,9918,0,330,1144.318322161698,35.54389999771956,12403.5423000023,507.10264166162534
1785416648,40,,Aggregated,11.600000,0.000000,330,610,930,1300,4300,6200,7100,8300,10000,12000,12000,9934,0,330,1146.0642919266886,35.54389999771956,12403.5423000023,506.9498691362996
1785416649,40,,Aggregated,12.000000,0.000000,330,610,930,1300,4300,6200,7100,8300,10000,12000,12000,9952,0,330,1149.872081239925,35.54389999771956,12403.5423000023,506.8627411575563
1785416650,40,,Aggregated,12.100000,0.000000,330,610,930,1300,4300,6200,7100,8300,10000,12000,12000,9963,0,330,1151.1309445046404,35.54389999771956,12403.5423000023,506.7498745357824
1785416651,40,,Aggregated,13.600000,0.000000,330,610,930,1300,4300,6200,7100,8300,10000,12000,12000,9974,0,330,1152.8371667735844,35.54389999771956,12403.5423000023,506.6200120312813
1785416652,40,,Aggregated,13.900000,0.000000,330,610,930,1300,4300,6200,7100,8300,10000,12000,12000,9985,0,330,1155.0919226739838,35.54389999771956,12403.5423000023,506.7728592889334
1785416653,40,,Aggregated,13.400000,0.000000,330,610,940,1400,4300,6200,7200,8300,10000,12000,12000,10000,0,330,1157.6191134599724,35.54389999771956,12403.5423000023,506.7919
1785416654,40,,Aggregated,12.800000,0.000000,330,610,940,1400,4300,6200,7100,8300,10000,11000,12000,10012,0,330,1159.3124537255017,35.54389999771956,12403.5423000023,506.714143028366
1785416655,40,,Aggregated,13.100000,0.000000,330,610,940,1400,4300,6200,7100,8300,10000,11000,12000,10022,0,330,1160.962966084586,35.54389999771956,12403.5423000023,506.4917182199162
1785416656,40,,Aggregated,13.200000,0.000000,330,610,940,1400,4300,6200,7100,8300,10000,11000,12000,10034,0,330,1163.8027544747579,35.54389999771956,12403.5423000023,506.4124975084712
1785416657,40,,Aggregated,13.100000,0.000000,330,610,940,1400,4400,6200,7100,8300,10000,11000,12000,10045,0,330,1165.5946619711017,35.54389999771956,12403.5423000023,506.43315082130414
1785416658,40,,Aggregated,12.700000,0.000000,330,610,940,1400,4400,6200,7100,8300,10000,11000,12000,10050,0,330,1166.899702975096,35.54389999771956,12403.5423000023,506.4439800995025
1785416659,40,,Aggregated,12.400000,0.000000,330,610,950,1400,4400,6200,7100,8300,10000,11000,12000,10060,0,330,1170.0722434492761,35.54389999771956,12403.5423000023,506.6301192842942
1785416660,40,,Aggregated,12.500000,0.000000,330,610,950,1400,4400,6200,7200,8300,10000,11000,12000,10073,0,330,1172.1526837287524,35.54389999771956,12403.5423000023,506.3549091631093
1785416661,40,,Aggregated,11.000000,0.000000,330,610,950,1400,4400,6200,7200,8300,10000,11000,12000,10086,0,330,1173.467814356506,35.54389999771956,12403.5423000023,506.3117192147531
1785416662,40,,Aggregated,10.600000,0.000000,330,610,950,1400,4400,6200,7400,8300,10000,11000,12000,10099,0,330,1177.3139907218247,35.54389999771956,12403.5423000023,506.18635508466184
1785416663,40,,Aggregated,10.600000,0.000000,330,610,960,1400,4400,6200,7400,8300,10000,11000,12000,10110,0,330,1179.868258061297,35.54389999771956,12403.5423000023,506.19080118694365
1785416664,40,,Aggregated,11.100000,0.000000,330,610,960,1400,4400,6200,7500,8300,10000,11000,12000,10121,0,330,1182.540570911938,35.54389999771956,12403.5423000023,506.1480090900109
1785416665,40,,Aggregated,11.200000,0.000000,330,620,960,1400,4400,6200,7500,8300,10000,11000,12000,10128,0,330,1183.8092521820415,35.54389999771956,12403.5423000023,506.17278830963664
1785416666,40,,Aggregated,10.800000,0.000000,330,620,960,1400,4400,6200,7600,8300,10000,11000,12000,10138,0,330,1186.4029774511453,35.54389999771956,12403.5423000023,506.1653186032748
1785416667,40,,Aggregated,10.500000,0.000000,330,620,960,1400,4400,6200,7600,8300,10000,11000,12000,10145,0,330,1187.216111513032,35.54389999771956,12403.5423000023,506.18915722030556
1785416668,40,,Aggregated,10.200000,0.000000,330,620,960,1400,4400,6200,7600,8300,10000,11000,12000,10153,0,330,1190.1177080665536,35.54389999771956,12403.5423000023,506.2296858071506
1785416669,40,,Aggregated,10.100000,0.000000,330,620,960,1400,4400,6200,7600,8300,10000,11000,12000,10162,0,330,1191.9610966541745,35.54389999771956,12403.5423000023,506.17299744144856
1785416670,40,,Aggregated,9.800000,0.000000,330,620,970,1400,4400,6300,7600,8300,10000,11000,12000,10173,0,330,1194.9446318981334,35.54389999771956,12403.5423000023,506.1307382286445
1785416671,40,,Aggregated,10.100000,0.000000,330,620,970,1400,4500,6300,7600,8300,10000,11000,12000,10188,0,330,1199.1790657439844,35.54389999771956,12403.5423000023,506.0850019630938
1785416672,40,,Aggregated,10.300000,0.000000,330,620,970,1500,4500,6300,7600,8300,10000,11000,12000,10197,0,330,1201.289751622998,35.54389999771956,12403.5423000023,506.17318819260566
1785416673,40,,Aggregated,10.200000,0.000000,330,620,970,1500,4500,6300,7600,8300,10000,11000,12000,10203,0,330,1201.9945629618455,35.54389999771956,12403.5423000023,506.0065666960698
1785416674,40,,Aggregated,10.100000,0.000000,330,620,980,1500,4500,6300,7700,8400,10000,11000,12000,10219,0,330,1205.2584788628742,35.54389999771956,12403.5423000023,505.8324689304237
1785416675,40,,Aggregated,9.600000,0.000000,330,620,980,1500,4500,6300,7700,8400,10000,11000,12000,10232,0,330,1207.9263014366397,35.54389999771956,12403.5423000023,505.70807271305705
1785416676,40,,Aggregated,9.400000,0.000000,330,620,980,1500,4500,6300,7700,8400,10000,11000,12000,10245,0,330,1209.9003629575116,35.54389999771956,12403.5423000023,505.5836993655442
1785416677,40,,Aggregated,9.800000,0.000000,330,630,980,1500,4500,6300,7700,8400,10000,11000,12000,10258,0,330,1211.9326318287876,35.54389999771956,12403.5423000023,505.5233963735621
1785416678,40,,Aggregated,10.300000,0.000000,330,630,990,1500,4500,6300,7700,8400,10000,11000,12000,10271,0,330,1214.3338737707825,35.54389999771956,12403.5423000023,505.3528380878201
1785416679,40,,Aggregated,10.700000,0.000000,330,630,990,1500,4500,6300,7700,8400,10000,11000,12000,10283,0,330,1216.06261849652,35.54389999771956,12403.5423000023,505.3407565885442
1785416680,40,,Aggregated,11.600000,0.000000,330,630,990,1500,4500,6300,7700,8400,10000,11000,12000,10300,0,330,1218.8450655824972,35.54389999771956,12403.5423000023,505.00825242718446
1785416681,40,,Aggregated,11.900000,0.000000,330,630,990,1500,4500,6300,7700,8400,10000,11000,12000,10311,0,330,1220.7277863737484,35.54389999771956,12403.5423000023,505.0316167200078
1785416682,40,,Aggregated,12.200000,0.000000,330,630,1000,1500,4500,6300,7700,8400,10000,11000,12000,10323,0,330,1222.1527874164203,35.54389999771956,12403.5423000023,504.94178049016756
1785416683,40,,Aggregated,12.700000,0.000000,330,630,1000,1500,4500,6300,7700,8400,10000,11000,12000,10335,0,330,1223.9054430478668,35.54389999771956,12403.5423000023,504.99554910498307
1785416684,40,,Aggregated,12.200000,0.000000,330,630,1000,1500,4500,6300,7700,8400,10000,11000,12000,10339,0,330,1223.8493685075643,35.54389999771956,12403.5423000023,504.9278460199246
1785416685,40,,Aggregated,12.600000,0.000000,330,630,1000,1500,4500,6300,7700,8400,10000,11000,12000,10349,0,330,1225.4006846361688,35.54389999771956,12403.5423000023,504.69765194704803
1785416686,40,,Aggregated,12.800000,0.000000,330,640,1000,1500,4600,6300,7700,8400,10000,11000,12000,10364,0,330,1229.099886067127,35.54389999771956,12403.5423000023,504.7186414511772
1785416687,40,,Aggregated,11.900000,0.000000,330,640,1000,1500,4600,6300,7700,8400,10000,11000,12000,10374,0,330,1230.5683631578663,35.54389999771956,12403.5423000023,504.50636205899366
1785416688,40,,Aggregated,11.600000,0.000000,330,640,1000,1600,4600,6300,7700,8400,10000,11000,12000,10391,0,330,1235.6002769608015,35.54389999771956,12403.5423000023,504.635165046675
1785416690,40,,Aggregated,11.800000,0.000000,330,640,1000,1600,4600,6300,7700,8400,10000,11000,12000,10407,0,330,1238.113191611386,35.54389999771956,12403.5423000023,504.6219852022677
1785416691,40,,Aggregated,11.200000,0.000000,330,640,1000,1600,4600,6300,7700,8400,10000,11000,12000,10413,0,330,1238.8872031402757,35.54389999771956,12403.5423000023,504.61807356189377
1785416692,40,,Aggregated,11.700000,0.000000,330,640,1000,1600,4600,6300,7700,8400,10000,11000,12000,10426,0,330,1241.6404838864078,35.54389999771956,12403.5423000023,504.7016113562248
1785416693,40,,Aggregated,12.000000,0.000000,330,640,1000,1600,4600,6300,7700,8400,10000,11000,12000,10433,0,330,1242.8824401897518,35.54389999771956,12403.5423000023,504.7911434870124
1785416694,40,,Aggregated,11.400000,0.000000,330,640,1000,1600,4600,6300,7700,8400,10000,11000,12000,10444,0,330,1244.6564579662647,35.54389999771956,12403.5423000023,504.79797012638835
1785416695,40,,Aggregated,10.900000,0.000000,330,640,1000,1600,4600,6300,7700,8400,10000,11000,12000,10453,0,330,1247.0288797282765,35.54389999771956,12403.5423000023,504.8851047546159
1785416696,40,,Aggregated,10.900000,0.000000,330,640,1000,1600,4600,6300,7700,8400,10000,11000,12000,10462,0,330,1248.3044941693433,35.54389999771956,12403.5423000023,504.8470655706366
1785416697,40,,Aggregated,10.800000,0.000000,330,640,1000,1600,4600,6300,7700,8400,10000,11000,12000,10475,0,330,1250.51038664436,35.54389999771956,12403.5423000023,504.66463007159905
1785416698,40,,Aggregated,11.200000,0.000000,330,640,1000,1600,4600,6300,7800,8400,10000,11000,12000,10484,0,330,1252.7292480541469,35.54389999771956,12403.5423000023,504.4855971003434
1785416699,40,,Aggregated,11.100000,0.000000,330,640,1000,1600,4600,6300,7800,8400,10000,11000,12000,10493,0,330,1254.768419470091,35.54389999771956,12403.5423000023,504.4935671399981
1785416700,40,,Aggregated,11.000000,0.000000,330,650,1000,1700,4600,6300,7800,8400,10000,11000,12000,10516,0,330,1259.280134157442,35.54389999771956,12403.5423000023,504.24286801065045
1785416701,40,,Aggregated,11.000000,0.000000,330,650,1000,1700,4600,6300,7800,8400,10000,11000,12000,10527,0,330,1260.6906396028946,35.54389999771956,12403.5423000023,504.2656027358222
1785416702,40,,Aggregated,10.100000,0.000000,330,650,1000,1700,4600,6300,7800,8400,10000,11000,12000,10532,0,330,1261.8443491454304,35.54389999771956,12403.5423000023,504.29310672236994
1785416703,40,,Aggregated,11.400000,0.000000,330,650,1000,1700,4600,6300,7800,8400,10000,11000,12000,10541,0,330,1264.278319077855,35.54389999771956,12403.5423000023,504.29949720140405
1785416704,40,,Aggregated,10.600000,0.000000,330,650,1000,1700,4700,6300,7800,8400,10000,11000,12000,10553,0,330,1266.5233103193082,35.54389999771956,12403.5423000023,504.27366625604094
1785416705,40,,Aggregated,10.700000,0.000000,330,650,1000,1700,4700,6300,7800,8400,10000,11000,12000,10561,0,330,1267.8307395416778,35.54389999771956,12403.5423000023,504.3289461225263
1785416706,40,,Aggregated,10.800000,0.000000,330,650,1100,1700,4700,6300,7800,8400,10000,11000,12000,10573,0,330,1271.2294722689544,35.54389999771956,12403.5423000023,504.3020902298307
1785416707,40,,Aggregated,10.800000,0.000000,330,650,1100,1700,4700,6300,7800,8400,10000,11000,12000,10587,0,330,1273.051553924592,35.54389999771956,12403.5423000023,504.1502786436195
1785416708,40,,Aggregated,10.700000,0.000000,330,650,1100,1700,4700,6300,7800,8400,10000,11000,12000,10601,0,330,1273.9108027072587,35.54389999771956,12403.5423000023,504.0599000094331
1785416709,40,,Aggregated,11.000000,0.000000,330,650,1100,1700,4700,6300,7800,8400,10000,11000,12000,10616,0,330,1275.609143952491,35.54389999771956,12403.5423000023,503.95572720422007
1785416710,40,,Aggregated,11.300000,0.000000,330,650,1100,1700,4700,6300,7800,8400,10000,11000,12000,10628,0,330,1276.9204332517545,35.54389999771956,12403.5423000023,503.88389160707567
1785416711,40,,Aggregated,12.100000,0.000000,330,650,1100,1800,4700,6300,7900,8400,10000,11000,12000,10643,0,330,1279.7928377806672,35.54389999771956,12403.5423000023,503.8236399511416
1785416712,40,,Aggregated,11.200000,0.000000,330,650,1100,1800,4700,6300,7800,8400,10000,11000,12000,10651,0,330,1280.4727486432862,35.54389999771956,12403.5423000023,503.7406816261384
1785416713,40,,Aggregated,11.400000,0.000000,330,650,1100,1800,4700,6400,7900,8400,10000,11000,12000,10663,0,330,1283.1173180811816,35.54389999771956,12403.5423000023,503.8556691362656
1785416714,40,,Aggregated,11.700000,0.000000,330,660,1100,1800,4700,6400,7900,8400,10000,11000,12000,10672,0,330,1284.9400708114358,35.54389999771956,12403.5423000023,503.8814655172414
1785416715,40,,Aggregated,12.200000,0.000000,330,660,1100,1800,4700,6400,7900,8400,10000,11000,12000,10679,0,330,1286.5890710927663,35.54389999771956,12403.5423000023,503.90701376533383
1785416716,40,,Aggregated,11.800000,0.000000,330,660,1100,1800,4800,6400,7900,8400,10000,11000,12000,10686,0,330,1288.028699195176,35.54389999771956,12403.5423000023,504.0561482313307
1785416717,40,,Aggregated,11.800000,0.000000,330,660,1100,1800,4800,6400,7900,8500,10000,11000,12000,10692,0,330,1290.6443566310932,35.54389999771956,12403.5423000023,504.17517770295547
1785416718,40,,Aggregated,11.700000,0.000000,330,660,1100,1800,4800,6400,7900,8500,11000,11000,12000,10704,0,330,1293.5963315022084,35.54389999771956,12403.5423000023,504.0902466367713
1785416719,40,,Aggregated,10.700000,0.000000,330,660,1100,1800,4800,6400,7900,8500,11000,11000,12000,10715,0,330,1297.6582779001067,35.54389999771956,12403.5423000023,504.2968735417639
1785416720,40,,Aggregated,10.700000,0.000000,330,660,1100,1800,4800,6400,7900,8500,11000,11000,12000,10721,0,330,1298.2520670925887,35.54389999771956,12403.5423000023,504.1699468333178
1785416721,40,,Aggregated,9.700000,0.000000,330,660,1100,1900,4900,6400,7900,8500,11000,11000,12000,10732,0,330,1300.7498677413012,35.54389999771956,12403.5423000023,504.1161013790533
1785416722,40,,Aggregated,9.200000,0.000000,330,660,1100,1900,4900,6400,7900,8500,11000,11000,12000,10745,0,330,1304.3737509445932,35.54389999771956,12403.5423000023,504.12312703583063
1785416723,40,,Aggregated,8.600000,0.000000,330,660,1100,1900,4900,6400,7900,8500,11000,11000,12000,10756,0,330,1305.9719927760934,35.54389999771956,12403.5423000023,504.0864633692823
1785416724,40,,Aggregated,8.800000,0.000000,330,660,1100,1900,4900,6400,7900,8500,11000,11000,12000,10768,0,330,1307.9898203937275,35.54389999771956,12403.5423000023,503.9243127786033
1785416725,40,,Aggregated,8.700000,0.000000,330,660,1100,1900,4900,6400,7900,8500,11000,11000,12000,10783,0,330,1310.838437679649,35.54389999771956,12403.5423000023,503.8084021144394
1785416726,40,,Aggregated,9.500000,0.000000,330,670,1100,1900,4900,6400,7900,8500,11000,11000,12000,10793,0,330,1311.7541509959842,35.54389999771956,12403.5423000023,503.6798851107199
1785416727,40,,Aggregated,9.600000,0.000000,330,670,1100,1900,5000,6400,7900,8500,11000,11000,12000,10808,0,330,1313.8430516746535,35.54389999771956,12403.5423000023,503.62453737971873
1785416728,40,,Aggregated,10.600000,0.000000,330,670,1100,1900,5000,6400,7900,8500,11000,11000,12000,10819,0,330,1316.2084188741703,35.54389999771956,12403.5423000023,503.4502264534615
1785416729,40,,Aggregated,11.300000,0.000000,330,670,1100,1900,5100,6400,7900,8500,11000,11000,12000,10832,0,330,1318.538586659864,35.54389999771956,12403.5423000023,503.3347488921713
1785416730,40,,Aggregated,11.000000,0.000000,330,670,1100,1900,5100,6400,7900,8500,11000,11000,12000,10843,0,330,1319.8270617079818,35.54389999771956,12403.5423000023,503.29862584155677
1785416731,40,,Aggregated,11.500000,0.000000,340,670,1100,1900,5100,6400,7900,8500,11000,11000,12000,10852,0,330,1320.911425847738,35.54389999771956,12403.5423000023,503.2469590858828
1785416732,40,,Aggregated,12.200000,0.000000,330,670,1100,2000,5200,6400,7900,8500,11000,11000,12000,10865,0,330,1322.5424212056746,35.54389999771956,12403.5423000023,503.2082834790612
1785416733,40,,Aggregated,12.400000,0.000000,330,670,1100,2000,5300,6400,7900,8500,11000,11000,12000,10883,0,330,1324.1150741798815,35.54389999771956,12403.5423000023,503.07626573555086
1785416734,40,,Aggregated,12.000000,0.000000,340,670,1100,2000,5300,6400,7900,8500,11000,11000,12000,10893,0,340,1326.2043060130043,35.54389999771956,12403.5423000023,503.1310015606353
1785416735,40,,Aggregated,12.500000,0.000000,340,670,1100,2000,5400,6400,7900,8500,11000,11000,12000,10897,0,340,1327.7661604110913,35.54389999771956,12403.5423000023,503.1893181609617
1785416736,40,,Aggregated,12.500000,0.000000,340,670,1100,2000,5400,6400,7900,8500,11000,11000,12000,10904,0,340,1329.273037252353,35.54389999771956,12403.5423000023,503.33593176815845
1785416737,40,,Aggregated,12.200000,0.000000,340,670,1100,2000,5400,6400,7900,8500,11000,11000,12000,10912,0,340,1330.9056544354519,35.54389999771956,12403.5423000023,503.3922287390029
1785416738,40,,Aggregated,11.200000,0.000000,340,680,1200,2000,5400,6400,7900,8500,11000,11000,12000,10923,0,340,1333.6358743842954,35.54389999771956,12403.5423000023,503.53639110134577
1785416739,40,,Aggregated,10.200000,0.000000,340,680,1200,2000,5400,6400,8000,8500,11000,11000,12000,10940,0,340,1338.0172749908277,35.54389999771956,12403.5423000023,503.54159049360146
1785416740,40,,Aggregated,10.300000,0.000000,340,680,1200,2000,5400,6400,8000,8500,11000,11000,12000,10954,0,340,1339.4685277889032,35.54389999771956,12403.5423000023,503.4583713711886
1785416741,40,,Aggregated,11.000000,0.000000,340,680,1200,2000,5500,6400,8000,8500,11000,11000,12000,10966,0,340,1341.2006027356963,35.54389999771956,12403.5423000023,503.2729345248951
1785416742,40,,Aggregated,10.900000,0.000000,340,680,1200,2000,5500,6400,8000,8500,11000,11000,12000,10978,0,340,1341.9923908817314,35.54389999771956,12403.5423000023,503.14583712880307
1785416743,40,,Aggregated,11.200000,0.000000,340,680,1200,2000,5500,6400,8000,8500,11000,11000,12000,10986,0,340,1343.350853613658,35.54389999771956,12403.5423000023,502.9308210449663
1785416744,40,,Aggregated,11.400000,0.000000,340,680,1200,2000,5500,6400,8000,8500,11000,11000,12000,11000,0,340,1347.2792599181498,35.54389999771956,12403.5423000023,503.1016363636364
1785416745,40,,Aggregated,10.700000,0.000000,340,680,1200,2100,5500,6400,8000,8500,10000,11000,12000,11011,0,340,1347.9276951411905,35.54389999771956,12403.5423000023,502.94714376532556
1785416746,40,,Aggregated,10.100000,0.000000,340,680,1200,2100,5500,6400,8000,8500,10000,11000,12000,11025,0,340,1349.6498287074508,35.54389999771956,12403.5423000023,502.8803628117914
1785416747,40,,Aggregated,11.000000,0.000000,340,680,1200,2100,5500,6400,8000,8500,10000,11000,12000,11033,0,340,1351.6228801322977,35.54389999771956,12403.5423000023,502.845101060455
1785416748,40,,Aggregated,11.800000,0.000000,340,680,1200,2100,5600,6400,8000,8500,10000,11000,12000,11042,0,340,1354.3188237909471,35.54389999771956,12403.5423000023,502.91378373483064
1785416749,40,,Aggregated,12.100000,0.000000,340,690,1200,2100,5600,6400,8000,8500,10000,11000,12000,11050,0,340,1354.7622320995144,35.54389999771956,12403.5423000023,502.91013574660633
1785416750,35,,Aggregated,11.700000,0.000000,340,690,1200,2100,5600,6400,8000,8500,10000,11000,12000,11061,0,340,1357.6324359370433,35.54389999771956,12403.5423000023,502.9931290118434
1785416751,30,,Aggregated,11.000000,0.000000,340,690,1200,2100,5600,6400,8000,8500,10000,11000,12000,11066,0,340,1358.0348332640194,35.54389999771956,12403.5423000023,502.82604373757454
1785416752,25,,Aggregated,10.300000,0.000000,340,690,1200,2100,5600,6400,8000,8500,10000,11000,12000,11072,0,340,1360.1968662120337,35.54389999771956,12403.5423000023,502.9415643063584
1785416753,20,,Aggregated,10.100000,0.000000,340,690,1200,2100,5600,6400,8000,8500,10000,11000,12000,11077,0,340,1362.0179296018457,35.54389999771956,12403.5423000023,502.96885438295567
1785416754,20,,Aggregated,9.800000,0.000000,340,690,1200,2100,5600,6400,8000,8500,10000,11000,12000,11081,0,340,1362.7906913455147,35.54389999771956,12403.5423000023,503.0851006226875
1785416755,20,,Aggregated,9.300000,0.000000,340,690,1200,2100,5600,6400,8000,8500,10000,11000,12000,11083,0,340,1363.476131661071,35.54389999771956,12403.5423000023,503.0688441757647
1785416756,20,,Aggregated,8.900000,0.000000,340,690,1200,2100,5600,6400,8000,8500,10000,11000,12000,11086,0,340,1364.750989554362,35.54389999771956,12403.5423000023,503.0817246978171
1785416757,20,,Aggregated,7.700000,0.000000,340,690,1200,2100,5600,6400,8000,8500,10000,11000,12000,11095,0,340,1367.8117030373733,35.54389999771956,12403.5423000023,503.26768814781434
1785416758,20,,Aggregated,6.500000,0.000000,340,690,1200,2100,5600,6400,8000,8500,10000,11000,12000,11103,0,340,1368.9005763396976,35.54389999771956,12403.5423000023,503.30613347743855
1785416759,20,,Aggregated,6.100000,0.000000,340,690,1200,2100,5600,6400,8000,8500,10000,11000,12000,11108,0,340,1370.4055485865738,35.54389999771956,12403.5423000023,503.3770255671588
1785416760,20,,Aggregated,6.200000,0.000000,340,700,1200,2200,5600,6400,8000,8500,10000,11000,12000,11116,0,340,1371.174358321308,35.54389999771956,12403.5423000023,503.54938826916157
1785416761,20,,Aggregated,5.900000,0.000000,340,700,1200,2200,5600,6400,8000,8500,10000,11000,12000,11122,0,340,1372.2249982466876,35.54389999771956,12403.5423000023,503.66301024995505
1785416762,20,,Aggregated,5.800000,0.000000,340,700,1200,2200,5600,6400,8000,8500,10000,11000,12000,11129,0,340,1373.0814303441152,35.54389999771956,12403.5423000023,503.78785155899004
1785416763,20,,Aggregated,5.300000,0.000000,340,700,1200,2200,5600,6400,8000,8500,10000,11000,12000,11134,0,340,1373.7066670827785,35.54389999771956,12403.5423000023,503.871923836896
1785416764,20,,Aggregated,5.500000,0.000000,340,700,1200,2200,5600,6400,8000,8500,10000,11000,12000,11145,0,340,1375.3458627545679,35.54389999771956,12403.5423000023,504.18492597577387
1785416765,20,,Aggregated,5.700000,0.000000,340,700,1200,2200,5600,6400,8000,8500,10000,11000,12000,11153,0,340,1375.5336552945093,35.54389999771956,12403.5423000023,504.1630951313548
1785416766,20,,Aggregated,5.600000,0.000000,340,700,1300,2200,5600,6400,8000,8500,10000,11000,12000,11159,0,340,1375.9188251007847,35.54389999771956,12403.5423000023,504.20127251545836
1785416767,20,,Aggregated,6.600000,0.000000,340,700,1300,2200,5600,6400,8000,8500,10000,11000,12000,11167,0,340,1376.687700241753,35.54389999771956,12403.5423000023,504.369391958449
1785416768,20,,Aggregated,7.100000,0.000000,340,700,1300,2200,5600,6400,8000,8500,10000,11000,12000,11173,0,340,1378.1456949073352,35.54389999771956,12403.5423000023,504.48071243175514
1785416769,20,,Aggregated,7.200000,0.000000,340,700,1300,2200,5600,6400,8000,8500,10000,11000,12000,11181,0,340,1379.0220107414054,35.54389999771956,12403.5423000023,504.57535104194613
1785416770,20,,Aggregated,7.300000,0.000000,340,700,1300,2200,5600,6400,8000,8500,10000,11000,12000,11187,0,340,1379.5892167336774,35.54389999771956,12403.5423000023,504.6860641816394
1785416771,20,,Aggregated,7.000000,0.000000,350,710,1300,2200,5600,6400,8000,8500,10000,11000,12000,11194,0,340,1380.42461698228,35.54389999771956,12403.5423000023,504.752814007504
1785416772,20,,Aggregated,7.100000,0.000000,350,710,1300,2200,5600,6400,8000,8500,10000,11000,12000,11203,0,350,1381.8676249218636,35.54389999771956,12403.5423000023,504.93671338034454
1785416773,20,,Aggregated,7.300000,0.000000,350,710,1300,2200,5600,6400,8000,8500,10000,11000,12000,11212,0,350,1382.2655821530182,35.54389999771956,12403.5423000023,504.92980734926863
1785416774,20,,Aggregated,7.000000,0.000000,350,710,1300,2200,5600,6400,8000,8500,10000,11000,12000,11219,0,350,1382.6636295302294,35.54389999771956,12403.5423000023,505.0124788305553
1785416775,20,,Aggregated,7.400000,0.000000,350,710,1300,2200,5600,6400,8000,8500,10000,11000,12000,11227,0,350,1383.248302217836,35.54389999771956,12403.5423000023,504.903803331255
1785416776,20,,Aggregated,7.700000,0.000000,350,710,1300,2200,5600,6400,8000,8500,10000,11000,12000,11233,0,350,1383.7894251579853,35.54389999771956,12403.5423000023,504.9586041128817
1785416777,20,,Aggregated,7.100000,0.000000,350,710,1300,2200,5500,6400,8000,8500,10000,11000,12000,11244,0,350,1384.980402276739,35.54389999771956,12403.5423000023,505.0087157595162
1785416778,20,,Aggregated,7.400000,0.000000,350,710,1300,2300,5500,6400,8000,8500,10000,11000,12000,11252,0,350,1385.522830127946,35.54389999771956,12403.5423000023,505.0618556701031
1785416779,20,,Aggregated,7.300000,0.000000,350,710,1300,2300,5500,6400,8000,8500,10000,11000,12000,11259,0,350,1385.7471921218264,35.54389999771956,12403.5423000023,505.1442401634248
1785416781,20,,Aggregated,7.500000,0.000000,350,710,1300,2300,5500,6400,8000,8500,10000,11000,12000,11266,0,350,1386.9108456861038,35.54389999771956,12403.5423000023,505.1385584945855
1785416782,20,,Aggregated,7.700000,0.000000,350,720,1300,2300,5500,6400,8000,8500,10000,11000,12000,11273,0,350,1387.705991342114,35.54389999771956,12403.5423000023,505.27907389337355
1785416783,20,,Aggregated,7.700000,0.000000,350,720,1300,2300,5500,6400,8000,8500,10000,11000,12000,11282,0,350,1388.7818378212776,35.54389999771956,12403.5423000023,505.475624889204
1785416784,20,,Aggregated,7.600000,0.000000,350,720,1300,2300,5500,6400,8000,8500,10000,11000,12000,11288,0,350,1389.365939909608,35.54389999771956,12403.5423000023,505.58726080793764
1785416785,20,,Aggregated,7.800000,0.000000,350,720,1300,2300,5500,6400,8000,8500,10000,11000,12000,11296,0,350,1389.7701348707203,35.54389999771956,12403.5423000023,505.62438031161474
1785416786,20,,Aggregated,7.600000,0.000000,350,720,1300,2300,5500,6400,8000,8500,10000,11000,12000,11303,0,350,1390.5666830575651,35.54389999771956,12403.5423000023,505.70600725471115
1785416787,20,,Aggregated,7.700000,0.000000,350,720,1400,2300,5500,6400,8000,8500,10000,11000,12000,11315,0,350,1391.591343623478,35.54389999771956,12403.5423000023,505.85612019443215
1785416788,20,,Aggregated,7.300000,0.000000,350,720,1400,2300,5500,6400,8000,8500,10000,11000,12000,11321,0,350,1392.514917357093,35.54389999771956,12403.5423000023,505.95194770779966
1785416789,20,,Aggregated,7.900000,0.000000,350,720,1400,2300,5500,6400,8000,8500,10000,11000,12000,11327,0,350,1393.0333443983093,35.54389999771956,12403.5423000023,506.04811512315706
1785416790,20,,Aggregated,7.600000,0.000000,350,720,1400,2300,5500,6400,8000,8500,10000,11000,12000,11333,0,350,1393.679530609693,35.54389999771956,12403.5423000023,506.1441807111974
1785416791,20,,Aggregated,7.400000,0.000000,350,730,1400,2300,5500,6400,8000,8500,10000,11000,12000,11339,0,350,1394.9031338830275,35.54389999771956,12403.5423000023,506.2551371373137
1785416792,20,,Aggregated,7.300000,0.000000,350,730,1400,2300,5500,6400,8000,8500,10000,11000,12000,11348,0,350,1395.433199224502,35.54389999771956,12403.5423000023,506.33380331335917
1785416793,20,,Aggregated,7.100000,0.000000,350,730,1400,2300,5500,6400,8000,8500,10000,11000,12000,11355,0,350,1396.5765776045487,35.54389999771956,12403.5423000023,506.4714222809335
1785416794,20,,Aggregated,7.500000,0.000000,350,730,1400,2300,5500,6400,8000,8500,10000,11000,12000,11365,0,350,1397.3921849713727,35.54389999771956,12403.5423000023,506.56357237131544
1785416795,20,,Aggregated,7.500000,0.000000,350,730,1400,2300,5500,6400,8000,8500,10000,11000,12000,11370,0,350,1397.6340374757829,35.54389999771956,12403.5423000023,506.5736147757256
1785416796,20,,Aggregated,7.500000,0.000000,350,730,1400,2300,5500,6400,8000,8500,10000,11000,12000,11378,0,350,1398.7129553787704,35.54389999771956,12403.5423000023,506.59535946563545
1785416797,20,,Aggregated,7.500000,0.000000,350,730,1400,2300,5500,6400,8000,8500,10000,11000,12000,11385,0,350,1399.4067503029999,35.54389999771956,12403.5423000023,506.73421168203777
1785416798,20,,Aggregated,7.500000,0.000000,350,740,1400,2400,5500,6400,8000,8500,10000,11000,12000,11394,0,350,1400.3332134456423,35.54389999771956,12403.5423000023,506.79849043356154
1785416799,20,,Aggregated,7.200000,0.000000,350,740,1400,2400,5500,6400,8000,8500,10000,11000,12000,11401,0,350,1401.0721822909964,35.54389999771956,12403.5423000023,506.8784317165161
1785416800,20,,Aggregated,7.200000,0.000000,350,740,1400,2400,5500,6400,8000,8500,10000,11000,12000,11409,0,350,1401.648160250648,35.54389999771956,12403.5423000023,506.9299675694627
1785416801,20,,Aggregated,7.300000,0.000000,350,740,1400,2400,5400,6400,8000,8500,10000,11000,12000,11417,0,350,1402.3201794691809,35.54389999771956,12403.5423000023,506.95138828063415
1785416802,20,,Aggregated,7.600000,0.000000,360,740,1400,2400,5400,6400,8000,8500,10000,11000,12000,11425,0,360,1403.2515791509525,35.54389999771956,12403.5423000023,507.0444638949672
1785416803,20,,Aggregated,7.600000,0.000000,360,740,1400,2400,5400,6400,8000,8500,10000,11000,12000,11431,0,360,1403.6936884699178,35.54389999771956,12403.5423000023,507.1535298749016
1785416804,20,,Aggregated,7.600000,0.000000,360,740,1400,2400,5400,6400,8000,8500,10000,11000,12000,11439,0,360,1404.900357242734,35.54389999771956,12403.5423000023,507.2460879447504
