Timestamp,User Count,Type,Name,Requests/s,Failures/s,50%,66%,75%,80%,90%,95%,98%,99%,99.9%,99.99%,100%,Total Request Count,Total Failure Count,Total Median Response Time,Total Average Response Time,Total Min Response Time,Total Max Response Time,Total Average Content Size
1785157952,0,,Aggregated,0.000000,0.000000,N/A,N/A,N/A,N/A,N/A,N/A,N/A,N/A,N/A,N/A,N/A,0,0,0,0.0,0,0,0
1785157953,2,,Aggregated,0.000000,0.000000,350,350,350,350,350,350,350,350,350,350,350,2,0,211.94170002127066,281.4889999863226,211.94170002127066,351.03629995137453,827.5
1785157954,4,,Aggregated,0.000000,0.000000,470,470,570,570,670,670,670,670,670,670,670,6,0,350,411.09531667704385,195.98720001522452,673.9522000425495,829.1666666666666
1785157955,8,,Aggregated,1.000000,0.000000,560,570,720,720,830,980,980,980,980,980,980,12,0,470,518.6241916671861,194.19450004352257,984.9924999871291,829.5833333333334
1785157956,10,,Aggregated,1.500000,0.000000,560,670,720,830,940,980,980,980,980,980,980,18,0,560,550.6109833303425,194.19450004352257,984.9924999871291,783.3333333333334
1785157957,10,,Aggregated,2.333333,0.000000,560,720,830,830,980,1100,1900,1900,1900,1900,1900,24,0,560,619.2818499985151,194.19450004352257,1885.9088000026532,795.0
1785157958,10,,Aggregated,3.250000,0.000000,720,790,940,940,1200,1300,1900,1900,1900,1900,1900,30,0,670,693.4135000008004,194.19450004352257,1885.9088000026532,801.8333333333334
1785157959,10,,Aggregated,4.000000,0.000000,720,830,940,1100,1300,2100,2600,2600,2600,2600,2600,35,0,720,799.4823542872576,194.19450004352257,2571.772900002543,805.8571428571429
1785157960,10,,Aggregated,4.333333,0.000000,730,940,1200,1300,1900,2600,3000,3000,3000,3000,3000,44,0,720,926.0031181818869,194.19450004352257,2982.3658000095747,810.6818181818181
1785157961,10,,Aggregated,4.571429,0.000000,730,940,1100,1300,2000,2600,3000,3000,3000,3000,3000,50,0,720,921.6216980013996,194.19450004352257,2982.3658000095747,796.4
1785157962,10,,Aggregated,4.750000,0.000000,790,940,1300,1300,2100,2600,3000,4400,4400,4400,4400,56,0,750,1008.8269464291183,194.19450004352257,4421.5867999591865,799.9107142857143
1785157963,10,,Aggregated,5.000000,0.000000,830,950,1300,1300,2000,2600,3000,4400,4400,4400,4400,61,0,830,1006.5330885241923,194.19450004352257,4421.5867999591865,802.2131147540983
1785157964,10,,Aggregated,5.200000,0.000000,830,950,1300,1300,2100,2600,3000,4400,4400,4400,4400,67,0,830,1013.440646266794,194.19450004352257,4421.5867999591865,792.3134328358209
1785157965,10,,Aggregated,5.600000,0.000000,850,950,1300,1400,2300,2700,4400,5500,5500,5500,5500,74,0,830,1083.212663510789,194.19450004352257,5479.141999967396,784.6621621621622
1785157966,10,,Aggregated,6.000000,0.000000,850,980,1300,1500,2500,3000,4400,5500,5500,5500,5500,77,0,850,1138.032371426219,194.19450004352257,5479.141999967396,786.4285714285714
1785157967,10,,Aggregated,6.200000,0.000000,870,1100,1300,1700,2300,2700,4400,5500,5500,5500,5500,85,0,870,1143.7997564680272,194.19450004352257,5479.141999967396,780.7647058823529
1785157968,10,,Aggregated,6.200000,0.000000,870,1100,1400,1700,2500,3000,5500,6400,6400,6400,6400,94,0,860,1186.549006381067,194.19450004352257,6445.700599986594,776.6489361702128
1785157969,10,,Aggregated,6.000000,0.000000,870,1100,1500,1800,2500,3000,5500,6400,6400,6400,6400,99,0,870,1202.7420989882125,194.19450004352257,6445.700599986594,770.9090909090909
1785157970,10,,Aggregated,6.300000,0.000000,910,1200,1500,1800,2500,3000,4400,5500,6400,6400,6400,106,0,900,1220.2455679224893,194.19450004352257,6445.700599986594,766.933962264151
1785157971,10,,Aggregated,6.300000,0.000000,920,1200,1500,1900,2500,3000,4400,5500,6400,6400,6400,112,0,920,1236.0527830335611,194.19450004352257,6445.700599986594,770.3125
1785157972,10,,Aggregated,6.200000,0.000000,930,1200,1500,1800,2500,3000,4400,5500,6400,6400,6400,118,0,920,1226.7932347436356,194.19450004352257,6445.700599986594,766.271186440678
1785157973,10,,Aggregated,6.300000,0.000000,930,1300,1500,1900,2500,3000,4400,5500,6400,6400,6400,127,0,930,1241.2866614140225,194.19450004352257,6445.700599986594,764.1732283464567
1785157974,10,,Aggregated,6.100000,0.000000,940,1300,1500,1900,2500,3000,4400,5500,6400,6400,6400,133,0,940,1259.2523796956539,194.19450004352257,6445.700599986594,767.1428571428571
1785157975,10,,Aggregated,6.200000,0.000000,940,1300,1500,1900,2500,3000,4400,5500,6400,6400,6400,138,0,930,1247.4521057940917,194.19450004352257,6445.700599986594,763.3695652173913
1785157976,10,,Aggregated,6.400000,0.000000,940,1300,1600,1900,2500,3000,4400,5500,6400,6400,6400,145,0,940,1273.0189896525878,194.19450004352257,6445.700599986594,755.1379310344828
1785157977,10,,Aggregated,6.400000,0.000000,940,1300,1600,1900,2500,3000,4400,5500,6400,6400,6400,152,0,940,1270.7266092084435,194.19450004352257,6445.700599986594,758.5855263157895
1785157978,10,,Aggregated,6.300000,0.000000,940,1300,1600,1900,2500,3000,4400,5500,6400,6400,6400,158,0,940,1267.5398474660867,194.19450004352257,6445.700599986594,761.2658227848101
1785157979,10,,Aggregated,6.700000,0.000000,940,1300,1700,1900,2500,3000,4400,5500,6400,6400,6400,165,0,940,1291.1702521187676,194.19450004352257,6445.700599986594,764.1818181818181
1785157980,10,,Aggregated,6.400000,0.000000,940,1300,1700,1900,2500,3000,4400,5500,6400,6400,6400,170,0,940,1282.6306194090969,194.19450004352257,6445.700599986594,756.2058823529412
1785157981,10,,Aggregated,6.400000,0.000000,940,1300,1700,1900,2600,3100,4400,5500,6400,6400,6400,177,0,940,1300.8060372851546,194.19450004352257,6445.700599986594,758.9265536723163
1785157982,10,,Aggregated,6.500000,0.000000,940,1300,1700,1900,2600,3000,4400,5500,6400,6400,6400,184,0,940,1294.6698413013467,194.19450004352257,6445.700599986594,761.4130434782609
1785157983,11,,Aggregated,6.400000,0.000000,940,1300,1700,2000,2600,3100,4400,5500,6400,6400,6400,189,0,940,1299.023593118705,194.19450004352257,6445.700599986594,763.0687830687831
1785157984,13,,Aggregated,6.500000,0.000000,940,1300,1800,2000,2700,3200,4400,5500,6400,6400,6400,195,0,940,1321.8466697407002,194.19450004352257,6445.700599986594,764.8717948717949
1785157985,14,,Aggregated,6.500000,0.000000,950,1400,1800,1900,2600,3100,4400,5300,6400,6400,6400,202,0,940,1323.0785009869614,194.19450004352257,6445.700599986594,766.9554455445544
1785157986,15,,Aggregated,6.200000,0.000000,980,1400,1800,2100,2700,3200,4400,5300,6400,6400,6400,210,0,980,1343.0764761872567,194.19450004352257,6445.700599986594,758.9619047619047
1785157987,16,,Aggregated,6.200000,0.000000,990,1400,1800,2000,2600,3200,4400,5300,6400,6400,6400,217,0,990,1348.7959377849068,194.19450004352257,6445.700599986594,754.2764976958525
1785157988,17,,Aggregated,6.400000,0.000000,990,1400,1900,2000,2600,3200,4400,5300,6400,6400,6400,224,0,980,1356.5840723180631,194.19450004352257,6445.700599986594,753.5044642857143
1785157989,18,,Aggregated,6.300000,0.000000,990,1500,1900,2100,2700,3200,4400,5300,6400,6400,6400,230,0,990,1382.575450866716,194.19450004352257,6445.700599986594,748.1739130434783
1785157990,19,,Aggregated,6.400000,0.000000,990,1500,1900,2100,2700,3400,4400,5300,6400,6400,6400,237,0,990,1397.0288704613613,194.19450004352257,6445.700599986594,747.0675105485232
1785157991,20,,Aggregated,6.500000,0.000000,1000,1500,1900,2100,2700,3300,4400,5300,6400,6400,6400,244,0,990,1396.7810200792585,34.773799998220056,6445.700599986594,746.7254098360655
1785157992,20,,Aggregated,6.600000,0.000000,990,1500,1900,2100,2800,3400,4400,5500,6400,6400,6400,251,0,990,1410.7492999971448,33.78050000173971,6445.700599986594,743.7450199203187
1785157993,20,,Aggregated,6.500000,0.000000,1000,1500,1900,2100,3000,3500,4400,5500,6400,6400,6400,258,0,990,1437.8719779041455,33.78050000173971,6445.700599986594,743.515503875969
1785157995,20,,Aggregated,6.600000,0.000000,1000,1500,1900,2100,2800,3400,4400,5500,6400,6400,6400,264,0,1000,1439.7498276485942,33.78050000173971,6445.700599986594,742.9886363636364
1785157996,20,,Aggregated,6.700000,0.000000,1000,1600,1900,2200,3000,3900,5200,5700,7900,7900,7900,271,0,1000,1492.3372542403115,33.78050000173971,7897.920199960936,742.7712177121771
1785157997,20,,Aggregated,6.900000,0.000000,1100,1600,2000,2200,3100,4200,5400,6400,7900,7900,7900,277,0,1100,1530.2005104660914,33.78050000173971,7897.920199960936,741.6462093862816
1785157998,20,,Aggregated,6.900000,0.000000,1100,1700,2100,2400,3200,4400,5700,7900,8700,8700,8700,284,0,1100,1606.8982383772045,33.78050000173971,8742.205200018361,737.9788732394367
1785157999,20,,Aggregated,6.900000,0.000000,1100,1700,2100,2500,3300,4500,6400,7900,9900,9900,9900,290,0,1100,1656.935214824525,33.78050000173971,9855.343799979892,739.8655172413793
1785158000,20,,Aggregated,6.700000,0.000000,1100,1800,2100,2500,3400,4700,6400,7900,9900,9900,9900,298,0,1100,1687.2807060371874,33.78050000173971,9855.343799979892,737.2919463087248
1785158001,20,,Aggregated,6.700000,0.000000,1100,1900,2200,2600,3400,4500,5700,7900,9900,9900,9900,304,0,1100,1704.6875677601508,33.78050000173971,9855.343799979892,739.1217105263158
1785158002,20,,Aggregated,6.600000,0.000000,1200,1900,2200,2600,3400,4700,5700,7900,9900,9900,9900,310,0,1100,1711.6517209646952,33.78050000173971,9855.343799979892,738.2032258064517
1785158003,20,,Aggregated,6.700000,0.000000,1200,1900,2200,2600,3500,4800,5700,7900,9900,9900,9900,319,0,1200,1734.9090062669,33.78050000173971,9855.343799979892,736.6206896551724
1785158004,20,,Aggregated,6.700000,0.000000,1200,1900,2300,2700,3800,4800,6400,7900,9900,9900,9900,326,0,1200,1768.779508279925,33.78050000173971,9855.343799979892,734.5582822085889
1785158005,20,,Aggregated,6.600000,0.000000,1200,1900,2300,2700,3700,4800,6400,7900,9900,9900,9900,332,0,1200,1774.2768969859842,33.78050000173971,9855.343799979892,731.2831325301205
1785158006,20,,Aggregated,6.700000,0.000000,1300,1900,2300,2700,3800,4800,6400,7900,9900,9900,9900,338,0,1300,1791.1929337257181,33.78050000173971,9855.343799979892,730.5798816568048
1785158007,20,,Aggregated,6.800000,0.000000,1300,2000,2300,2800,3800,4800,6900,7900,9900,9900,9900,349,0,1300,1821.381088536877,33.78050000173971,9855.343799979892,727.5329512893983
1785158008,20,,Aggregated,6.700000,0.000000,1300,2000,2400,2800,3900,4900,6900,8400,9900,9900,9900,355,0,1300,1855.8682974629617,33.78050000173971,9855.343799979892,722.2507042253521
1785158009,20,,Aggregated,6.700000,0.000000,1300,2000,2400,2800,3900,4900,6900,8400,9900,9900,9900,361,0,1300,1864.6806149565812,33.78050000173971,9855.343799979892,724.0249307479224
1785158010,20,,Aggregated,7.000000,0.000000,1400,2000,2500,2800,3900,4900,7500,8700,9900,9900,9900,368,0,1400,1904.1599369547444,33.78050000173971,9855.343799979892,721.5163043478261
1785158011,20,,Aggregated,7.100000,0.000000,1400,2000,2500,2800,3900,4900,7500,8700,9900,9900,9900,375,0,1400,1905.825612531354,33.78050000173971,9855.343799979892,719.5226666666666
1785158012,20,,Aggregated,7.100000,0.000000,1400,2000,2500,2800,3900,4900,7500,8700,9900,9900,9900,380,0,1400,1914.1347913137379,33.78050000173971,9855.343799979892,720.9736842105264
1785158013,20,,Aggregated,7.000000,0.000000,1400,2100,2600,2900,4000,4900,7500,8700,9900,9900,9900,386,0,1400,1942.9354999978048,33.78050000173971,9855.343799979892,722.6528497409327
1785158014,20,,Aggregated,7.000000,0.000000,1500,2100,2600,2900,4200,5200,7500,8700,9900,9900,9900,393,0,1500,1971.3820664101913,33.78050000173971,9855.343799979892,722.8880407124682
1785158015,20,,Aggregated,6.700000,0.000000,1500,2100,2700,2900,4000,5000,6900,8400,9900,9900,9900,402,0,1500,1976.9222216399164,33.78050000173971,9855.343799979892,721.9751243781094
1785158016,20,,Aggregated,6.600000,0.000000,1500,2100,2700,2900,4200,5000,6900,8400,9900,9900,9900,408,0,1500,1980.8371463217304,33.78050000173971,9855.343799979892,721.5269607843137
1785158017,20,,Aggregated,6.800000,0.000000,1500,2100,2800,3000,4200,5200,7300,8400,9900,9900,9900,416,0,1500,1995.4700336522644,33.78050000173971,9855.343799979892,723.6129807692307
1785158018,20,,Aggregated,6.900000,0.000000,1500,2100,2800,3000,4200,5000,7300,8400,9900,9900,9900,422,0,1500,2003.2113329369477,33.78050000173971,9855.343799979892,721.1682464454976
1785158019,20,,Aggregated,6.900000,0.000000,1500,2100,2800,3000,4400,5300,7300,8400,9900,9900,9900,427,0,1500,2026.839542621556,33.78050000173971,9855.343799979892,722.4426229508197
1785158020,20,,Aggregated,6.600000,0.000000,1500,2100,2800,3000,4400,5300,7300,8400,9900,9900,9900,433,0,1500,2039.6549297906954,33.78050000173971,9855.343799979892,723.9330254041571
1785158021,20,,Aggregated,6.600000,0.000000,1600,2200,2800,3100,4500,5400,7500,8500,9900,9900,9900,439,0,1600,2059.167915943783,33.78050000173971,9855.343799979892,723.8724373576309
1785158022,20,,Aggregated,6.600000,0.000000,1600,2200,2900,3100,4400,5300,7500,8500,9900,9900,9900,447,0,1600,2071.5547272916237,33.78050000173971,9855.343799979892,724.2774049217002
1785158023,20,,Aggregated,6.400000,0.000000,1600,2200,2900,3100,4400,5400,7500,8700,10000,10000,10000,455,0,1600,2085.0891463722073,33.78050000173971,10164.44910003338,724.6703296703297
1785158024,20,,Aggregated,6.700000,0.000000,1600,2200,2800,3100,4400,5300,7500,8700,10000,10000,10000,461,0,1600,2083.4822572655107,33.78050000173971,10164.44910003338,726.0303687635575
1785158025,20,,Aggregated,6.900000,0.000000,1600,2200,2800,3100,4400,5400,7500,8700,10000,10000,10000,468,0,1600,2080.058996366142,33.78050000173971,10164.44910003338,724.3846153846154
1785158026,20,,Aggregated,6.800000,0.000000,1600,2200,2800,3100,4400,5500,7900,8900,10000,10000,10000,473,0,1600,2092.4783475672675,33.78050000173971,10164.44910003338,721.9915433403805
1785158027,20,,Aggregated,6.700000,0.000000,1700,2200,2900,3100,4500,5700,7900,8900,10000,10000,10000,479,0,1700,2128.60954801517,33.78050000173971,10164.44910003338,721.6116910229645
1785158028,20,,Aggregated,6.400000,0.000000,1800,2200,2900,3200,4600,5700,7900,9300,11000,11000,11000,487,0,1800,2157.1342240231593,33.78050000173971,11440.543300006539,722.041067761807
1785158029,20,,Aggregated,6.400000,0.000000,1800,2200,2900,3200,4600,5700,7900,9300,11000,11000,11000,492,0,1700,2160.8884006082526,33.78050000173971,11440.543300006539,723.1382113821138
1785158030,20,,Aggregated,6.600000,0.000000,1800,2200,2900,3200,4800,5800,7900,9300,11000,11000,11000,500,0,1800,2181.279918998247,33.78050000173971,11440.543300006539,720.556
1785158031,20,,Aggregated,6.500000,0.000000,1800,2200,2900,3200,4800,5700,7900,8900,11000,11000,11000,506,0,1800,2180.675022330286,33.78050000173971,11440.543300006539,721.8537549407115
1785158032,20,,Aggregated,6.700000,0.000000,1800,2200,2900,3300,4800,5800,7900,8900,11000,11000,11000,514,0,1800,2194.7063953291395,33.78050000173971,11440.543300006539,717.4124513618677
1785158033,20,,Aggregated,6.700000,0.000000,1800,2200,2900,3300,4800,5800,7900,8900,11000,11000,11000,523,0,1800,2200.2290248548984,33.78050000173971,11440.543300006539,716.8336520076482
1785158034,20,,Aggregated,6.500000,0.000000,1800,2300,2900,3300,4800,5800,7900,8900,11000,11000,11000,529,0,1800,2211.7168066146414,33.78050000173971,11440.543300006539,718.1077504725898
1785158035,20,,Aggregated,6.700000,0.000000,1800,2300,2900,3300,4800,5800,7900,8900,11000,11000,11000,537,0,1800,2207.2337608920147,33.78050000173971,11440.543300006539,717.0018621973929
1785158036,20,,Aggregated,6.700000,0.000000,1800,2300,2900,3300,4800,5800,7900,8900,11000,11000,11000,542,0,1800,2207.686258300712,33.78050000173971,11440.543300006539,718.0350553505535
1785158037,20,,Aggregated,6.800000,0.000000,1900,2300,2900,3300,4800,5800,7800,8900,11000,11000,11000,551,0,1900,2217.51597168612,33.78050000173971,11440.543300006539,718.6515426497277
1785158038,20,,Aggregated,6.900000,0.000000,1900,2400,2900,3400,4800,5800,7900,9300,11000,11000,11000,557,0,1900,2245.3083140018757,33.78050000173971,11440.543300006539,718.3518850987433
1785158039,20,,Aggregated,6.900000,0.000000,1900,2400,2900,3400,4800,5800,7900,9300,11000,11000,11000,564,0,1900,2249.7151677289494,33.78050000173971,11440.543300006539,716.7943262411347
1785158040,20,,Aggregated,6.900000,0.000000,1900,2400,2900,3400,4800,5800,7900,9300,11000,11000,11000,569,0,1900,2248.3215121249955,33.78050000173971,11440.543300006539,716.3040421792618
1785158041,20,,Aggregated,7.000000,0.000000,1900,2400,2900,3500,4800,5800,7900,9300,11000,11000,11000,576,0,1900,2259.7379486095533,33.78050000173971,11440.543300006539,717.6076388888889
1785158042,20,,Aggregated,6.900000,0.000000,1900,2400,2900,3500,4800,5800,7900,9300,11000,11000,11000,581,0,1900,2249.8526314958544,33.78050000173971,11440.543300006539,717.1118760757315
1785158043,20,,Aggregated,6.800000,0.000000,1900,2400,2900,3500,4800,5800,7900,9300,11000,11000,11000,587,0,1900,2252.766828788972,33.78050000173971,11440.543300006539,716.8006814310052
1785158044,20,,Aggregated,6.700000,0.000000,1900,2400,3000,3600,4900,5800,8200,9300,11000,11000,11000,593,0,1900,2281.374318211286,33.78050000173971,11440.543300006539,716.504215851602
1785158045,20,,Aggregated,6.300000,0.000000,1900,2500,3000,3600,4900,6100,8200,9300,11000,11000,11000,601,0,1900,2305.7395743748316,33.78050000173971,11440.543300006539,716.567387687188
1785158046,20,,Aggregated,6.400000,0.000000,1900,2500,3000,3600,4900,6400,8400,9300,11000,11000,11000,608,0,1900,2309.757520722422,33.78050000173971,11440.543300006539,717.8157894736842
1785158047,20,,Aggregated,6.400000,0.000000,1900,2500,3000,3700,4900,6400,8400,9300,11000,11000,11000,615,0,1900,2312.2324086167296,33.78050000173971,11440.543300006539,719.0357723577235
1785158048,20,,Aggregated,6.500000,0.000000,1900,2400,3000,3600,4900,6100,8400,9300,11000,11000,11000,622,0,1900,2303.215028616391,33.78050000173971,11440.543300006539,718.1189710610932
1785158049,20,,Aggregated,6.600000,0.000000,1900,2500,3000,3700,4900,6400,8400,9300,11000,11000,11000,630,0,1900,2323.2167280941558,33.78050000173971,11440.543300006539,719.468253968254
1785158050,20,,Aggregated,6.300000,0.000000,1900,2500,3000,3700,4900,6400,8400,9300,11000,11000,11000,637,0,1900,2319.079391678592,33.78050000173971,11440.543300006539,718.3076923076923
1785158051,20,,Aggregated,6.500000,0.000000,1900,2500,3000,3700,4900,6400,8400,9300,11000,11000,11000,644,0,1900,2333.712442700772,33.78050000173971,11440.543300006539,717.4782608695652
1785158052,20,,Aggregated,6.600000,0.000000,1900,2600,3000,3700,4900,6500,8400,9300,11000,11000,11000,650,0,1900,2352.6556599990895,33.78050000173971,11440.543300006539,718.516923076923
1785158053,20,,Aggregated,6.700000,0.000000,1900,2500,3000,3700,4900,6500,8400,9300,11000,11000,11000,659,0,1900,2354.1996637322163,33.78050000173971,11440.543300006539,720.0318664643399
1785158054,20,,Aggregated,6.800000,0.000000,1900,2600,3000,3700,4900,6500,8400,9300,11000,11000,11000,666,0,1900,2362.316781080394,33.78050000173971,11440.543300006539,718.9459459459459
1785158055,20,,Aggregated,7.000000,0.000000,1900,2600,3000,3700,4900,6500,8400,9300,11000,11000,11000,671,0,1900,2360.933109388278,33.78050000173971,11440.543300006539,717.2995529061103
1785158056,20,,Aggregated,7.100000,0.000000,1900,2600,3000,3700,4900,6500,8400,9400,11000,11000,11000,679,0,1900,2369.0827449183435,33.02249999251217,11440.543300006539,716.4359351988218
1785158057,20,,Aggregated,7.000000,0.000000,1900,2600,3100,3700,4900,6500,8400,9400,11000,11000,11000,685,0,1900,2379.782875181842,33.02249999251217,11440.543300006539,716.4627737226277
1785158058,20,,Aggregated,7.100000,0.000000,1900,2700,3100,3700,4900,6500,8400,9400,11000,11000,11000,691,0,1900,2378.962450505938,33.02249999251217,11440.543300006539,716.2474674384949
1785158059,20,,Aggregated,7.000000,0.000000,1900,2700,3100,3700,4900,6500,8400,9400,11000,11000,11000,696,0,1900,2376.7142889361517,33.02249999251217,11440.543300006539,717.0574712643678
1785158060,20,,Aggregated,7.100000,0.000000,1900,2700,3100,3700,4900,6400,8400,9300,11000,11000,11000,703,0,1900,2376.034732574082,33.02249999251217,11440.543300006539,715.8136557610242
1785158061,20,,Aggregated,6.600000,0.000000,1900,2700,3100,3800,5000,6500,8400,9300,11000,11000,11000,710,0,1900,2399.4833836613166,33.02249999251217,11440.543300006539,716.9394366197183
1785158062,20,,Aggregated,6.600000,0.000000,1900,2700,3100,3800,5000,6500,8400,9300,11000,11000,11000,716,0,1900,2397.9159497200512,33.02249999251217,11440.543300006539,716.7248603351956
1785158063,20,,Aggregated,6.700000,0.000000,1900,2800,3100,3800,5000,6500,8400,9300,11000,11000,11000,722,0,1900,2416.634353184979,33.02249999251217,11440.543300006539,716.5027700831025
1785158064,20,,Aggregated,6.600000,0.000000,1900,2800,3100,3800,5000,6500,8400,9300,11000,11000,11000,729,0,1900,2413.509416597383,33.02249999251217,11440.543300006539,716.445816186557
1785158065,20,,Aggregated,6.400000,0.000000,1900,2800,3100,3800,5000,6500,8400,9300,11000,11000,11000,735,0,1900,2422.133676189657,33.02249999251217,11440.543300006539,715.3428571428572
1785158066,20,,Aggregated,6.300000,0.000000,1900,2800,3100,3800,5000,6500,8500,9400,11000,11000,11000,740,0,1900,2428.3358421614803,33.02249999251217,11440.543300006539,713.872972972973
1785158067,20,,Aggregated,6.200000,0.000000,1900,2800,3100,3800,5000,6500,8500,9400,11000,11000,11000,748,0,1900,2431.468407619579,33.02249999251217,11440.543300006539,715.1029411764706
1785158068,20,,Aggregated,6.200000,0.000000,1900,2800,3100,3800,5000,6500,8400,9400,11000,11000,11000,754,0,1900,2431.386254773851,33.02249999251217,11440.543300006539,715.1220159151194
1785158069,20,,Aggregated,6.200000,0.000000,1900,2800,3200,3800,5000,6500,8400,9400,11000,11000,11000,762,0,1900,2447.254790419183,33.02249999251217,11440.543300006539,715.4553805774278
1785158070,20,,Aggregated,6.100000,0.000000,1900,2800,3200,3800,5000,6500,8400,9400,11000,11000,11000,769,0,1900,2437.495058776871,33.02249999251217,11440.543300006539,714.7841352405721
1785158071,20,,Aggregated,6.400000,0.000000,1900,2800,3200,3800,5000,6500,8400,9400,11000,11000,11000,777,0,1900,2438.1605504496274,33.02249999251217,11440.543300006539,714.8996138996139
1785158072,20,,Aggregated,6.500000,0.000000,1900,2800,3200,3800,5100,6500,8500,9900,11000,11000,11000,784,0,1900,2451.19431288163,33.02249999251217,11440.543300006539,714.8686224489796
1785158073,20,,Aggregated,6.400000,0.000000,1900,2800,3200,3800,5200,6700,8500,9900,11000,11000,11000,790,0,1900,2463.344824682447,33.02249999251217,11440.543300006539,715.7367088607594
1785158074,21,,Aggregated,6.700000,0.000000,1900,2800,3200,3800,5100,6700,8500,9900,11000,11000,11000,800,0,1900,2452.6053569989745,33.02249999251217,11440.543300006539,713.8375
1785158075,22,,Aggregated,6.800000,0.000000,1900,2800,3200,3800,5000,6700,8500,9900,11000,11000,11000,813,0,1900,2446.791032471177,33.02249999251217,11440.543300006539,710.7835178351784
1785158076,24,,Aggregated,6.900000,0.000000,1900,2800,3200,3800,5000,6500,8500,9900,11000,11000,11000,822,0,1900,2434.4115540134003,33.02249999251217,11440.543300006539,708.8552311435523
1785158077,25,,Aggregated,7.600000,0.000000,1900,2800,3200,3800,5100,6500,8500,9900,11000,11000,11000,832,0,1900,2442.025041825778,32.62770001310855,11440.543300006539,706.9338942307693
1785158078,26,,Aggregated,7.800000,0.000000,1900,2800,3200,3800,5000,6500,8500,9900,11000,11000,11000,841,0,1900,2431.722663018831,32.62770001310855,11440.543300006539,705.1034482758621
1785158079,27,,Aggregated,8.100000,0.000000,1900,2800,3200,3800,5000,6500,8400,9900,11000,11000,11000,852,0,1900,2427.945122886023,32.62770001310855,11440.543300006539,703.5915492957746
1785158080,28,,Aggregated,8.500000,0.000000,1900,2800,3200,3800,5000,6500,8400,9900,11000,11000,11000,863,0,1900,2415.816649593246,32.62770001310855,11440.543300006539,700.6106604866744
1785158081,29,,Aggregated,8.600000,0.000000,1900,2800,3200,3800,5000,6500,8400,9900,11000,11000,11000,874,0,1900,2404.8623042322993,32.62770001310855,11440.543300006539,696.7482837528604
1785158082,30,,Aggregated,9.000000,0.000000,1900,2800,3200,3800,5000,6500,8400,9900,11000,11000,11000,888,0,1900,2385.804685809637,32.62770001310855,11440.543300006539,691.9752252252252
1785158083,31,,Aggregated,9.500000,0.000000,1900,2800,3100,3800,5000,6500,8400,9900,13000,13000,13000,902,0,1900,2380.2347317062568,32.62770001310855,12651.045900012832,688.2594235033259
1785158084,32,,Aggregated,9.800000,0.000000,1900,2800,3100,3800,5000,6500,8400,9900,13000,13000,13000,914,0,1900,2365.3618722090027,32.62770001310855,12651.045900012832,685.7680525164113
1785158085,33,,Aggregated,10.500000,0.000000,1900,2800,3200,3800,5000,6500,8500,9900,13000,13000,13000,927,0,1900,2369.5976262126132,32.62770001310855,12651.045900012832,682.7885652642934
1785158086,34,,Aggregated,11.000000,0.000000,1900,2800,3200,3800,5000,6500,8500,9900,13000,13000,13000,937,0,1900,2360.655450799479,32.62770001310855,12651.045900012832,679.2283884738528
1785158087,35,,Aggregated,11.000000,0.000000,1900,2700,3200,3800,5000,6500,8500,9900,13000,13000,13000,949,0,1900,2350.7839492086696,32.62770001310855,12651.045900012832,677.6417281348788
1785158088,36,,Aggregated,11.300000,0.000000,1900,2800,3200,3800,5000,6500,8500,9900,13000,13000,13000,963,0,1900,2357.934384630473,32.62770001310855,12651.045900012832,674.3904465212877
1785158089,37,,Aggregated,11.400000,0.000000,1900,2700,3200,3800,5000,6600,8600,9900,13000,13000,13000,978,0,1900,2354.825324743509,32.62770001310855,12651.045900012832,669.8527607361963
1785158090,38,,Aggregated,11.800000,0.000000,1900,2700,3200,3800,5000,6500,8600,9900,13000,13000,13000,990,0,1900,2345.200649999209,32.62770001310855,12651.045900012832,666.9474747474748
1785158091,39,,Aggregated,12.300000,0.000000,1900,2700,3200,3800,5000,6700,8700,9900,13000,13000,13000,1000,0,1900,2349.942035199201,32.62770001310855,12651.045900012832,665.93
1785158092,40,,Aggregated,12.600000,0.000000,1900,2700,3200,3800,5000,6700,8600,9900,11000,13000,13000,1012,0,1900,2345.5177070150794,32.62770001310855,12651.045900012832,663.298418972332
1785158093,40,,Aggregated,12.600000,0.000000,1900,2700,3200,3800,5000,6700,8600,9900,11000,13000,13000,1020,0,1900,2352.2009741168526,32.62770001310855,12651.045900012832,661.2107843137255
1785158094,40,,Aggregated,12.300000,0.000000,1900,2800,3200,3800,5000,6700,8700,9900,11000,13000,13000,1030,0,1900,2354.2949724265427,32.62770001310855,12651.045900012832,659.6359223300971
1785158095,40,,Aggregated,12.300000,0.000000,1900,2800,3200,3800,5100,6700,8700,9900,11000,13000,13000,1043,0,1900,2362.922424160427,32.62770001310855,12651.045900012832,657.3096836049856
1785158096,40,,Aggregated,11.800000,0.000000,1900,2800,3200,3800,5200,6700,8600,9900,11000,13000,13000,1057,0,1900,2367.05699791793,32.62770001310855,12651.045900012832,655.8505203405865
1785158097,40,,Aggregated,11.500000,0.000000,1900,2800,3200,3800,5200,6800,8900,9900,13000,14000,14000,1066,0,1900,2385.620442963656,32.62770001310855,13676.086899999063,654.6894934333959
1785158098,40,,Aggregated,11.700000,0.000000,1900,2800,3200,3800,5200,6800,8900,9900,13000,14000,14000,1074,0,1900,2381.9687011166307,32.62770001310855,13676.086899999063,653.5400372439478
1785158099,40,,Aggregated,11.900000,0.000000,1900,2800,3200,3800,5200,6900,9100,10000,14000,15000,15000,1083,0,1900,2396.746173037127,32.62770001310855,15246.862899977714,652.5761772853185
1785158100,40,,Aggregated,11.400000,0.000000,1900,2800,3200,3800,5400,6900,9300,10000,14000,15000,15000,1096,0,1900,2403.9698091233518,32.62770001310855,15246.862899977714,649.0866788321168
1785158101,40,,Aggregated,10.900000,0.000000,1900,2800,3200,3800,5400,6900,9300,10000,14000,15000,15000,1108,0,1900,2403.984593140089,32.62770001310855,15246.862899977714,645.9341155234657
1785158102,40,,Aggregated,10.400000,0.000000,1900,2800,3200,3800,5400,7100,9300,10000,14000,15000,15000,1117,0,1900,2425.0250752007873,32.62770001310855,15246.862899977714,644.7162041181737
1785158103,40,,Aggregated,10.500000,0.000000,1900,2800,3200,3800,5400,7100,9300,10000,14000,15000,15000,1132,0,1900,2423.0423933738357,32.62770001310855,15246.862899977714,641.7332155477031
1785158104,40,,Aggregated,10.800000,0.000000,1900,2800,3200,3900,5500,7200,9400,11000,14000,15000,15000,1145,0,1900,2436.756069781045,32.62770001310855,15246.862899977714,639.225327510917
1785158105,40,,Aggregated,10.500000,0.000000,1900,2800,3300,3900,5600,7300,9300,11000,14000,15000,15000,1153,0,1900,2443.7732566341397,32.62770001310855,15246.862899977714,638.8100607111882
1785158106,40,,Aggregated,11.200000,0.000000,1900,2800,3300,3900,5600,7400,9400,11000,14000,15000,15000,1164,0,1900,2451.893659621244,32.62770001310855,15246.862899977714,637.1932989690722
1785158107,40,,Aggregated,11.400000,0.000000,1900,2800,3200,3900,5600,7400,9400,11000,14000,15000,15000,1170,0,1900,2445.4549435035597,32.62770001310855,15246.862899977714,637.0367521367522
1785158108,40,,Aggregated,10.900000,0.000000,1900,2800,3200,3900,5600,7300,9400,11000,14000,15000,15000,1184,0,1900,2435.6415031242423,32.62770001310855,15246.862899977714,634.285472972973
1785158109,40,,Aggregated,10.600000,0.000000,1900,2800,3300,3900,5700,7500,9700,11000,15000,15000,15000,1207,0,1900,2458.755905798894,32.62770001310855,15246.862899977714,630.8434134217067
1785158110,40,,Aggregated,10.500000,0.000000,1900,2800,3300,3900,5700,7500,9700,11000,15000,15000,15000,1216,0,1900,2461.851699176996,32.62770001310855,15246.862899977714,629.4613486842105
1785158111,40,,Aggregated,11.100000,0.000000,1900,2800,3300,3900,5700,7500,9900,11000,15000,15000,15000,1226,0,1900,2475.203595921193,32.62770001310855,15246.862899977714,629.3401305057097
1785158112,40,,Aggregated,12.300000,0.000000,1900,2800,3300,3900,5700,7600,9900,11000,15000,15000,15000,1234,0,1800,2474.9723591567135,32.62770001310855,15246.862899977714,629.5656401944894
1785158113,40,,Aggregated,12.000000,0.000000,1900,2800,3300,3900,5700,7600,9900,11000,15000,19000,19000,1248,0,1800,2488.4425738775744,32.62770001310855,18630.361899966374,626.7916666666666
1785158114,40,,Aggregated,11.700000,0.000000,1900,2800,3300,3900,5800,7700,9900,11000,15000,19000,19000,1256,0,1800,2492.2236746012463,32.27789996890351,18630.361899966374,625.3216560509554
1785158115,40,,Aggregated,11.600000,0.000000,1800,2800,3300,3900,5800,7700,9900,11000,15000,19000,19000,1273,0,1800,2489.226780596377,32.27789996890351,18630.361899966374,621.8436763550668
1785158116,40,,Aggregated,11.500000,0.000000,1800,2800,3300,3900,5800,7700,9900,11000,15000,19000,19000,1286,0,1800,2484.740226826778,32.27789996890351,18630.361899966374,620.3491446345257
1785158118,40,,Aggregated,11.200000,0.000000,1800,2800,3300,3900,5800,7700,9900,11000,15000,19000,19000,1293,0,1800,2487.7344238973737,32.27789996890351,18630.361899966374,619.9574632637277
1785158119,40,,Aggregated,11.800000,0.000000,1800,2800,3400,3900,5800,7700,10000,12000,16000,19000,19000,1304,0,1800,2506.5542646466633,32.27789996890351,18630.361899966374,619.1978527607362
1785158120,40,,Aggregated,12.200000,0.000000,1800,2800,3400,3900,5800,7800,10000,12000,16000,19000,19000,1312,0,1800,2521.73911181352,32.27789996890351,18630.361899966374,618.84375
1785158121,40,,Aggregated,12.100000,0.000000,1900,2800,3400,4000,5800,7800,10000,12000,16000,19000,19000,1322,0,1900,2528.1299376697702,32.27789996890351,18630.361899966374,617.8222390317701
1785158122,40,,Aggregated,10.500000,0.000000,1900,2800,3400,4000,5900,7800,10000,12000,16000,19000,19000,1331,0,1900,2533.4813803902134,32.27789996890351,18630.361899966374,616.374154770849
1785158123,40,,Aggregated,10.500000,0.000000,1900,2800,3500,4000,5900,7800,10000,12000,16000,19000,19000,1342,0,1900,2539.49739590117,32.27789996890351,18630.361899966374,614.5469448584203
1785158124,40,,Aggregated,10.400000,0.000000,1900,2800,3500,4000,5900,7800,10000,12000,16000,19000,19000,1353,0,1900,2529.5753042862466,32.27789996890351,18630.361899966374,613.3577235772358
1785158125,40,,Aggregated,10.400000,0.000000,1900,2800,3500,4000,5900,7800,10000,12000,16000,19000,19000,1366,0,1900,2531.898361053732,32.27789996890351,18630.361899966374,610.4663250366032
1785158126,40,,Aggregated,10.300000,0.000000,1900,2800,3500,4100,6000,7900,10000,13000,19000,24000,24000,1376,0,1900,2561.621925580851,32.27789996890351,24387.516899965703,610.1213662790698
1785158127,40,,Aggregated,10.300000,0.000000,1800,2800,3500,4100,6000,7900,10000,13000,19000,24000,24000,1390,0,1800,2561.9890007907743,32.27789996890351,24387.516899965703,609.0086330935252
1785158128,40,,Aggregated,10.100000,0.000000,1800,2800,3500,4100,6000,7900,10000,13000,19000,24000,24000,1402,0,1800,2570.024024821164,32.27789996890351,24387.516899965703,608.539942938659
1785158129,40,,Aggregated,10.400000,0.000000,1800,2800,3500,4100,6100,7900,11000,13000,19000,24000,24000,1416,0,1800,2579.077577541762,32.27789996890351,24387.516899965703,606.7387005649717
1785158130,40,,Aggregated,10.800000,0.000000,1800,2800,3500,4100,6100,8000,11000,13000,24000,24000,24000,1433,0,1800,2588.6744167474544,32.00820001075044,24420.20599998068,603.7355198883462
1785158131,40,,Aggregated,10.800000,0.000000,1800,2800,3500,4100,6100,8000,11000,13000,24000,24000,24000,1446,0,1800,2583.832533747656,32.00820001075044,24420.20599998068,602.1134163208852
1785158132,40,,Aggregated,12.000000,0.000000,1800,2800,3500,4100,6100,8000,11000,13000,24000,24000,24000,1454,0,1800,2578.8654808796996,32.00820001075044,24420.20599998068,601.5467675378267
1785158133,40,,Aggregated,12.400000,0.000000,1800,2800,3500,4100,6100,7900,11000,13000,24000,24000,24000,1469,0,1800,2568.2554187875926,32.00820001075044,24420.20599998068,599.8243703199455
1785158134,40,,Aggregated,12.200000,0.000000,1800,2800,3500,4100,6100,8100,11000,13000,24000,24000,24000,1483,0,1800,2581.3090542810737,32.00820001075044,24420.20599998068,598.4376264329063
1785158135,40,,Aggregated,12.500000,0.000000,1800,2800,3600,4200,6200,8100,11000,13000,24000,24000,24000,1495,0,1800,2590.708469029284,32.00820001075044,24420.20599998068,597.0836120401337
1785158136,40,,Aggregated,13.000000,0.000000,1800,2800,3600,4100,6200,8200,11000,13000,24000,24000,24000,1511,0,1800,2586.317077497514,32.00820001075044,24420.20599998068,594.2018530774321
1785158137,40,,Aggregated,12.700000,0.000000,1800,2800,3600,4100,6300,8200,11000,13000,24000,24000,24000,1528,0,1800,2585.9658934546774,32.00820001075044,24420.20599998068,591.5215968586388
1785158138,40,,Aggregated,13.300000,0.000000,1800,2800,3500,4100,6300,8200,11000,13000,24000,24000,24000,1543,0,1800,2579.4367882039,32.00820001075044,24420.20599998068,590.4167206740117
1785158139,40,,Aggregated,13.300000,0.000000,1800,2800,3600,4200,6300,8200,11000,14000,24000,24000,24000,1552,0,1800,2585.8009403986516,32.00820001075044,24420.20599998068,590.1030927835052
1785158140,40,,Aggregated,13.900000,0.000000,1800,2800,3600,4200,6300,8200,11000,14000,24000,24000,24000,1565,0,1800,2581.902523641214,32.00820001075044,24420.20599998068,588.6185303514377
1785158141,40,,Aggregated,13.800000,0.000000,1800,2900,3500,4200,6300,8200,11000,14000,24000,24000,24000,1577,0,1800,2577.78200951074,32.00820001075044,24420.20599998068,588.3582752060875
1785158142,40,,Aggregated,13.200000,0.000000,1800,2900,3500,4200,6400,8200,11000,14000,24000,24000,24000,1587,0,1800,2581.574152235943,32.00820001075044,24420.20599998068,587.8046628859483
1785158143,40,,Aggregated,12.900000,0.000000,1800,2900,3500,4200,6400,8200,11000,14000,24000,24000,24000,1597,0,1800,2580.7643021279687,32.00820001075044,24420.20599998068,587.143393863494
1785158144,40,,Aggregated,13.300000,0.000000,1800,2900,3500,4200,6300,8200,11000,13000,24000,24000,24000,1606,0,1800,2579.2273057275743,32.00820001075044,24420.20599998068,586.8561643835617
1785158145,40,,Aggregated,12.700000,0.000000,1800,2900,3600,4200,6300,8200,11000,13000,24000,24000,24000,1616,0,1800,2577.066826174751,32.00820001075044,24420.20599998068,586.7190594059406
1785158146,40,,Aggregated,12.200000,0.000000,1800,2900,3600,4300,6400,8200,11000,13000,24000,24000,24000,1629,0,1800,2587.4453708400115,32.00820001075044,24420.20599998068,586.1019030079804
1785158147,40,,Aggregated,11.800000,0.000000,1800,2900,3600,4200,6400,8200,11000,13000,24000,24000,24000,1641,0,1800,2581.168481839361,32.00820001075044,24420.20599998068,584.9579524680073
1785158148,40,,Aggregated,11.900000,0.000000,1800,2900,3600,4300,6400,8200,11000,14000,24000,26000,26000,1649,0,1800,2609.8746467546057,32.00820001075044,26048.197700001765,584.8423286840509
1785158149,40,,Aggregated,11.500000,0.000000,1800,2900,3600,4300,6400,8300,11000,14000,24000,26000,26000,1660,0,1800,2618.599271926753,32.00820001075044,26048.197700001765,584.0704819277108
1785158150,40,,Aggregated,10.800000,0.000000,1800,2900,3600,4400,6400,8400,11000,15000,24000,26000,26000,1671,0,1800,2633.2187669649575,32.00820001075044,26048.197700001765,583.605026929982
1785158151,40,,Aggregated,10.600000,0.000000,1800,2900,3600,4400,6500,8400,11000,15000,24000,26000,26000,1685,0,1800,2639.001297150447,32.00820001075044,26048.197700001765,582.1222551928784
1785158152,40,,Aggregated,10.500000,0.000000,1800,2900,3600,4400,6400,8400,11000,15000,24000,26000,26000,1698,0,1800,2631.0676709061195,32.00820001075044,26048.197700001765,580.1283863368669
1785158153,40,,Aggregated,10.700000,0.000000,1800,2900,3600,4400,6500,8400,11000,14000,24000,26000,26000,1706,0,1800,2639.2756399171326,32.00820001075044,26048.197700001765,580.0334114888628
1785158154,40,,Aggregated,10.900000,0.000000,1800,2900,3600,4400,6500,8400,11000,15000,24000,26000,26000,1716,0,1800,2643.163456292901,32.00820001075044,26048.197700001765,579.3671328671329
1785158155,40,,Aggregated,11.000000,0.000000,1800,2900,3600,4400,6500,8400,11000,15000,24000,26000,26000,1724,0,1800,2650.783471286903,32.00820001075044,26048.197700001765,579.7575406032482
1785158156,40,,Aggregated,11.000000,0.000000,1800,2900,3600,4400,6500,8400,11000,15000,24000,26000,26000,1735,0,1800,2656.805097174988,32.00820001075044,26048.197700001765,579.8115273775217
1785158157,40,,Aggregated,11.000000,0.000000,1800,2900,3600,4400,6500,8400,11000,15000,24000,26000,26000,1743,0,1800,2658.249913137457,32.00820001075044,26048.197700001765,579.8209982788296
1785158158,40,,Aggregated,10.400000,0.000000,1800,2900,3700,4400,6500,8400,11000,15000,24000,26000,26000,1755,0,1800,2668.4191887741204,32.00820001075044,26048.197700001765,580.0188034188034
1785158159,40,,Aggregated,10.200000,0.000000,1800,2900,3700,4400,6500,8400,12000,15000,24000,26000,26000,1766,0,1800,2679.0347144386446,32.00820001075044,26048.197700001765,579.6959229898075
1785158160,40,,Aggregated,10.100000,0.000000,1800,2900,3700,4500,6500,8500,12000,15000,24000,26000,26000,1778,0,1800,2678.35473098906,32.00820001075044,26048.197700001765,579.1411698537682
1785158161,40,,Aggregated,10.400000,0.000000,1800,2900,3700,4500,6500,8500,12000,15000,24000,26000,26000,1787,0,1800,2683.772360099955,32.00820001075044,26048.197700001765,578.8147733631785
1785158162,40,,Aggregated,10.500000,0.000000,1800,2900,3700,4500,6600,8500,12000,15000,24000,26000,26000,1801,0,1800,2691.1418376448637,32.00820001075044,26048.197700001765,577.7196002220988
1785158163,40,,Aggregated,10.100000,0.000000,1800,2900,3700,4500,6500,8500,12000,15000,24000,26000,26000,1812,0,1800,2689.3958296901064,32.00820001075044,26048.197700001765,576.9619205298013
1785158164,40,,Aggregated,10.300000,0.000000,1800,2900,3700,4500,6600,8500,12000,15000,24000,26000,26000,1825,0,1800,2693.1017092594307,32.00820001075044,26048.197700001765,575.8504109589041
1785158165,40,,Aggregated,10.300000,0.000000,1800,2900,3700,4500,6600,8600,12000,15000,24000,26000,26000,1836,0,1800,2695.65172723229,32.00820001075044,26048.197700001765,575.5588235294117
1785158166,40,,Aggregated,10.700000,0.000000,1800,2900,3700,4500,6600,8600,12000,15000,24000,26000,26000,1847,0,1800,2703.097996804766,32.00820001075044,26048.197700001765,574.4731997834326
1785158167,40,,Aggregated,11.100000,0.000000,1800,2900,3700,4500,6600,8700,12000,15000,24000,26000,26000,1855,0,1800,2715.3005854978164,32.00820001075044,26048.197700001765,574.8463611859838
1785158168,40,,Aggregated,11.300000,0.000000,1800,2900,3700,4500,6600,8700,12000,15000,24000,26000,26000,1867,0,1800,2715.4362538287774,32.00820001075044,26048.197700001765,573.9046598821639
1785158169,40,,Aggregated,11.200000,0.000000,1800,2900,3700,4500,6600,8700,12000,15000,24000,26000,26000,1878,0,1800,2712.045960968227,32.00820001075044,26048.197700001765,573.629392971246
1785158170,40,,Aggregated,11.400000,0.000000,1800,2900,3700,4500,6600,8700,12000,15000,24000,26000,26000,1891,0,1800,2710.3888356944517,32.00820001075044,26048.197700001765,572.9365415124273
1785158171,40,,Aggregated,11.000000,0.000000,1800,2900,3700,4600,6600,8700,12000,15000,24000,26000,26000,1900,0,1800,2706.055293525324,32.00820001075044,26048.197700001765,571.6268421052631
1785158172,40,,Aggregated,11.000000,0.000000,1800,2900,3700,4600,6600,8600,12000,15000,24000,26000,26000,1911,0,1800,2702.6034649388403,32.00820001075044,26048.197700001765,570.2569335426479
1785158173,40,,Aggregated,11.200000,0.000000,1800,2900,3700,4600,6600,8800,12000,15000,24000,26000,26000,1925,0,1800,2716.541726284678,32.00820001075044,26048.197700001765,570.3272727272728
1785158174,40,,Aggregated,11.000000,0.000000,1800,2900,3700,4600,6600,8900,12000,15000,24000,26000,26000,1938,0,1800,2719.290690298244,32.00820001075044,26048.197700001765,569.2579979360165
1785158175,40,,Aggregated,11.200000,0.000000,1800,2900,3700,4600,6600,8800,12000,15000,24000,26000,26000,1947,0,1800,2719.4314552120964,32.00820001075044,26048.197700001765,568.6851566512584
1785158176,40,,Aggregated,11.200000,0.000000,1800,2900,3700,4600,6600,8800,12000,15000,24000,26000,26000,1962,0,1800,2725.2817539235716,32.00820001075044,26048.197700001765,568.664627930683
1785158177,40,,Aggregated,11.000000,0.000000,1800,3000,3700,4600,6600,8900,12000,15000,24000,26000,26000,1972,0,1800,2730.6289045121794,32.00820001075044,26048.197700001765,568.6470588235294
1785158178,40,,Aggregated,11.400000,0.000000,1800,3000,3700,4600,6600,8900,12000,15000,24000,26000,26000,1980,0,1800,2732.050100605109,32.00820001075044,26048.197700001765,568.7010101010101
1785158179,40,,Aggregated,11.500000,0.000000,1800,3000,3700,4600,6600,8800,12000,15000,24000,26000,26000,1988,0,1800,2732.2429011057234,32.00820001075044,26048.197700001765,568.6725352112676
1785158180,40,,Aggregated,11.300000,0.000000,1800,3000,3700,4600,6600,8800,12000,15000,24000,26000,26000,2000,0,1800,2728.8944992991474,32.00820001075044,26048.197700001765,568.588
1785158181,40,,Aggregated,11.100000,0.000000,1800,3000,3700,4600,6600,8800,12000,15000,24000,26000,26000,2011,0,1800,2728.035399402504,32.00820001075044,26048.197700001765,568.3689706613625
1785158182,40,,Aggregated,10.800000,0.000000,1800,3000,3700,4600,6600,8800,12000,15000,24000,26000,26000,2021,0,1800,2731.3260555162274,32.00820001075044,26048.197700001765,568.3562592775853
1785158183,40,,Aggregated,10.900000,0.000000,1800,3000,3700,4600,6600,8900,13000,15000,24000,26000,26000,2032,0,1800,2736.8728968987552,32.00820001075044,26048.197700001765,568.1412401574803
1785158184,40,,Aggregated,10.900000,0.000000,1800,3000,3700,4700,6600,8800,13000,15000,24000,26000,26000,2045,0,1800,2735.28094175955,32.00820001075044,26048.197700001765,567.8723716381418
1785158185,40,,Aggregated,10.800000,0.000000,1800,3000,3800,4700,6700,8900,12000,15000,24000,26000,26000,2055,0,1800,2741.888046325124,32.00820001075044,26048.197700001765,567.4627737226277
1785158186,40,,Aggregated,10.600000,0.000000,1800,3000,3700,4700,6700,8900,13000,15000,24000,26000,26000,2070,0,1800,2743.9794813518174,32.00820001075044,26048.197700001765,566.4917874396135
1785158187,40,,Aggregated,10.900000,0.000000,1800,3000,3700,4700,6700,8900,13000,15000,24000,26000,26000,2084,0,1800,2741.3035650183624,32.00820001075044,26048.197700001765,565.6511516314779
1785158188,40,,Aggregated,10.700000,0.000000,1800,3000,3800,4700,6700,8900,13000,15000,24000,26000,26000,2098,0,1800,2752.518811820003,32.00820001075044,26048.197700001765,564.582459485224
1785158189,40,,Aggregated,10.800000,0.000000,1800,3000,3800,4700,6700,8900,13000,15000,24000,26000,26000,2112,0,1800,2746.051435273828,32.00820001075044,26048.197700001765,563.8484848484849
1785158190,40,,Aggregated,11.400000,0.000000,1800,3000,3800,4700,6700,8900,13000,15000,24000,26000,26000,2124,0,1800,2750.2112959973856,32.00820001075044,26048.197700001765,562.8681732580038
1785158191,40,,Aggregated,12.000000,0.000000,1800,3000,3800,4700,6700,9000,13000,15000,24000,26000,26000,2137,0,1800,2751.09051689211,32.00820001075044,26048.197700001765,561.2484791764156
1785158192,40,,Aggregated,12.600000,0.000000,1800,3000,3800,4700,6700,9000,13000,15000,24000,26000,26000,2143,0,1800,2752.0412975261443,32.00820001075044,26048.197700001765,561.691553896407
1785158193,40,,Aggregated,12.400000,0.000000,1800,3000,3800,4700,6700,9000,13000,15000,24000,26000,26000,2152,0,1800,2753.0994488376023,32.00820001075044,26048.197700001765,561.8940520446097
1785158194,40,,Aggregated,12.300000,0.000000,1800,3000,3800,4700,6700,8900,13000,15000,24000,26000,26000,2164,0,1800,2751.3923757387493,32.00820001075044,26048.197700001765,560.8664510166359
1785158195,40,,Aggregated,12.000000,0.000000,1800,3000,3800,4700,6700,9000,13000,15000,24000,26000,26000,2174,0,1800,2750.672653449289,32.00820001075044,26048.197700001765,560.2856485740571
1785158196,40,,Aggregated,11.900000,0.000000,1800,3000,3800,4700,6700,9000,13000,15000,24000,27000,27000,2188,0,1800,2761.974943509498,32.00820001075044,27338.810199988075,559.5082266910421
1785158197,40,,Aggregated,11.800000,0.000000,1800,3000,3800,4700,6700,9000,13000,15000,24000,27000,27000,2199,0,1800,2758.574497452873,32.00820001075044,27338.810199988075,559.0454752160073
1785158198,40,,Aggregated,11.800000,0.000000,1800,3000,3800,4700,6700,9000,13000,15000,24000,27000,27000,2213,0,1800,2757.1290516036725,32.00820001075044,27338.810199988075,558.677812923633
1785158199,40,,Aggregated,11.700000,0.000000,1800,3000,3800,4700,6700,9000,13000,15000,24000,27000,27000,2223,0,1800,2758.577199054794,32.00820001075044,27338.810199988075,558.3297345928925
1785158200,40,,Aggregated,11.200000,0.000000,1800,3000,3800,4700,6700,9000,13000,15000,24000,27000,27000,2239,0,1800,2754.4859029024483,32.00820001075044,27338.810199988075,556.7945511389013
1785158201,40,,Aggregated,11.300000,0.000000,1800,3000,3800,4700,6700,9000,13000,15000,24000,27000,27000,2255,0,1800,2759.3064524605825,32.00820001075044,27338.810199988075,555.5139689578714
1785158202,40,,Aggregated,11.400000,0.000000,1800,3000,3800,4700,6700,9000,13000,15000,24000,27000,27000,2266,0,1800,2759.9396436445777,32.00820001075044,27338.810199988075,555.3852603706972
1785158203,40,,Aggregated,11.800000,0.000000,1800,3000,3800,4700,6700,9100,13000,15000,24000,27000,27000,2274,0,1800,2764.4587989000424,32.00820001075044,27338.810199988075,556.0598065083553
1785158204,40,,Aggregated,12.300000,0.000000,1800,3000,3800,4700,6700,9100,13000,15000,26000,27000,27000,2283,0,1800,2775.0528531750574,32.00820001075044,27338.810199988075,555.9115199299167
1785158205,40,,Aggregated,12.100000,0.000000,1800,3000,3800,4700,6700,9100,13000,16000,26000,27000,27000,2293,0,1800,2777.3038006536235,32.00820001075044,27338.810199988075,555.6650675970344
1785158206,40,,Aggregated,12.000000,0.000000,1800,3000,3800,4700,6700,9100,13000,15000,26000,27000,27000,2306,0,1800,2777.4883529483022,32.00820001075044,27338.810199988075,555.4865568083261
1785158207,40,,Aggregated,11.600000,0.000000,1800,3000,3800,4700,6700,9100,13000,15000,26000,27000,27000,2322,0,1800,2770.459520800499,32.00820001075044,27338.810199988075,554.0973298880276
1785158208,40,,Aggregated,11.600000,0.000000,1800,3000,3800,4700,6700,9100,13000,15000,26000,27000,27000,2336,0,1800,2766.127172687909,32.00820001075044,27338.810199988075,553.423801369863
1785158209,40,,Aggregated,11.700000,0.000000,1800,3000,3800,4700,6700,9100,13000,15000,26000,27000,27000,2353,0,1800,2765.9687997871615,32.00820001075044,27338.810199988075,552.2617934551636
1785158210,40,,Aggregated,12.400000,0.000000,1800,3000,3800,4700,6700,9100,13000,16000,26000,27000,27000,2365,0,1800,2767.437779534551,32.00820001075044,27338.810199988075,551.6393234672305
1785158211,40,,Aggregated,12.700000,0.000000,1800,3000,3800,4700,6700,9100,13000,16000,26000,27000,27000,2373,0,1800,2770.4175536869743,32.00820001075044,27338.810199988075,551.7458912768648
1785158212,40,,Aggregated,12.600000,0.000000,1800,3000,3800,4700,6700,9000,13000,16000,26000,27000,27000,2382,0,1800,2765.769310830864,32.00820001075044,27338.810199988075,550.9911838790932
1785158213,40,,Aggregated,12.300000,0.000000,1800,3000,3800,4700,6700,9100,13000,16000,26000,27000,27000,2397,0,1800,2768.66553600294,32.00820001075044,27338.810199988075,550.7304964539007
1785158214,40,,Aggregated,11.500000,0.000000,1800,3000,3800,4700,6700,9000,13000,16000,26000,27000,27000,2414,0,1800,2759.573194448696,32.00820001075044,27338.810199988075,549.4150787075394
1785158215,40,,Aggregated,11.500000,0.000000,1800,3000,3800,4700,6700,9100,13000,16000,26000,27000,27000,2427,0,1800,2762.1457290478197,32.00820001075044,27338.810199988075,548.740832303255
1785158216,40,,Aggregated,12.500000,0.000000,1800,3000,3800,4700,6700,9100,13000,16000,26000,27000,27000,2441,0,1800,2756.108972469882,32.00820001075044,27338.810199988075,547.7820565342073
1785158217,40,,Aggregated,13.200000,0.000000,1800,3000,3800,4700,6700,9100,13000,16000,26000,27000,27000,2454,0,1800,2749.368336022411,32.00820001075044,27338.810199988075,546.7212713936431
1785158218,40,,Aggregated,13.400000,0.000000,1800,3000,3800,4700,6700,9100,13000,16000,26000,27000,27000,2464,0,1800,2754.5404756083744,32.00820001075044,27338.810199988075,546.796672077922
1785158219,40,,Aggregated,13.500000,0.000000,1800,3000,3800,4700,6700,9100,13000,16000,26000,27000,27000,2475,0,1800,2758.7678334137404,32.00820001075044,27338.810199988075,546.0472727272727
1785158220,40,,Aggregated,13.000000,0.000000,1800,3000,3800,4700,6700,9200,14000,16000,27000,31000,31000,2487,0,1800,2774.072116404928,32.00820001075044,30888.6133999913,545.8118214716526
1785158221,40,,Aggregated,12.400000,0.000000,1800,3000,3800,4700,6700,9200,14000,16000,27000,31000,31000,2497,0,1800,2775.523487304339,32.00820001075044,30888.6133999913,546.1433720464557
1785158222,40,,Aggregated,11.900000,0.000000,1800,3000,3800,4700,6700,9200,13000,16000,27000,31000,31000,2508,0,1800,2775.664970972499,32.00820001075044,30888.6133999913,545.4744816586922
1785158223,40,,Aggregated,12.000000,0.000000,1800,3000,3800,4700,6800,9200,13000,16000,27000,31000,31000,2518,0,1800,2774.3538027398845,32.00820001075044,30888.6133999913,544.8880063542495
1785158224,40,,Aggregated,12.200000,0.000000,1800,3000,3800,4700,6800,9200,13000,16000,27000,31000,31000,2530,0,1800,2777.1996447822257,32.00820001075044,30888.6133999913,543.9426877470356
1785158225,40,,Aggregated,12.800000,0.000000,1800,3000,3800,4700,6800,9300,14000,16000,27000,31000,31000,2538,0,1800,2779.559805476383,32.00820001075044,30888.6133999913,543.5397951142631
1785158226,40,,Aggregated,11.700000,0.000000,1800,3000,3800,4800,6800,9300,14000,16000,27000,31000,31000,2553,0,1800,2787.5755063058964,32.00820001075044,30888.6133999913,543.0755973364669
1785158227,40,,Aggregated,11.300000,0.000000,1800,3000,3800,4800,6800,9300,14000,16000,27000,31000,31000,2566,0,1800,2787.8520054166224,32.00820001075044,30888.6133999913,542.9703819173811
1785158228,40,,Aggregated,10.800000,0.000000,1800,3000,3800,4800,6800,9300,14000,16000,27000,31000,31000,2580,0,1800,2788.4012894569823,32.00820001075044,30888.6133999913,542.6558139534884
1785158229,40,,Aggregated,11.000000,0.000000,1800,3000,3800,4800,6800,9300,14000,16000,27000,31000,31000,2593,0,1800,2787.1153140373935,32.00820001075044,30888.6133999913,541.9838025453143
1785158230,40,,Aggregated,11.200000,0.000000,1800,3000,3800,4800,6800,9300,14000,16000,27000,31000,31000,2606,0,1800,2787.459492670346,32.00820001075044,30888.6133999913,541.6354566385264
1785158231,40,,Aggregated,11.400000,0.000000,1800,3000,3800,4800,6800,9300,14000,16000,27000,31000,31000,2622,0,1800,2785.115935468713,32.00820001075044,30888.6133999913,540.8710907704043
1785158232,40,,Aggregated,11.900000,0.000000,1800,3000,3800,4800,6800,9300,14000,16000,27000,31000,31000,2635,0,1800,2783.524884401904,32.00820001075044,30888.6133999913,540.2337760910816
1785158233,40,,Aggregated,11.900000,0.000000,1800,3000,3800,4800,6800,9300,14000,16000,27000,31000,31000,2644,0,1800,2782.8876155820644,32.00820001075044,30888.6133999913,540.4708774583963
1785158234,40,,Aggregated,12.500000,0.000000,1800,3000,3800,4800,6800,9300,13000,16000,27000,31000,31000,2656,0,1800,2778.050319766167,32.00820001075044,30888.6133999913,540.2789909638554
1785158235,40,,Aggregated,12.400000,0.000000,1800,3000,3800,4800,6800,9300,13000,16000,27000,31000,31000,2670,0,1800,2778.4433385014777,32.00820001075044,30888.6133999913,539.8220973782771
1785158236,40,,Aggregated,12.500000,0.000000,1800,3000,3800,4800,6800,9300,13000,16000,27000,31000,31000,2681,0,1800,2777.9528681085135,32.00820001075044,30888.6133999913,539.5251771726968
1785158237,40,,Aggregated,12.700000,0.000000,1800,3000,3800,4800,6800,9300,14000,16000,27000,31000,31000,2694,0,1800,2786.6425907939197,32.00820001075044,30888.6133999913,538.5939123979213
1785158238,40,,Aggregated,13.100000,0.000000,1800,3000,3800,4800,6800,9300,14000,16000,27000,31000,31000,2704,0,1800,2785.1811187124954,32.00820001075044,30888.6133999913,538.4493343195267
1785158239,40,,Aggregated,12.800000,0.000000,1800,3000,3800,4800,6800,9300,14000,16000,27000,31000,31000,2716,0,1800,2784.2615693293674,32.00820001075044,30888.6133999913,537.7345360824743
1785158240,40,,Aggregated,12.700000,0.000000,1800,3000,3800,4800,6800,9300,14000,16000,27000,31000,31000,2728,0,1800,2783.910836399721,32.00820001075044,30888.6133999913,537.8060850439882
1785158241,40,,Aggregated,12.300000,0.000000,1800,3000,3800,4800,6800,9300,14000,16000,27000,31000,31000,2743,0,1800,2780.8357952236693,32.00820001075044,30888.6133999913,536.6974115931462
1785158242,40,,Aggregated,12.000000,0.000000,1800,3000,3800,4800,6800,9300,13000,16000,27000,31000,31000,2758,0,1700,2777.1263269393226,32.00820001075044,30888.6133999913,536.1305293691081
1785158244,40,,Aggregated,12.000000,0.000000,1700,3000,3800,4800,6800,9300,13000,16000,27000,31000,31000,2771,0,1700,2769.380578779805,32.00820001075044,30888.6133999913,535.2937567665103
1785158245,40,,Aggregated,12.000000,0.000000,1700,3000,3800,4800,6800,9300,13000,16000,27000,31000,31000,2781,0,1700,2770.175886443334,32.00820001075044,30888.6133999913,535.1060769507371
1785158246,40,,Aggregated,12.500000,0.000000,1700,3000,3800,4800,6800,9300,13000,16000,27000,31000,31000,2795,0,1700,2770.055332629295,32.00820001075044,30888.6133999913,534.9237924865832
1785158247,40,,Aggregated,12.500000,0.000000,1700,3000,3800,4800,6800,9300,13000,16000,27000,31000,31000,2807,0,1700,2768.0688461342193,32.00820001075044,30888.6133999913,534.0135375846099
1785158248,40,,Aggregated,12.300000,0.000000,1700,3000,3800,4800,6800,9300,14000,16000,27000,31000,31000,2818,0,1700,2771.1462002834455,32.00820001075044,30888.6133999913,533.0461320085167
1785158249,40,,Aggregated,12.500000,0.000000,1700,3000,3800,4800,6800,9300,14000,16000,27000,31000,31000,2836,0,1700,2777.4775608951586,32.00820001075044,30888.6133999913,531.7880818053596
1785158250,40,,Aggregated,12.200000,0.000000,1700,3000,3800,4800,6800,9300,14000,16000,27000,31000,31000,2851,0,1700,2777.087064994326,32.00820001075044,30888.6133999913,531.0364784286215
1785158251,40,,Aggregated,13.100000,0.000000,1700,3000,3800,4800,6800,9300,14000,16000,27000,31000,31000,2863,0,1700,2774.4701293045555,32.00820001075044,30888.6133999913,530.3188962626615
1785158252,40,,Aggregated,13.400000,0.000000,1700,3000,3800,4800,6800,9300,14000,16000,27000,31000,31000,2878,0,1700,2770.054111848173,32.00820001075044,30888.6133999913,529.5257123002085
1785158253,40,,Aggregated,13.400000,0.000000,1700,3000,3800,4800,6800,9300,14000,16000,27000,31000,31000,2890,0,1700,2766.310061660543,32.00820001075044,30888.6133999913,528.8920415224914
1785158254,40,,Aggregated,13.300000,0.000000,1700,3000,3800,4800,6800,9300,13000,16000,27000,31000,31000,2902,0,1700,2762.6513107853307,32.00820001075044,30888.6133999913,528.7701585113715
1785158255,40,,Aggregated,13.200000,0.000000,1700,3000,3800,4800,6800,9300,13000,16000,27000,31000,31000,2916,0,1700,2758.9726045606426,32.00820001075044,30888.6133999913,528.0644718792867
1785158256,40,,Aggregated,13.000000,0.000000,1700,3000,3800,4800,6800,9300,13000,16000,27000,31000,31000,2927,0,1700,2756.678200272929,32.00820001075044,30888.6133999913,528.2880081995216
1785158257,40,,Aggregated,13.400000,0.000000,1700,3000,3800,4800,6800,9300,14000,16000,27000,31000,31000,2938,0,1700,2760.6864495570744,32.00820001075044,30888.6133999913,528.0136147038802
1785158258,40,,Aggregated,13.200000,0.000000,1700,3000,3800,4800,6800,9300,14000,16000,27000,31000,31000,2948,0,1700,2764.452820420154,32.00820001075044,30888.6133999913,527.9179104477612
1785158259,40,,Aggregated,12.900000,0.000000,1700,3000,3800,4800,6900,9300,14000,17000,27000,31000,31000,2964,0,1700,2774.772479756619,32.00820001075044,30888.6133999913,527.7682186234817
1785158260,40,,Aggregated,13.000000,0.000000,1700,3000,3800,4800,6900,9300,14000,17000,27000,31000,31000,2978,0,1700,2772.730932739617,32.00820001075044,30888.6133999913,527.4180658159839
1785158261,40,,Aggregated,12.800000,0.000000,1700,3000,3800,4800,6900,9300,14000,17000,27000,31000,31000,2987,0,1700,2773.076606393923,32.00820001075044,30888.6133999913,527.1704050887178
1785158262,40,,Aggregated,12.500000,0.000000,1700,3000,3800,4800,6900,9300,14000,17000,27000,31000,31000,3000,0,1700,2775.5143110328945,32.00820001075044,30888.6133999913,526.944
1785158263,40,,Aggregated,12.400000,0.000000,1700,3000,3800,4800,6900,9300,14000,17000,27000,31000,31000,3014,0,1700,2774.1339123751586,32.00820001075044,30888.6133999913,526.5932315859324
1785158264,40,,Aggregated,12.000000,0.000000,1700,3000,3800,4800,6900,9300,14000,17000,27000,31000,31000,3029,0,1700,2779.38397150838,32.00820001075044,30888.6133999913,525.9128425222846
1785158265,40,,Aggregated,12.300000,0.000000,1700,3000,3800,4800,6900,9300,14000,17000,27000,31000,31000,3042,0,1700,2776.2282055223727,32.00820001075044,30888.6133999913,525.6932938856016
1785158266,40,,Aggregated,12.600000,0.000000,1700,3000,3800,4800,6900,9300,14000,17000,27000,31000,31000,3053,0,1700,2772.3726809036734,32.00820001075044,30888.6133999913,525.4353095316083
1785158267,40,,Aggregated,12.400000,0.000000,1700,3000,3800,4800,6800,9300,14000,17000,27000,31000,31000,3063,0,1700,2770.926418608835,32.00820001075044,30888.6133999913,525.2892588965067
1785158268,40,,Aggregated,12.500000,0.000000,1700,3000,3800,4800,6900,9300,14000,17000,27000,31000,31000,3072,0,1700,2774.0397812496212,32.00820001075044,30888.6133999913,525.2688802083334
1785158269,40,,Aggregated,12.600000,0.000000,1700,3100,3800,4800,6900,9300,14000,17000,27000,31000,31000,3082,0,1700,2777.66260655383,32.00820001075044,30888.6133999913,525.4016872160935
1785158270,40,,Aggregated,12.300000,0.000000,1700,3100,3800,4800,6900,9400,14000,17000,27000,31000,31000,3092,0,1700,2782.227310284242,32.00820001075044,30888.6133999913,525.2639068564037
1785158271,40,,Aggregated,11.600000,0.000000,1700,3100,3800,4800,6900,9400,14000,17000,27000,31000,31000,3105,0,1700,2782.433647729105,32.00820001075044,30888.6133999913,525.2579710144928
1785158272,40,,Aggregated,11.400000,0.000000,1700,3100,3800,4800,6900,9400,14000,17000,27000,31000,31000,3118,0,1700,2780.3201992619565,32.00820001075044,30888.6133999913,524.7754971135344
1785158273,40,,Aggregated,11.700000,0.000000,1700,3100,3800,4800,6900,9400,14000,17000,27000,31000,31000,3133,0,1700,2787.501696488566,32.00820001075044,30888.6133999913,524.0181934248325
1785158274,40,,Aggregated,11.800000,0.000000,1700,3100,3800,4800,6900,9400,14000,17000,27000,31000,31000,3143,0,1700,2787.3657895318624,32.00820001075044,30888.6133999913,523.6236080178173
1785158275,40,,Aggregated,11.700000,0.000000,1700,3100,3800,4800,6900,9400,14000,17000,27000,31000,31000,3153,0,1700,2785.657750142303,32.00820001075044,30888.6133999913,523.0244211861719
1785158276,40,,Aggregated,11.500000,0.000000,1700,3100,3800,4800,6900,9400,14000,17000,27000,31000,31000,3162,0,1700,2785.1498009799425,32.00820001075044,30888.6133999913,523.0575585072738
1785158277,40,,Aggregated,11.100000,0.000000,1700,3100,3800,4800,6900,9400,14000,17000,27000,31000,31000,3172,0,1700,2784.9370609074663,32.00820001075044,30888.6133999913,522.874527112232
1785158278,40,,Aggregated,10.800000,0.000000,1700,3100,3800,4800,6900,9400,14000,17000,27000,31000,31000,3185,0,1700,2787.1329755410657,32.00820001075044,30888.6133999913,522.4659340659341
1785158279,40,,Aggregated,10.500000,0.000000,1700,3100,3800,4800,6900,9400,14000,17000,27000,31000,31000,3195,0,1700,2788.2528550542306,32.00820001075044,30888.6133999913,522.6031298904538
1785158280,40,,Aggregated,11.000000,0.000000,1700,3100,3800,4800,6900,9500,14000,17000,27000,31000,31000,3203,0,1700,2795.6716357160267,32.00820001075044,30888.6133999913,522.5413674679987
1785158281,40,,Aggregated,11.300000,0.000000,1700,3100,3800,4800,6900,9500,14000,17000,27000,31000,31000,3211,0,1700,2800.2721093423665,32.00820001075044,30888.6133999913,522.8881968234195
1785158282,40,,Aggregated,11.300000,0.000000,1700,3100,3800,4800,6900,9500,14000,17000,27000,31000,31000,3219,0,1700,2799.4932517547013,32.00820001075044,30888.6133999913,522.7707362534949
1785158283,40,,Aggregated,10.600000,0.000000,1700,3100,3800,4800,6900,9500,14000,17000,27000,31000,31000,3233,0,1700,2798.4365339308397,32.00820001075044,30888.6133999913,522.2063099288587
1785158284,40,,Aggregated,10.300000,0.000000,1700,3100,3800,4800,6900,9500,14000,17000,27000,31000,31000,3246,0,1700,2799.551144176961,32.00820001075044,30888.6133999913,521.9574861367837
1785158285,40,,Aggregated,9.900000,0.000000,1700,3100,3800,4800,6900,9500,14000,17000,27000,31000,31000,3257,0,1700,2798.5733920473986,32.00820001075044,30888.6133999913,521.9195578753454
1785158286,40,,Aggregated,10.200000,0.000000,1700,3100,3800,4800,6900,9500,14000,17000,27000,31000,31000,3272,0,1700,2800.5383592293056,32.00820001075044,30888.6133999913,521.7072127139364
1785158287,40,,Aggregated,10.300000,0.000000,1700,3100,3800,4800,6900,9500,14000,17000,27000,31000,31000,3286,0,1700,2793.169171241108,32.00820001075044,30888.6133999913,521.1582471089471
1785158288,40,,Aggregated,11.000000,0.000000,1700,3100,3800,4800,6900,9500,14000,17000,27000,31000,31000,3299,0,1700,2799.61786611041,32.00820001075044,30888.6133999913,520.9651409518036
1785158289,40,,Aggregated,11.400000,0.000000,1700,3100,3800,4800,7000,9600,14000,17000,27000,31000,31000,3311,0,1700,2806.55426067603,32.00820001075044,30888.6133999913,521.0776200543643
1785158290,40,,Aggregated,11.500000,0.000000,1700,3100,3800,4800,7000,9600,14000,17000,27000,31000,31000,3323,0,1700,2809.3830249468656,32.00820001075044,30888.6133999913,521.1950045139934
1785158291,40,,Aggregated,11.300000,0.000000,1700,3100,3800,4800,7000,9600,14000,17000,27000,31000,31000,3333,0,1700,2805.5274045299925,32.00820001075044,30888.6133999913,521.1302130213021
1785158292,40,,Aggregated,11.700000,0.000000,1700,3100,3800,4800,7000,9600,14000,17000,27000,31000,31000,3344,0,1700,2806.565128976845,32.00820001075044,30888.6133999913,520.8612440191388
1785158293,40,,Aggregated,12.000000,0.000000,1700,3100,3800,4800,7000,9600,14000,17000,27000,31000,31000,3351,0,1700,2806.507000954495,32.00820001075044,30888.6133999913,521.1142942405252
1785158294,40,,Aggregated,12.100000,0.000000,1700,3100,3800,4800,7000,9500,14000,17000,27000,31000,31000,3361,0,1700,2807.3841833379065,32.00820001075044,30888.6133999913,521.0514727759595
1785158295,40,,Aggregated,12.000000,0.000000,1700,3100,3800,4800,7000,9600,14000,17000,27000,31000,31000,3369,0,1700,2813.1685750367024,32.00820001075044,30888.6133999913,520.9513208667261
1785158296,40,,Aggregated,11.500000,0.000000,1700,3100,3800,4800,7100,9600,14000,17000,27000,31000,31000,3380,0,1700,2817.786053727456,32.00820001075044,30888.6133999913,520.9769230769231
1785158297,40,,Aggregated,11.000000,0.000000,1700,3100,3800,4800,7100,9600,14000,17000,27000,31000,31000,3395,0,1700,2820.703428364903,32.00820001075044,30888.6133999913,520.7832106038292
1785158298,40,,Aggregated,10.700000,0.000000,1700,3100,3800,4800,7100,9600,14000,17000,27000,31000,31000,3406,0,1700,2819.5907547853412,32.00820001075044,30888.6133999913,520.8106283029947
1785158299,40,,Aggregated,10.700000,0.000000,1700,3100,3800,4800,7100,9600,14000,17000,27000,31000,31000,3421,0,1700,2822.6085200230327,32.00820001075044,30888.6133999913,520.6217480268928
1785158300,40,,Aggregated,10.500000,0.000000,1700,3100,3800,4800,7100,9600,14000,17000,27000,31000,31000,3431,0,1700,2823.1191382392485,32.00820001075044,30888.6133999913,520.5631011366949
1785158301,40,,Aggregated,10.800000,0.000000,1700,3100,3800,4800,7100,9600,14000,17000,27000,31000,31000,3447,0,1700,2825.2203125032906,32.00820001075044,30888.6133999913,519.8909196402669
1785158302,40,,Aggregated,10.500000,0.000000,1700,3100,3800,4800,7100,9600,14000,17000,27000,31000,31000,3462,0,1700,2820.5366127668694,32.00820001075044,30888.6133999913,519.7088388214904
1785158303,40,,Aggregated,10.900000,0.000000,1700,3100,3900,4800,7100,9700,14000,17000,27000,31000,31000,3474,0,1700,2828.14606053507,32.00820001075044,30888.6133999913,519.5437535981578
1785158304,40,,Aggregated,11.600000,0.000000,1700,3100,3900,4800,7100,9700,14000,17000,27000,31000,31000,3487,0,1700,2824.614825752461,32.00820001075044,30888.6133999913,519.1835388586177
1785158305,40,,Aggregated,11.800000,0.000000,1700,3100,3900,4800,7100,9700,14000,17000,27000,31000,31000,3499,0,1700,2827.9392192908817,32.00820001075044,30888.6133999913,519.070020005716
1785158306,40,,Aggregated,12.400000,0.000000,1700,3100,3900,4800,7100,9700,14000,17000,27000,31000,31000,3512,0,1700,2828.361873006475,32.00820001075044,30888.6133999913,518.6651480637813
1785158307,40,,Aggregated,12.800000,0.000000,1700,3100,3900,4800,7200,9700,14000,17000,27000,31000,31000,3525,0,1700,2827.278996964217,32.00820001075044,30888.6133999913,518.6893617021277
1785158308,40,,Aggregated,12.900000,0.000000,1700,3100,3800,4800,7200,9700,14000,17000,27000,31000,31000,3537,0,1700,2825.1508484022756,32.00820001075044,30888.6133999913,518.620299689002
1785158309,40,,Aggregated,13.000000,0.000000,1700,3100,3800,4800,7100,9700,14000,17000,27000,31000,31000,3548,0,1700,2820.761068742632,32.00820001075044,30888.6133999913,518.2849492671928
1785158310,40,,Aggregated,13.000000,0.000000,1700,3100,3800,4800,7100,9700,14000,17000,27000,31000,31000,3561,0,1700,2819.296632883704,32.00820001075044,30888.6133999913,517.8946925021062
1785158311,40,,Aggregated,12.800000,0.000000,1700,3100,3900,4800,7200,9700,14000,17000,27000,31000,31000,3571,0,1700,2821.743389974463,32.00820001075044,30888.6133999913,517.792775133016
1785158312,40,,Aggregated,13.000000,0.000000,1700,3100,3900,4800,7200,9700,14000,17000,27000,31000,31000,3584,0,1700,2821.0414930800544,32.00820001075044,30888.6133999913,517.63671875
1785158313,40,,Aggregated,12.800000,0.000000,1700,3100,3900,4800,7200,9700,14000,17000,27000,31000,31000,3592,0,1700,2824.5548275330957,32.00820001075044,30888.6133999913,517.7789532293987
1785158314,40,,Aggregated,12.200000,0.000000,1700,3100,3900,4800,7200,9700,14000,17000,27000,31000,31000,3603,0,1700,2825.4473893141617,32.00820001075044,30888.6133999913,518.1798501248959
1785158315,40,,Aggregated,12.000000,0.000000,1700,3100,3900,4800,7200,9700,14000,17000,27000,31000,31000,3615,0,1700,2824.488067994215,32.00820001075044,30888.6133999913,518.3029045643153
1785158316,40,,Aggregated,11.300000,0.000000,1700,3100,3900,4800,7200,9700,14000,17000,27000,31000,31000,3629,0,1700,2823.3243204461505,32.00820001075044,30888.6133999913,517.8222650868008
1785158317,40,,Aggregated,11.500000,0.000000,1700,3100,3900,4800,7200,9700,14000,17000,27000,31000,31000,3640,0,1700,2822.836974450317,32.00820001075044,30888.6133999913,517.5826923076924
1785158318,40,,Aggregated,11.300000,0.000000,1700,3100,3900,4800,7200,9700,14000,17000,27000,31000,31000,3652,0,1700,2823.842553504701,32.00820001075044,30888.6133999913,517.5224534501643
1785158319,40,,Aggregated,11.300000,0.000000,1700,3100,3900,4800,7200,9700,14000,17000,27000,31000,31000,3659,0,1700,2822.982753456991,32.00820001075044,30888.6133999913,517.9374145941514
1785158320,40,,Aggregated,11.300000,0.000000,1700,3100,3900,4800,7200,9700,14000,17000,27000,31000,31000,3668,0,1700,2827.145193593023,32.00820001075044,30888.6133999913,517.9381134133042
1785158321,40,,Aggregated,11.300000,0.000000,1700,3100,3900,4800,7200,9700,14000,17000,27000,31000,31000,3681,0,1700,2833.531375685702,32.00820001075044,30888.6133999913,517.9130671013312
1785158322,40,,Aggregated,10.700000,0.000000,1700,3100,3900,4800,7300,9700,14000,17000,27000,31000,31000,3691,0,1700,2837.0867354101874,32.00820001075044,30888.6133999913,517.8165808723923
1785158323,40,,Aggregated,10.800000,0.000000,1700,3100,3900,4800,7300,9800,14000,17000,27000,31000,31000,3700,0,1700,2837.9857112159866,32.00820001075044,30888.6133999913,517.8154054054054
1785158324,40,,Aggregated,10.800000,0.000000,1700,3100,3900,4800,7300,9800,14000,17000,27000,31000,31000,3713,0,1700,2840.68407713418,32.00820001075044,30888.6133999913,517.6162133046055
1785158325,40,,Aggregated,10.700000,0.000000,1700,3100,3900,4800,7300,9800,14000,17000,27000,31000,31000,3722,0,1700,2841.9624051851656,32.00820001075044,30888.6133999913,517.6133799032779
1785158326,40,,Aggregated,11.100000,0.000000,1700,3100,3900,4800,7300,9800,14000,17000,27000,31000,31000,3731,0,1700,2845.432517233761,32.00820001075044,30888.6133999913,517.6116322701689
1785158327,40,,Aggregated,11.100000,0.000000,1700,3100,3900,4900,7400,9800,14000,17000,27000,31000,31000,3741,0,1700,2852.928328762172,32.00820001075044,30888.6133999913,517.9176690724405
1785158328,40,,Aggregated,10.700000,0.000000,1700,3100,4000,4900,7400,9800,14000,17000,27000,31000,31000,3749,0,1700,2855.692966017385,32.00820001075044,30888.6133999913,518.4067751400373
1785158329,40,,Aggregated,10.300000,0.000000,1700,3100,4000,4900,7400,9800,14000,17000,27000,31000,31000,3755,0,1700,2857.2907440477334,32.00820001075044,30888.6133999913,518.7270306258322
1785158330,40,,Aggregated,10.100000,0.000000,1700,3100,3900,4900,7400,9800,14000,17000,27000,31000,31000,3764,0,1700,2854.8875751060577,32.00820001075044,30888.6133999913,518.769394261424
1785158331,40,,Aggregated,9.700000,0.000000,1700,3100,3900,4900,7300,9800,14000,17000,27000,31000,31000,3777,0,1700,2851.8869874766406,32.00820001075044,30888.6133999913,518.5716176859942
1785158332,40,,Aggregated,9.800000,0.000000,1700,3100,3900,4900,7300,9800,14000,17000,27000,31000,31000,3787,0,1700,2853.9346410613407,32.00820001075044,30888.6133999913,518.4306839186692
1785158333,40,,Aggregated,9.400000,0.000000,1800,3100,4000,4900,7400,9800,14000,17000,27000,31000,31000,3799,0,1800,2860.5309017108116,32.00820001075044,30888.6133999913,518.3706238483811
1785158334,40,,Aggregated,9.400000,0.000000,1700,3100,4000,4900,7400,9800,14000,17000,27000,31000,31000,3814,0,1700,2860.0187947822396,32.00820001075044,30888.6133999913,517.8620870477189
1785158335,40,,Aggregated,9.600000,0.000000,1700,3100,4000,4900,7400,9800,14000,17000,27000,31000,31000,3825,0,1700,2868.327621856071,32.00820001075044,30888.6133999913,517.8533333333334
1785158336,40,,Aggregated,9.500000,0.000000,1700,3100,4000,4900,7400,9800,14000,17000,27000,31000,31000,3833,0,1700,2870.2012613095594,32.00820001075044,30888.6133999913,517.7672841116619
1785158337,40,,Aggregated,9.900000,0.000000,1700,3100,4000,4900,7400,9800,14000,17000,27000,31000,31000,3845,0,1700,2867.2114571130264,32.00820001075044,30888.6133999913,517.7066319895969
1785158338,40,,Aggregated,10.300000,0.000000,1700,3100,4000,4900,7400,9800,14000,17000,27000,31000,31000,3861,0,1700,2864.384329836754,32.00820001075044,30888.6133999913,517.4610204610204
1785158339,40,,Aggregated,10.200000,0.000000,1700,3100,4000,4900,7400,9800,14000,17000,27000,31000,31000,3876,0,1700,2861.4181738389116,32.00820001075044,30888.6133999913,517.3049535603715
1785158340,40,,Aggregated,10.300000,0.000000,1700,3100,4000,4900,7400,9900,14000,17000,27000,31000,31000,3892,0,1700,2864.384749948527,32.00820001075044,30888.6133999913,516.8895169578623
1785158341,40,,Aggregated,11.200000,0.000000,1700,3100,4000,4900,7400,9900,14000,17000,27000,31000,31000,3904,0,1700,2865.475325691535,32.00820001075044,30888.6133999913,516.8309426229508
1785158342,40,,Aggregated,12.000000,0.000000,1700,3100,4000,4900,7400,9900,14000,17000,27000,31000,31000,3914,0,1700,2863.6784273121257,32.00820001075044,30888.6133999913,516.6159938681656
1785158343,40,,Aggregated,12.800000,0.000000,1700,3100,4000,4900,7400,9800,14000,17000,27000,31000,31000,3923,0,1700,2862.126024904344,32.00820001075044,30888.6133999913,516.6125414223808
1785158344,40,,Aggregated,12.800000,0.000000,1700,3100,4000,4900,7400,9900,14000,17000,27000,31000,31000,3935,0,1700,2860.519058348105,32.00820001075044,30888.6133999913,516.5473951715375
1785158345,40,,Aggregated,12.800000,0.000000,1700,3100,4000,4900,7400,9900,14000,17000,27000,31000,31000,3951,0,1700,2863.1570928877695,32.00820001075044,30888.6133999913,516.1359149582385
1785158346,40,,Aggregated,12.600000,0.000000,1700,3100,4000,4900,7400,9900,14000,17000,27000,31000,31000,3966,0,1700,2858.7277731718455,32.00820001075044,30888.6133999913,515.6096822995462
1785158347,40,,Aggregated,12.600000,0.000000,1700,3100,4000,4900,7400,9900,14000,17000,27000,31000,31000,3978,0,1700,2864.053827149208,32.00820001075044,30888.6133999913,515.5120663650075
1785158348,40,,Aggregated,12.700000,0.000000,1700,3100,4000,4900,7400,9900,14000,17000,27000,31000,31000,3991,0,1700,2864.189486945472,32.00820001075044,30888.6133999913,515.3705838135805
1785158349,40,,Aggregated,13.200000,0.000000,1700,3100,4000,4900,7400,9900,14000,17000,27000,31000,31000,4004,0,1700,2862.169740384489,32.00820001075044,30888.6133999913,515.0264735264735
1785158350,40,,Aggregated,13.300000,0.000000,1700,3100,4000,4900,7400,9900,14000,17000,27000,31000,31000,4016,0,1700,2861.9563068723746,32.00820001075044,30888.6133999913,515.1431772908367
1785158351,40,,Aggregated,12.900000,0.000000,1700,3100,4000,4900,7400,9900,14000,17000,27000,31000,31000,4026,0,1700,2859.054707178222,32.00820001075044,30888.6133999913,514.896174863388
1785158352,40,,Aggregated,12.600000,0.000000,1700,3100,4000,4900,7400,9900,14000,17000,27000,31000,31000,4036,0,1700,2860.018390535081,32.00820001075044,30888.6133999913,515.0220515361744
1785158353,40,,Aggregated,12.200000,0.000000,1700,3100,4000,4900,7400,9900,14000,17000,27000,31000,31000,4044,0,1700,2863.17251661712,32.00820001075044,30888.6133999913,515.1555390702275
1785158354,40,,Aggregated,12.000000,0.000000,1700,3100,4000,4900,7400,9900,14000,17000,27000,31000,31000,4056,0,1700,2865.00025759361,32.00820001075044,30888.6133999913,514.9499506903353
1785158355,40,,Aggregated,11.900000,0.000000,1700,3100,4000,4900,7400,9900,14000,17000,27000,31000,31000,4071,0,1700,2864.8837258658154,32.00820001075044,30888.6133999913,514.6121346106607
1785158356,40,,Aggregated,11.700000,0.000000,1700,3100,4000,4900,7400,9900,14000,17000,27000,31000,31000,4085,0,1700,2862.805176670678,32.00820001075044,30888.6133999913,514.5547123623011
1785158357,40,,Aggregated,11.500000,0.000000,1700,3100,4000,4900,7500,9900,14000,17000,27000,31000,31000,4099,0,1700,2866.3322435959526,32.00820001075044,30888.6133999913,514.4635276896804
1785158358,40,,Aggregated,11.600000,0.000000,1700,3100,4000,4900,7500,9900,14000,17000,27000,31000,31000,4115,0,1700,2865.0523256621937,32.00820001075044,30888.6133999913,514.0833535844472
1785158359,40,,Aggregated,11.800000,0.000000,1700,3100,4000,4900,7400,9900,14000,17000,27000,31000,31000,4125,0,1700,2861.472506909093,32.00820001075044,30888.6133999913,513.8460606060606
1785158360,40,,Aggregated,11.900000,0.000000,1700,3200,4000,4900,7400,9900,14000,17000,27000,31000,31000,4131,0,1700,2864.482085959826,32.00820001075044,30888.6133999913,513.9852335996127
1785158361,40,,Aggregated,12.400000,0.000000,1700,3200,4000,4900,7400,9900,14000,17000,27000,31000,31000,4141,0,1700,2866.2546822506783,32.00820001075044,30888.6133999913,514.0709973436368
1785158362,40,,Aggregated,12.000000,0.000000,1700,3200,4000,4900,7400,9900,14000,17000,27000,31000,31000,4151,0,1700,2864.662308046284,32.00820001075044,30888.6133999913,513.9530233678631
1785158363,40,,Aggregated,11.400000,0.000000,1700,3200,4000,4900,7500,9900,14000,17000,27000,31000,31000,4158,0,1700,2866.448317628713,32.00820001075044,30888.6133999913,514.0069745069745
1785158364,40,,Aggregated,11.400000,0.000000,1700,3200,4100,4900,7500,9900,14000,17000,27000,31000,31000,4172,0,1700,2869.51250508152,32.00820001075044,30888.6133999913,513.8760786193673
1785158365,40,,Aggregated,11.400000,0.000000,1700,3200,4100,4900,7500,9900,14000,17000,27000,31000,31000,4188,0,1700,2869.5436602913455,32.00820001075044,30888.6133999913,513.3486150907354
1785158366,40,,Aggregated,11.500000,0.000000,1700,3200,4100,4900,7500,9900,14000,17000,27000,31000,31000,4205,0,1700,2866.9622682759045,32.00820001075044,30888.6133999913,512.3060642092747
1785158367,40,,Aggregated,11.600000,0.000000,1700,3200,4100,4900,7500,9900,14000,17000,27000,31000,31000,4219,0,1700,2865.0541830291963,32.00820001075044,30888.6133999913,512.0663664375444
1785158368,40,,Aggregated,11.800000,0.000000,1700,3200,4100,4900,7500,9900,14000,17000,27000,31000,31000,4227,0,1700,2865.0782603738335,32.00820001075044,30888.6133999913,512.0026023184291
1785158370,40,,Aggregated,11.900000,0.000000,1700,3200,4100,4900,7500,9900,14000,17000,27000,31000,31000,4234,0,1700,2866.7849252008214,32.00820001075044,30888.6133999913,512.0609352857817
1785158371,40,,Aggregated,12.000000,0.000000,1700,3200,4100,4900,7500,9900,14000,17000,27000,31000,31000,4242,0,1700,2867.9051677747457,32.00820001075044,30888.6133999913,512.3052805280528
1785158372,40,,Aggregated,11.100000,0.000000,1700,3200,4100,4900,7500,9900,14000,17000,27000,31000,31000,4253,0,1700,2867.210780672593,32.00820001075044,30888.6133999913,512.1944509757818
1785158373,40,,Aggregated,11.100000,0.000000,1700,3200,4100,4900,7500,9900,14000,17000,27000,31000,31000,4267,0,1700,2867.7347181159025,32.00820001075044,30888.6133999913,512.110850714788
1785158374,40,,Aggregated,11.200000,0.000000,1700,3200,4100,4900,7500,9900,14000,17000,27000,31000,31000,4277,0,1700,2872.760634089445,32.00820001075044,30888.6133999913,512.079494973112
1785158375,40,,Aggregated,11.200000,0.000000,1700,3200,4100,4900,7500,9900,14000,17000,27000,32000,32000,4289,0,1700,2878.906803310948,32.00820001075044,32064.493000041693,511.8545115411518
1785158376,40,,Aggregated,11.700000,0.000000,1700,3200,4200,4900,7500,9900,14000,17000,27000,32000,32000,4302,0,1700,2878.652576894618,32.00820001075044,32064.493000041693,511.8916782891678
1785158377,40,,Aggregated,11.700000,0.000000,1700,3200,4200,4900,7500,10000,14000,17000,27000,32000,32000,4313,0,1700,2881.9305324369466,32.00820001075044,32064.493000041693,511.7431022490146
1785158378,40,,Aggregated,11.600000,0.000000,1700,3200,4200,4900,7500,10000,14000,17000,27000,32000,32000,4325,0,1700,2881.7223808325184,32.00820001075044,32064.493000041693,511.55167630057804
1785158379,40,,Aggregated,10.800000,0.000000,1700,3200,4100,4900,7500,9900,14000,17000,27000,32000,32000,4341,0,1700,2876.6525284728486,32.00820001075044,32064.493000041693,510.85878829762726
1785158380,40,,Aggregated,10.600000,0.000000,1700,3200,4200,4900,7500,10000,14000,17000,27000,32000,32000,4354,0,1700,2878.343542535772,32.00820001075044,32064.493000041693,510.90055121727147
1785158381,40,,Aggregated,11.300000,0.000000,1700,3200,4200,4900,7500,9900,14000,17000,27000,32000,32000,4366,0,1700,2876.8978766149116,32.00820001075044,32064.493000041693,510.1885020613834
1785158382,40,,Aggregated,11.300000,0.000000,1700,3200,4200,4900,7500,10000,14000,17000,27000,32000,32000,4380,0,1700,2878.1578795207192,32.00820001075044,32064.493000041693,509.96324200913244
1785158383,40,,Aggregated,12.300000,0.000000,1700,3200,4200,4900,7500,10000,14000,17000,27000,32000,32000,4393,0,1700,2878.5092250627795,32.00820001075044,32064.493000041693,509.8190302754382
1785158384,40,,Aggregated,12.300000,0.000000,1700,3200,4200,4900,7500,9900,14000,17000,27000,32000,32000,4403,0,1700,2877.9325734727745,32.00820001075044,32064.493000041693,509.9436747672042
1785158385,40,,Aggregated,12.600000,0.000000,1700,3200,4200,4900,7500,9900,14000,17000,27000,32000,32000,4413,0,1700,2877.5300416724776,32.00820001075044,32064.493000041693,510.06775436211194
1785158386,40,,Aggregated,12.700000,0.000000,1700,3200,4200,4900,7500,9900,14000,17000,27000,32000,32000,4425,0,1700,2874.5232539662748,32.00820001075044,32064.493000041693,509.7025988700565
1785158387,40,,Aggregated,12.200000,0.000000,1700,3200,4200,4900,7500,9900,14000,17000,27000,32000,32000,4437,0,1700,2878.0390595224085,32.00820001075044,32064.493000041693,509.376155059725
1785158388,40,,Aggregated,12.300000,0.000000,1700,3200,4200,4900,7500,9900,14000,17000,27000,32000,32000,4450,0,1700,2877.5152864271686,32.00820001075044,32064.493000041693,509.37730337078654
1785158389,40,,Aggregated,12.300000,0.000000,1700,3200,4200,4900,7500,9900,14000,17000,27000,32000,32000,4459,0,1700,2877.0934387981647,32.00820001075044,32064.493000041693,509.39134335052705
1785158390,40,,Aggregated,12.400000,0.000000,1700,3200,4200,4900,7500,9900,14000,17000,27000,32000,32000,4470,0,1700,2876.2631334677812,32.00820001075044,32064.493000041693,509.2923937360179
1785158391,40,,Aggregated,11.800000,0.000000,1700,3200,4200,4900,7500,9900,14000,17000,27000,32000,32000,4482,0,1700,2879.938211981504,32.00820001075044,32064.493000041693,509.55823293172693
1785158392,40,,Aggregated,11.800000,0.000000,1700,3200,4200,4900,7500,10000,14000,17000,27000,32000,32000,4490,0,1700,2880.9789322719403,32.00820001075044,32064.493000041693,509.39510022271713
1785158393,40,,Aggregated,11.500000,0.000000,1700,3200,4200,4900,7500,10000,14000,17000,27000,32000,32000,4500,0,1700,2880.0415117780176,32.00820001075044,32064.493000041693,509.6657777777778
1785158394,40,,Aggregated,11.000000,0.000000,1700,3200,4200,4900,7500,9900,14000,17000,27000,32000,32000,4514,0,1700,2878.956373039672,32.00820001075044,32064.493000041693,509.15463003987594
1785158395,40,,Aggregated,10.400000,0.000000,1700,3200,4200,4900,7500,9900,14000,17000,27000,32000,32000,4523,0,1700,2878.3986042451825,32.00820001075044,32064.493000041693,509.17068317488395
1785158396,40,,Aggregated,10.900000,0.000000,1700,3200,4200,4900,7500,9900,14000,17000,27000,32000,32000,4535,0,1700,2882.786750760954,32.00820001075044,32064.493000041693,509.1073869900772
1785158397,40,,Aggregated,11.000000,0.000000,1700,3200,4200,4900,7600,9900,14000,17000,27000,32000,32000,4546,0,1700,2882.690416872168,32.00820001075044,32064.493000041693,509.30334359876815
1785158398,40,,Aggregated,10.700000,0.000000,1700,3200,4200,4900,7600,10000,14000,17000,27000,32000,32000,4560,0,1700,2886.8268314256106,32.00820001075044,32064.493000041693,508.9482456140351
1785158399,40,,Aggregated,10.600000,0.000000,1700,3200,4200,4900,7600,10000,14000,17000,27000,32000,32000,4571,0,1700,2884.6481168017785,32.00820001075044,32064.493000041693,508.6718442353971
1785158400,40,,Aggregated,10.600000,0.000000,1700,3200,4200,4900,7600,10000,14000,17000,27000,32000,32000,4582,0,1700,2883.769345613471,32.00820001075044,32064.493000041693,508.3945875163684
1785158401,40,,Aggregated,11.100000,0.000000,1700,3200,4200,4900,7600,10000,14000,17000,27000,32000,32000,4592,0,1700,2881.9954296387014,32.00820001075044,32064.493000041693,508.5132839721254
1785158402,40,,Aggregated,11.000000,0.000000,1700,3200,4200,4900,7500,9900,14000,17000,27000,32000,32000,4604,0,1700,2878.5074357734316,32.00820001075044,32064.493000041693,507.986316246742
1785158403,40,,Aggregated,10.800000,0.000000,1700,3200,4200,4900,7600,10000,14000,17000,27000,32000,32000,4618,0,1700,2882.289116630796,32.00820001075044,32064.493000041693,507.63469034213944
1785158404,40,,Aggregated,11.000000,0.000000,1700,3200,4200,4900,7600,10000,14000,17000,27000,32000,32000,4630,0,1700,2886.8067837799094,32.00820001075044,32064.493000041693,507.6097192224622
1785158405,40,,Aggregated,11.700000,0.000000,1700,3200,4200,4900,7600,10000,14000,17000,27000,32000,32000,4639,0,1700,2888.9718517354972,32.00820001075044,32064.493000041693,507.34317740892436
1785158406,40,,Aggregated,11.400000,0.000000,1700,3200,4200,4900,7600,10000,14000,17000,27000,32000,32000,4649,0,1700,2890.9568831363454,32.00820001075044,32064.493000041693,506.82447838244786
1785158407,40,,Aggregated,11.400000,0.000000,1700,3200,4200,4900,7600,10000,14000,17000,27000,32000,32000,4659,0,1700,2890.6569164844104,32.00820001075044,32064.493000041693,506.9087787078772
1785158408,40,,Aggregated,11.400000,0.000000,1700,3200,4300,4900,7600,10000,14000,17000,27000,32000,32000,4673,0,1700,2898.188778793274,32.00820001075044,32064.493000041693,506.7382837577573
1785158409,40,,Aggregated,11.400000,0.000000,1700,3200,4300,4900,7600,10000,14000,17000,27000,32000,32000,4683,0,1700,2898.431372261568,32.00820001075044,32064.493000041693,506.6824685030963
1785158410,40,,Aggregated,11.300000,0.000000,1700,3200,4300,4900,7600,10000,14000,17000,27000,32000,32000,4694,0,1700,2898.5139226674346,32.00820001075044,32064.493000041693,506.7309331060929
1785158411,40,,Aggregated,11.100000,0.000000,1700,3200,4200,4900,7600,10000,14000,17000,27000,32000,32000,4709,0,1700,2896.007495094689,32.00820001075044,32064.493000041693,506.1429178169463
1785158412,40,,Aggregated,11.100000,0.000000,1700,3200,4300,4900,7600,10000,14000,17000,27000,32000,32000,4719,0,1700,2895.424866624468,32.00820001075044,32064.493000041693,505.9898283534647
1785158413,40,,Aggregated,11.400000,0.000000,1700,3200,4300,4900,7600,10000,14000,17000,27000,32000,32000,4732,0,1700,2894.650594505661,32.00820001075044,32064.493000041693,505.7261200338123
1785158414,40,,Aggregated,11.400000,0.000000,1700,3200,4300,4900,7600,10000,14000,17000,27000,32000,32000,4743,0,1700,2893.9231607633956,32.00820001075044,32064.493000041693,505.6417878979549
1785158415,40,,Aggregated,11.500000,0.000000,1700,3200,4300,4900,7600,10000,14000,17000,27000,32000,32000,4758,0,1700,2896.8942583020066,32.00820001075044,32064.493000041693,505.416561580496
1785158416,40,,Aggregated,11.300000,0.000000,1700,3200,4300,4900,7600,10000,14000,17000,27000,32000,32000,4768,0,1700,2898.024118750197,32.00820001075044,32064.493000041693,504.95197147651004
1785158417,40,,Aggregated,11.500000,0.000000,1700,3200,4300,4900,7600,10000,14000,17000,27000,32000,32000,4783,0,1700,2895.973468325483,32.00820001075044,32064.493000041693,504.8649383232281
1785158418,40,,Aggregated,11.900000,0.000000,1700,3200,4300,4900,7600,10000,14000,17000,27000,32000,32000,4792,0,1700,2893.051968009337,32.00820001075044,32064.493000041693,504.75041736227047
1785158419,40,,Aggregated,12.100000,0.000000,1700,3200,4200,4900,7600,10000,14000,17000,27000,32000,32000,4806,0,1700,2890.458084248983,32.00820001075044,32064.493000041693,504.2544735746983
1785158420,40,,Aggregated,11.900000,0.000000,1700,3200,4200,4900,7600,10000,14000,17000,27000,32000,32000,4819,0,1700,2887.834123573474,32.00820001075044,32064.493000041693,503.7252542021166
1785158421,40,,Aggregated,11.900000,0.000000,1700,3200,4200,4900,7600,10000,14000,17000,27000,32000,32000,4835,0,1700,2882.9450819442927,32.00820001075044,32064.493000041693,503.4028955532575
1785158422,40,,Aggregated,12.200000,0.000000,1700,3200,4200,4900,7600,10000,14000,17000,27000,32000,32000,4851,0,1700,2880.2402442384578,32.00820001075044,32064.493000041693,502.9787672644816
1785158423,40,,Aggregated,12.600000,0.000000,1700,3200,4200,4900,7600,10000,14000,17000,27000,32000,32000,4863,0,1700,2883.274700000157,32.00820001075044,32064.493000041693,502.9683323051614
1785158424,40,,Aggregated,13.100000,0.000000,1700,3200,4200,4900,7600,10000,14000,17000,27000,32000,32000,4870,0,1700,2883.4031655853637,32.00820001075044,32064.493000041693,503.1671457905544
1785158425,40,,Aggregated,12.800000,0.000000,1700,3200,4200,4900,7600,10000,14000,17000,27000,32000,32000,4881,0,1700,2885.470622638963,32.00820001075044,32064.493000041693,503.49641466912516
1785158426,40,,Aggregated,12.700000,0.000000,1700,3200,4200,4900,7600,10000,14000,17000,27000,32000,32000,4896,0,1700,2884.4196912174957,32.00820001075044,32064.493000041693,503.1511437908497
1785158427,40,,Aggregated,12.600000,0.000000,1700,3200,4200,4900,7600,10000,14000,17000,27000,32000,32000,4906,0,1700,2883.3128709133152,32.00820001075044,32064.493000041693,503.1447207501019
1785158428,40,,Aggregated,12.600000,0.000000,1700,3200,4200,4900,7600,10000,14000,17000,27000,32000,32000,4923,0,1700,2885.7042678246376,32.00820001075044,32064.493000041693,503.06906357911845
1785158429,40,,Aggregated,12.400000,0.000000,1700,3200,4200,4900,7600,10000,14000,17000,27000,32000,32000,4933,0,1700,2883.588244273371,32.00820001075044,32064.493000041693,503.32961686600447
1785158430,40,,Aggregated,13.100000,0.000000,1700,3200,4200,4900,7600,10000,14000,17000,27000,32000,32000,4940,0,1700,2885.861271599301,32.00820001075044,32064.493000041693,503.18825910931173
1785158431,40,,Aggregated,12.800000,0.000000,1700,3200,4200,4900,7600,10000,14000,17000,27000,32000,32000,4952,0,1700,2888.060350080895,32.00820001075044,32064.493000041693,503.18113893376415
1785158432,40,,Aggregated,12.500000,0.000000,1700,3200,4200,4900,7600,10000,14000,17000,27000,32000,32000,4960,0,1700,2887.56831419369,32.00820001075044,32064.493000041693,503.44274193548387
1785158433,40,,Aggregated,11.900000,0.000000,1700,3200,4200,4900,7600,10000,14000,17000,27000,32000,32000,4970,0,1700,2888.443967786842,32.00820001075044,32064.493000041693,503.2696177062374
1785158434,40,,Aggregated,11.100000,0.000000,1700,3200,4200,4900,7600,10000,14000,17000,27000,32000,32000,4979,0,1700,2888.651823237723,32.00820001075044,32064.493000041693,503.42639084153444
1785158435,40,,Aggregated,10.800000,0.000000,1700,3200,4200,4900,7600,10000,14000,17000,27000,32000,32000,4992,0,1700,2892.9784460737837,32.00820001075044,32064.493000041693,502.88621794871796
1785158436,40,,Aggregated,10.900000,0.000000,1700,3200,4200,4900,7600,10000,14000,17000,27000,32000,32000,5003,0,1700,2892.9672749950846,32.00820001075044,32064.493000041693,502.7783330001999
1785158437,40,,Aggregated,10.800000,0.000000,1700,3200,4200,4900,7600,10000,14000,17000,27000,32000,32000,5017,0,1700,2897.6697145107564,32.00820001075044,32064.493000041693,502.73370540163444
1785158438,40,,Aggregated,10.600000,0.000000,1700,3200,4200,4900,7600,10000,14000,17000,27000,32000,32000,5034,0,1700,2902.132653198396,32.00820001075044,32064.493000041693,502.22606277314264
1785158439,40,,Aggregated,10.700000,0.000000,1700,3200,4200,4900,7600,10000,14000,17000,27000,32000,32000,5046,0,1700,2899.4512530322363,32.00820001075044,32064.493000041693,501.79488703923903
1785158440,40,,Aggregated,10.500000,0.000000,1700,3200,4200,4900,7600,10000,14000,17000,27000,32000,32000,5061,0,1700,2897.194179905287,32.00820001075044,32064.493000041693,501.7239675953369
1785158441,40,,Aggregated,11.100000,0.000000,1700,3200,4200,4900,7600,10000,14000,17000,27000,32000,32000,5076,0,1700,2893.6101314027997,32.00820001075044,32064.493000041693,501.51930654058316
1785158442,40,,Aggregated,11.500000,0.000000,1700,3200,4200,4900,7600,10000,14000,17000,27000,32000,32000,5091,0,1700,2890.3018290120813,32.00820001075044,32064.493000041693,500.9613042624239
1785158443,40,,Aggregated,11.900000,0.000000,1700,3200,4200,4900,7600,10000,14000,17000,27000,32000,32000,5104,0,1700,2889.881752116079,32.00820001075044,32064.493000041693,500.6034482758621
1785158444,40,,Aggregated,12.500000,0.000000,1700,3200,4200,4900,7600,10000,14000,17000,27000,32000,32000,5113,0,1700,2890.175311187267,32.00820001075044,32064.493000041693,500.5388226090358
1785158445,40,,Aggregated,13.200000,0.000000,1700,3200,4200,4900,7600,10000,14000,17000,27000,32000,32000,5125,0,1700,2889.513461463511,32.00820001075044,32064.493000041693,500.408
1785158446,40,,Aggregated,13.300000,0.000000,1700,3200,4200,4900,7600,10000,14000,17000,27000,32000,32000,5137,0,1700,2889.39415758235,32.00820001075044,32064.493000041693,500.5343585750438
1785158447,40,,Aggregated,13.500000,0.000000,1700,3200,4200,4900,7600,10000,14000,17000,27000,32000,32000,5150,0,1700,2889.857438640896,32.00820001075044,32064.493000041693,500.27533980582524
1785158448,40,,Aggregated,13.300000,0.000000,1700,3200,4200,4900,7600,10000,14000,17000,27000,32000,32000,5159,0,1700,2888.493684415717,32.00820001075044,32064.493000041693,500.3052917232022
1785158449,40,,Aggregated,13.500000,0.000000,1700,3200,4200,4900,7600,10000,14000,17000,27000,32000,32000,5175,0,1700,2892.0626583962935,32.00820001075044,32064.493000041693,500.30376811594203
1785158450,40,,Aggregated,13.000000,0.000000,1700,3200,4200,4900,7600,10000,14000,17000,27000,32000,32000,5184,0,1700,2892.156155324238,32.00820001075044,32064.493000041693,500.36670524691357
1785158451,40,,Aggregated,12.400000,0.000000,1700,3200,4200,4900,7600,10000,14000,17000,27000,32000,32000,5198,0,1700,2891.7734713545206,32.00820001075044,32064.493000041693,500.2398999615237
1785158452,40,,Aggregated,12.600000,0.000000,1700,3200,4200,4900,7600,10000,14000,17000,27000,32000,32000,5214,0,1700,2891.3854327581066,32.00820001075044,32064.493000041693,499.98714998082085
1785158453,40,,Aggregated,12.300000,0.000000,1700,3200,4300,4900,7600,10000,14000,17000,27000,32000,32000,5227,0,1700,2894.2715269563237,32.00820001075044,32064.493000041693,499.924048211211
1785158454,40,,Aggregated,12.400000,0.000000,1700,3200,4300,4900,7600,10000,15000,17000,27000,32000,32000,5239,0,1700,2893.995127180906,32.00820001075044,32064.493000041693,499.7963351784692
1785158455,40,,Aggregated,12.300000,0.000000,1700,3200,4300,4900,7600,10000,14000,17000,27000,32000,32000,5253,0,1700,2893.495045231416,32.00820001075044,32064.493000041693,499.66857034075764
1785158456,40,,Aggregated,12.200000,0.000000,1700,3200,4300,4900,7600,10000,14000,17000,27000,32000,32000,5266,0,1700,2892.639653892998,32.00820001075044,32064.493000041693,499.3230155715913
1785158457,40,,Aggregated,12.300000,0.000000,1700,3200,4300,4900,7600,10000,14000,17000,27000,32000,32000,5279,0,1700,2890.5896770790914,32.00820001075044,32064.493000041693,499.25951884826674
1785158458,40,,Aggregated,12.700000,0.000000,1700,3200,4300,4900,7600,10000,14000,17000,27000,32000,32000,5288,0,1700,2888.086498600706,32.00820001075044,32064.493000041693,499.0088880484115
1785158459,40,,Aggregated,12.400000,0.000000,1700,3200,4300,4900,7600,10000,14000,17000,27000,32000,32000,5304,0,1700,2888.6008619910604,32.00820001075044,32064.493000041693,499.0082956259427
1785158460,40,,Aggregated,12.800000,0.000000,1700,3200,4300,4900,7600,10000,14000,17000,27000,32000,32000,5312,0,1700,2887.378797722258,32.00820001075044,32064.493000041693,499.128953313253
1785158461,40,,Aggregated,13.000000,0.000000,1700,3200,4300,4900,7600,10000,14000,17000,27000,32000,32000,5329,0,1700,2889.4037141678746,32.00820001075044,32064.493000041693,498.9035466316382
1785158462,40,,Aggregated,12.800000,0.000000,1700,3200,4300,4900,7600,10000,14000,17000,27000,32000,32000,5338,0,1700,2888.8040700263205,32.00820001075044,32064.493000041693,498.9610340951667
1785158463,40,,Aggregated,12.700000,0.000000,1700,3200,4300,4900,7600,10000,14000,17000,27000,32000,32000,5351,0,1700,2886.2554402729465,32.00820001075044,32064.493000041693,498.7757428518034
1785158464,40,,Aggregated,12.600000,0.000000,1700,3200,4300,4900,7600,10000,14000,17000,27000,32000,32000,5365,0,1700,2886.3831950420526,32.00820001075044,32064.493000041693,498.218825722274
1785158465,40,,Aggregated,12.400000,0.000000,1700,3200,4300,4900,7600,10000,14000,17000,27000,32000,32000,5379,0,1700,2886.4773046663713,32.00820001075044,32064.493000041693,498.06265105038113
1785158466,40,,Aggregated,12.400000,0.000000,1700,3200,4300,4900,7600,10000,14000,17000,27000,32000,32000,5389,0,1700,2887.3547466321065,32.00820001075044,32064.493000041693,497.9996288736315
1785158467,40,,Aggregated,12.600000,0.000000,1700,3200,4300,4900,7600,10000,14000,17000,27000,32000,32000,5399,0,1700,2886.7965741804865,32.00820001075044,32064.493000041693,498.1203926653084
1785158468,40,,Aggregated,12.400000,0.000000,1700,3200,4300,4900,7600,10000,14000,17000,27000,32000,32000,5414,0,1700,2886.7794608053523,32.00820001075044,32064.493000041693,498.0550424824529
1785158469,40,,Aggregated,12.400000,0.000000,1700,3200,4300,4900,7600,10000,14000,17000,27000,32000,32000,5433,0,1700,2888.915155181351,32.00820001075044,32064.493000041693,497.75280692066997
1785158470,40,,Aggregated,12.200000,0.000000,1700,3200,4300,4900,7600,10000,14000,17000,27000,32000,32000,5448,0,1700,2883.309324577881,32.00820001075044,32064.493000041693,497.45704845814976
1785158471,40,,Aggregated,12.800000,0.000000,1700,3200,4200,4900,7600,10000,14000,17000,27000,32000,32000,5462,0,1700,2881.9557382461444,32.00820001075044,32064.493000041693,497.3075796411571
1785158472,40,,Aggregated,12.900000,0.000000,1700,3200,4200,4900,7600,10000,14000,17000,27000,32000,32000,5474,0,1700,2879.847280581001,32.00820001075044,32064.493000041693,497.19473876507124
1785158473,40,,Aggregated,13.600000,0.000000,1700,3200,4200,4900,7600,10000,14000,17000,27000,32000,32000,5487,0,1700,2876.5365033716494,32.00820001075044,32064.493000041693,496.9907053034445
1785158474,40,,Aggregated,13.300000,0.000000,1700,3200,4200,4900,7600,10000,14000,17000,27000,32000,32000,5496,0,1700,2875.299729785336,32.00820001075044,32064.493000041693,496.7847525473071
1785158475,40,,Aggregated,13.400000,0.000000,1700,3200,4200,4900,7600,10000,14000,17000,27000,32000,32000,5508,0,1700,2874.8104523602324,32.00820001075044,32064.493000041693,496.791394335512
1785158476,40,,Aggregated,13.600000,0.000000,1700,3200,4200,4900,7600,10000,14000,17000,27000,32000,32000,5516,0,1700,2876.0607201595562,32.00820001075044,32064.493000041693,496.9158810732415
1785158477,40,,Aggregated,13.100000,0.000000,1700,3200,4300,4900,7600,10000,14000,17000,27000,32000,32000,5525,0,1700,2879.7443083438816,32.00820001075044,32064.493000041693,496.94588235294117
1785158478,40,,Aggregated,13.000000,0.000000,1700,3200,4300,4900,7600,10000,14000,17000,27000,32000,32000,5535,0,1700,2879.6912761698236,32.00820001075044,32064.493000041693,497.0684733514002
1785158479,40,,Aggregated,12.600000,0.000000,1700,3200,4300,4900,7600,10000,14000,17000,27000,32000,32000,5551,0,1700,2881.6790965951923,32.00820001075044,32064.493000041693,496.92505854800936
1785158480,40,,Aggregated,12.300000,0.000000,1700,3200,4300,4900,7600,10000,14000,17000,27000,32000,32000,5566,0,1700,2879.518936974468,32.00820001075044,32064.493000041693,496.63474667624865
1785158481,40,,Aggregated,11.700000,0.000000,1700,3200,4300,4900,7600,10000,14000,17000,27000,32000,32000,5584,0,1700,2883.0249768624403,32.00820001075044,32064.493000041693,496.6423710601719
1785158482,40,,Aggregated,11.900000,0.000000,1700,3200,4300,4900,7600,10000,14000,17000,27000,32000,32000,5596,0,1700,2878.7017586311467,32.00820001075044,32064.493000041693,496.52823445318086
1785158483,40,,Aggregated,11.500000,0.000000,1700,3200,4300,4900,7600,10000,14000,18000,27000,32000,32000,5612,0,1700,2881.0719553456674,32.00820001075044,32064.493000041693,496.26657163221665
1785158484,40,,Aggregated,12.100000,0.000000,1700,3200,4300,4900,7600,10000,14000,18000,27000,32000,32000,5625,0,1700,2878.539374399997,32.00820001075044,32064.493000041693,495.92071111111113
1785158485,40,,Aggregated,11.900000,0.000000,1700,3200,4200,4900,7600,10000,14000,18000,27000,32000,32000,5639,0,1700,2876.6296162440026,32.00820001075044,32064.493000041693,495.9313708104274
1785158486,40,,Aggregated,12.200000,0.000000,1700,3200,4300,4900,7600,10000,14000,18000,27000,32000,32000,5652,0,1700,2877.956996036798,32.00820001075044,32064.493000041693,495.7315994338287
1785158487,40,,Aggregated,12.800000,0.000000,1700,3200,4300,4900,7600,10000,14000,18000,27000,32000,32000,5661,0,1700,2877.452670588227,32.00820001075044,32064.493000041693,495.7979155626214
1785158488,40,,Aggregated,12.900000,0.000000,1700,3200,4300,4900,7600,10000,14000,18000,27000,32000,32000,5674,0,1700,2876.475226453974,32.00820001075044,32064.493000041693,495.8653507225943
1785158489,40,,Aggregated,13.600000,0.000000,1700,3200,4300,4900,7600,10000,14000,18000,27000,32000,32000,5690,0,1700,2875.6689953426826,32.00820001075044,32064.493000041693,495.6133567662566
1785158490,40,,Aggregated,13.600000,0.000000,1700,3200,4300,4900,7600,10000,14000,18000,27000,32000,32000,5696,0,1700,2875.8067113939073,32.00820001075044,32064.493000041693,495.84919241573033
1785158491,40,,Aggregated,13.700000,0.000000,1700,3200,4300,4900,7700,10000,14000,17000,27000,32000,32000,5710,0,1700,2877.1160901225503,32.00820001075044,32064.493000041693,495.68563922942207
1785158493,40,,Aggregated,13.600000,0.000000,1700,3200,4300,4900,7600,10000,14000,17000,27000,32000,32000,5720,0,1700,2876.6782643705915,32.00820001075044,32064.493000041693,495.80804195804194
1785158494,40,,Aggregated,12.900000,0.000000,1700,3200,4300,4900,7700,10000,14000,17000,27000,32000,32000,5729,0,1700,2878.7921361493695,32.00820001075044,32064.493000041693,495.8427299703264
1785158495,40,,Aggregated,12.500000,0.000000,1700,3200,4300,4900,7700,10000,14000,18000,27000,32000,32000,5742,0,1700,2879.2859605363524,32.00820001075044,32064.493000041693,495.5355276907001
1785158496,40,,Aggregated,12.400000,0.000000,1700,3200,4300,4900,7700,10000,14000,18000,27000,32000,32000,5756,0,1700,2879.6626372306523,32.00820001075044,32064.493000041693,495.1732105628909
1785158497,40,,Aggregated,11.500000,0.000000,1700,3200,4300,4900,7700,10000,14000,18000,27000,32000,32000,5768,0,1700,2878.630882385494,32.00820001075044,32064.493000041693,495.06969486823857
1785158498,40,,Aggregated,11.700000,0.000000,1700,3200,4300,4900,7700,10000,14000,18000,27000,32000,32000,5783,0,1700,2878.5305986511585,32.00820001075044,32064.493000041693,494.8837973370223
1785158499,40,,Aggregated,11.700000,0.000000,1700,3200,4300,4900,7700,10000,14000,18000,27000,32000,32000,5797,0,1700,2877.3195345695476,32.00820001075044,32064.493000041693,494.78178368121445
1785158500,40,,Aggregated,11.400000,0.000000,1700,3200,4300,4900,7700,10000,14000,18000,27000,32000,32000,5807,0,1700,2878.926869863882,32.00820001075044,32064.493000041693,494.90304804546236
1785158501,40,,Aggregated,12.300000,0.000000,1700,3200,4300,4900,7700,10000,14000,18000,27000,32000,32000,5817,0,1700,2879.474742496039,32.00820001075044,32064.493000041693,494.7699845281073
1785158502,40,,Aggregated,11.700000,0.000000,1700,3200,4300,4900,7700,10000,14000,18000,27000,32000,32000,5828,0,1700,2877.3139562628166,32.00820001075044,32064.493000041693,494.72374742621827
1785158503,40,,Aggregated,11.700000,0.000000,1700,3200,4300,4900,7700,10000,14000,18000,27000,32000,32000,5838,0,1700,2877.0614401506905,32.00820001075044,32064.493000041693,494.8456663240836
1785158504,40,,Aggregated,11.700000,0.000000,1700,3200,4300,4900,7700,10000,14000,18000,27000,32000,32000,5850,0,1700,2877.65832478628,32.00820001075044,32064.493000041693,494.9695726495726
1785158505,40,,Aggregated,11.800000,0.000000,1700,3200,4300,4900,7700,10000,14000,18000,27000,32000,32000,5864,0,1700,2877.720763727795,32.00820001075044,32064.493000041693,494.7273192360164
1785158506,40,,Aggregated,11.900000,0.000000,1700,3200,4300,4900,7700,10000,14000,18000,27000,32000,32000,5873,0,1700,2878.8296253192225,32.00820001075044,32064.493000041693,494.67938021454114
1785158507,40,,Aggregated,12.000000,0.000000,1700,3200,4300,4900,7700,10000,14000,18000,27000,32000,32000,5887,0,1700,2881.2272228299357,32.00820001075044,32064.493000041693,494.66247664345167
1785158508,40,,Aggregated,11.400000,0.000000,1700,3200,4300,4900,7700,10000,14000,17000,27000,32000,32000,5902,0,1700,2881.1336020839904,32.00820001075044,32064.493000041693,494.73127753303964
1785158509,40,,Aggregated,11.800000,0.000000,1700,3200,4300,4900,7700,10000,14000,17000,27000,32000,32000,5915,0,1700,2879.545553254377,32.00820001075044,32064.493000041693,494.8006762468301
1785158510,40,,Aggregated,11.800000,0.000000,1700,3200,4300,4900,7700,10000,14000,17000,27000,32000,32000,5928,0,1700,2877.9070661773994,32.00820001075044,32064.493000041693,494.5889001349528
1785158511,40,,Aggregated,11.600000,0.000000,1700,3200,4300,4900,7700,10000,14000,17000,27000,32000,32000,5939,0,1700,2875.750241219005,32.00820001075044,32064.493000041693,494.4052870853679
1785158512,40,,Aggregated,12.000000,0.000000,1700,3200,4300,4900,7700,10000,14000,17000,27000,32000,32000,5954,0,1700,2875.514427762795,32.00820001075044,32064.493000041693,494.25361101780317
1785158513,40,,Aggregated,12.100000,0.000000,1700,3200,4300,4900,7700,10000,14000,17000,27000,32000,32000,5967,0,1700,2875.194863029948,32.00820001075044,32064.493000041693,494.20831238478297
1785158514,40,,Aggregated,12.500000,0.000000,1700,3200,4300,4900,7700,10000,14000,17000,27000,32000,32000,5978,0,1700,2874.4282154231882,32.00820001075044,32064.493000041693,494.1353295416527
1785158515,40,,Aggregated,12.600000,0.000000,1700,3200,4300,4900,7700,10000,14000,18000,27000,32000,32000,5989,0,1700,2881.627209600912,32.00820001075044,32064.493000041693,494.200534312907
1785158516,40,,Aggregated,12.800000,0.000000,1700,3200,4300,4900,7700,10000,14000,17000,27000,32000,32000,6001,0,1700,2880.4635674054,32.00820001075044,32064.493000041693,493.96367272121313
1785158517,40,,Aggregated,12.500000,0.000000,1700,3200,4300,4900,7700,10000,14000,17000,27000,32000,32000,6012,0,1700,2879.2862172155296,32.00820001075044,32064.493000041693,493.78193612774453
1785158518,40,,Aggregated,12.800000,0.000000,1700,3200,4300,4900,7700,10000,14000,17000,27000,32000,32000,6022,0,1700,2879.245633942178,32.00820001075044,32064.493000041693,493.76303553636666
1785158519,40,,Aggregated,12.600000,0.000000,1700,3200,4400,4900,7700,10000,14000,17000,27000,32000,32000,6036,0,1700,2880.4578866964525,32.00820001075044,32064.493000041693,493.66749502982105
1785158520,40,,Aggregated,12.000000,0.000000,1700,3200,4400,4900,7700,10000,14000,17000,27000,32000,32000,6051,0,1700,2878.4122777061575,32.00820001075044,32064.493000041693,493.3769624855396
1785158521,40,,Aggregated,12.100000,0.000000,1700,3200,4400,4900,7700,10000,14000,17000,27000,32000,32000,6064,0,1700,2878.899711708425,32.00820001075044,32064.493000041693,493.33129947229554
1785158522,40,,Aggregated,12.200000,0.000000,1700,3200,4400,4900,7700,10000,14000,17000,27000,32000,32000,6074,0,1700,2878.2670068817843,32.00820001075044,32064.493000041693,493.0931840632203
1785158523,40,,Aggregated,12.500000,0.000000,1700,3200,4400,4900,7700,10000,14000,17000,27000,32000,32000,6086,0,1700,2878.079479050273,32.00820001075044,32064.493000041693,492.9668090699967
1785158524,40,,Aggregated,12.100000,0.000000,1700,3200,4400,4900,7700,10000,14000,17000,27000,32000,32000,6099,0,1700,2876.878655796026,32.00820001075044,32064.493000041693,492.9199868830956
1785158525,40,,Aggregated,12.000000,0.000000,1700,3200,4400,4900,7700,10000,14000,17000,27000,32000,32000,6113,0,1700,2879.0433404874966,32.00820001075044,32064.493000041693,492.9005398331425
1785158526,40,,Aggregated,12.000000,0.000000,1700,3200,4400,4900,7700,10000,14000,17000,27000,32000,32000,6130,0,1700,2876.8445657096427,32.00820001075044,32064.493000041693,492.72332789559545
1785158527,40,,Aggregated,12.000000,0.000000,1700,3200,4400,4900,7700,10000,14000,17000,27000,32000,32000,6142,0,1700,2877.0660899544214,32.00820001075044,32064.493000041693,492.7054705307717
1785158528,40,,Aggregated,12.600000,0.000000,1700,3200,4400,4900,7700,10000,14000,17000,27000,32000,32000,6152,0,1700,2877.3086582575047,32.00820001075044,32064.493000041693,492.68595578673603
1785158529,40,,Aggregated,12.600000,0.000000,1700,3200,4400,4900,7700,10000,14000,17000,27000,32000,32000,6167,0,1700,2876.083871736672,32.00820001075044,32064.493000041693,492.268201718826
1785158530,40,,Aggregated,12.900000,0.000000,1700,3200,4300,4900,7700,10000,14000,17000,27000,32000,32000,6179,0,1700,2874.6823620974387,32.00820001075044,32064.493000041693,492.14549279818743
1785158531,40,,Aggregated,12.900000,0.000000,1700,3200,4300,4900,7700,10000,14000,17000,27000,32000,32000,6194,0,1700,2871.9651201970096,32.00820001075044,32064.493000041693,491.76719405876656
1785158532,40,,Aggregated,12.600000,0.000000,1700,3200,4300,4900,7700,10000,14000,17000,27000,32000,32000,6208,0,1700,2870.7553119362715,32.00820001075044,32064.493000041693,491.65190077319585
1785158533,40,,Aggregated,12.500000,0.000000,1700,3200,4400,4900,7700,10000,14000,17000,27000,32000,32000,6218,0,1700,2872.5314501287344,32.00820001075044,32064.493000041693,491.76954004503057
1785158534,40,,Aggregated,13.100000,0.000000,1700,3200,4300,4900,7700,10000,14000,17000,27000,32000,32000,6227,0,1700,2872.2157889674736,32.00820001075044,32064.493000041693,491.9404207483539
1785158535,40,,Aggregated,13.200000,0.000000,1700,3200,4300,4900,7700,10000,14000,17000,27000,32000,32000,6237,0,1700,2873.3958438673453,32.00820001075044,32064.493000041693,491.8983485650152
1785158536,40,,Aggregated,12.800000,0.000000,1700,3200,4300,4900,7700,10000,14000,17000,27000,32000,32000,6247,0,1700,2873.2480819594357,32.00820001075044,32064.493000041693,491.88394429326075
1785158537,40,,Aggregated,12.700000,0.000000,1700,3200,4300,4900,7700,10000,14000,17000,27000,32000,32000,6258,0,1700,2876.130656951197,32.00820001075044,32064.493000041693,492.05608820709494
1785158538,40,,Aggregated,11.800000,0.000000,1700,3200,4400,4900,7700,10000,14000,17000,27000,32000,32000,6270,0,1700,2878.5130126476593,32.00820001075044,32064.493000041693,492.0421052631579
1785158539,40,,Aggregated,11.600000,0.000000,1700,3200,4300,4900,7700,10000,14000,17000,27000,32000,32000,6282,0,1700,2876.180160092447,32.00820001075044,32064.493000041693,492.056988220312
1785158540,40,,Aggregated,11.500000,0.000000,1700,3200,4400,4900,7700,10000,14000,17000,27000,32000,32000,6291,0,1700,2877.9326021619313,32.00820001075044,32064.493000041693,491.9864886345573
1785158541,40,,Aggregated,11.400000,0.000000,1700,3200,4400,4900,7700,10000,14000,17000,27000,32000,32000,6302,0,1700,2877.995064344754,32.00820001075044,32064.493000041693,492.05141225007935
1785158542,40,,Aggregated,11.300000,0.000000,1700,3200,4400,4900,7700,10000,14000,17000,27000,32000,32000,6315,0,1700,2877.0031985115547,32.00820001075044,32064.493000041693,491.8829770387965
1785158543,40,,Aggregated,11.000000,0.000000,1700,3200,4400,4900,7700,10000,14000,17000,27000,32000,32000,6327,0,1700,2877.0000912597525,32.00820001075044,32064.493000041693,491.7682946103999
1785158544,40,,Aggregated,10.300000,0.000000,1700,3200,4400,4900,7700,10000,14000,17000,27000,32000,32000,6340,0,1700,2878.6617287224535,32.00820001075044,32064.493000041693,491.93832807570976
1785158545,40,,Aggregated,10.500000,0.000000,1700,3200,4400,4900,7700,10000,14000,17000,27000,32000,32000,6351,0,1700,2879.511574082888,32.00820001075044,32064.493000041693,491.7698000314911
1785158546,40,,Aggregated,10.900000,0.000000,1700,3200,4400,4900,7700,10000,14000,17000,27000,32000,32000,6364,0,1700,2881.3390412320105,32.00820001075044,32064.493000041693,491.70773098680075
1785158547,40,,Aggregated,11.100000,0.000000,1700,3200,4400,4900,7700,10000,14000,17000,27000,32000,32000,6372,0,1700,2879.8898171846417,32.00820001075044,32064.493000041693,491.69224733207784
1785158548,40,,Aggregated,11.600000,0.000000,1700,3200,4400,4900,7700,10000,14000,17000,27000,32000,32000,6379,0,1700,2879.5541487851756,32.00820001075044,32064.493000041693,491.3622824894184
1785158549,40,,Aggregated,11.700000,0.000000,1700,3200,4400,4900,7700,10000,14000,17000,27000,32000,32000,6390,0,1700,2883.6940260251445,32.00820001075044,32064.493000041693,491.50641627543035
1785158550,40,,Aggregated,11.100000,0.000000,1700,3200,4400,4900,7700,10000,14000,17000,27000,32000,32000,6399,0,1700,2885.7329353962496,32.00820001075044,32064.493000041693,491.41209563994374
1785158551,40,,Aggregated,10.700000,0.000000,1700,3200,4400,4900,7700,10000,14000,17000,27000,32000,32000,6413,0,1700,2887.1334403712094,32.00820001075044,32064.493000041693,491.32636831436145
1785158552,40,,Aggregated,10.700000,0.000000,1700,3200,4400,4900,7700,10000,14000,17000,27000,32000,32000,6421,0,1700,2887.39826433588,32.00820001075044,32064.493000041693,490.976327674817
1785158553,40,,Aggregated,10.900000,0.000000,1700,3200,4400,4900,7700,10000,14000,17000,27000,32000,32000,6437,0,1700,2886.9549326395454,32.00820001075044,32064.493000041693,491.10020195743357
1785158554,35,,Aggregated,10.800000,0.000000,1700,3200,4400,4900,7700,10000,14000,17000,27000,32000,32000,6444,0,1700,2888.4989808505156,32.00820001075044,32064.493000041693,491.2625698324022
1785158555,30,,Aggregated,10.700000,0.000000,1700,3200,4400,4900,7700,10000,14000,17000,27000,32000,32000,6449,0,1700,2890.7690364398777,32.00820001075044,32064.493000041693,491.42254613118314
1785158556,25,,Aggregated,10.800000,0.000000,1700,3200,4400,4900,7700,10000,14000,17000,27000,32000,32000,6455,0,1700,2890.1588968552574,32.00820001075044,32064.493000041693,491.50472501936486
1785158557,20,,Aggregated,10.800000,0.000000,1700,3200,4400,4900,7700,10000,14000,17000,27000,32000,32000,6457,0,1700,2890.3246534614677,32.00820001075044,32064.493000041693,491.60926126684217
1785158558,20,,Aggregated,10.100000,0.000000,1700,3200,4400,4900,7700,10000,14000,17000,27000,32000,32000,6458,0,1700,2891.1929987923063,32.00820001075044,32064.493000041693,491.6615051099412
1785158559,20,,Aggregated,8.700000,0.000000,1700,3200,4400,4900,7700,10000,14000,17000,27000,32000,32000,6462,0,1700,2890.98304885496,32.00820001075044,32064.493000041693,491.76833797585886
1785158560,20,,Aggregated,8.300000,0.000000,1700,3200,4400,4900,7700,10000,14000,17000,27000,32000,32000,6469,0,1700,2891.2539832432917,32.00820001075044,32064.493000041693,491.9299737208224
1785158561,20,,Aggregated,7.600000,0.000000,1700,3200,4400,4900,7700,10000,14000,17000,27000,32000,32000,6477,0,1700,2893.3495588390956,32.00820001075044,32064.493000041693,492.14358499305234
1785158562,20,,Aggregated,6.900000,0.000000,1700,3200,4400,4900,7700,10000,14000,17000,27000,32000,32000,6484,0,1700,2896.761079426416,32.00820001075044,32064.493000041693,492.4068476249229
1785158563,20,,Aggregated,6.500000,0.000000,1700,3200,4400,4900,7700,10000,14000,17000,27000,32000,32000,6492,0,1700,2897.7982122459985,32.00820001075044,32064.493000041693,492.5921133703019
1785158564,20,,Aggregated,6.400000,0.000000,1700,3200,4400,4900,7700,10000,14000,17000,27000,32000,32000,6499,0,1700,2895.8833206956588,32.00820001075044,32064.493000041693,492.75026927219574
1785158565,20,,Aggregated,5.900000,0.000000,1700,3200,4400,4900,7700,10000,14000,17000,27000,32000,32000,6509,0,1700,2896.5395099709735,32.00820001075044,32064.493000041693,492.8362267629436
1785158566,20,,Aggregated,5.500000,0.000000,1700,3200,4400,4900,7700,10000,14000,17000,27000,32000,32000,6517,0,1700,2895.7175982355475,32.00820001075044,32064.493000041693,493.0204081632653
1785158567,20,,Aggregated,5.700000,0.000000,1700,3200,4400,4900,7700,10000,14000,17000,27000,32000,32000,6526,0,1700,2894.5270938861486,32.00820001075044,32064.493000041693,493.2563591786699
1785158568,20,,Aggregated,6.000000,0.000000,1700,3200,4400,4900,7700,10000,14000,17000,27000,32000,32000,6533,0,1700,2894.8388004287485,32.00820001075044,32064.493000041693,493.51568957599875
1785158569,20,,Aggregated,6.500000,0.000000,1700,3200,4400,4900,7700,10000,14000,17000,27000,32000,32000,6542,0,1700,2894.0898144911384,32.00820001075044,32064.493000041693,493.6490369917456
1785158570,20,,Aggregated,7.100000,0.000000,1700,3200,4400,4900,7700,10000,14000,17000,27000,32000,32000,6550,0,1700,2892.4635485192457,32.00820001075044,32064.493000041693,493.6317557251908
1785158571,20,,Aggregated,7.500000,0.000000,1700,3200,4400,4900,7700,10000,14000,17000,27000,32000,32000,6556,0,1700,2892.8907314980256,32.00820001075044,32064.493000041693,493.9388346552776
1785158572,20,,Aggregated,8.200000,0.000000,1700,3200,4400,4900,7700,10000,14000,17000,27000,32000,32000,6565,0,1700,2893.3340697792987,32.00820001075044,32064.493000041693,494.0718964204113
1785158573,20,,Aggregated,8.100000,0.000000,1700,3200,4400,4900,7700,10000,14000,17000,27000,32000,32000,6575,0,1700,2892.1222895667006,32.00820001075044,32064.493000041693,494.27832699619773
1785158574,20,,Aggregated,8.000000,0.000000,1700,3200,4400,4900,7700,10000,14000,17000,27000,32000,32000,6585,0,1700,2890.2896889447115,32.00820001075044,32064.493000041693,494.26089597570234
1785158575,20,,Aggregated,8.100000,0.000000,1700,3200,4400,4900,7700,10000,14000,17000,27000,32000,32000,6592,0,1700,2890.273728276852,32.00820001075044,32064.493000041693,494.61665655339806
1785158576,20,,Aggregated,8.100000,0.000000,1700,3200,4400,4900,7700,10000,14000,17000,27000,32000,32000,6600,0,1700,2888.3297107728768,32.00820001075044,32064.493000041693,494.69666666666666
1785158577,20,,Aggregated,8.400000,0.000000,1700,3200,4400,4900,7700,10000,14000,17000,27000,32000,32000,6604,0,1700,2888.2986610389034,32.00820001075044,32064.493000041693,494.89975772259237
1785158578,20,,Aggregated,8.300000,0.000000,1700,3200,4400,4900,7700,10000,14000,17000,27000,32000,32000,6611,0,1700,2888.295758599448,32.00820001075044,32064.493000041693,494.9299652094993
1785158579,20,,Aggregated,8.000000,0.000000,1700,3200,4400,4900,7700,10000,14000,17000,27000,32000,32000,6624,0,1700,2887.9300088920404,32.00820001075044,32064.493000041693,495.4867149758454
1785158580,20,,Aggregated,7.600000,0.000000,1700,3200,4300,4900,7700,10000,14000,17000,27000,32000,32000,6630,0,1700,2886.430203137387,32.00820001075044,32064.493000041693,495.6871794871795
1785158581,20,,Aggregated,7.700000,0.000000,1700,3200,4300,4900,7700,10000,14000,17000,27000,32000,32000,6637,0,1700,2885.441238556702,32.00820001075044,32064.493000041693,495.93475968057857
1785158582,20,,Aggregated,7.900000,0.000000,1700,3200,4300,4900,7700,10000,14000,17000,27000,32000,32000,6644,0,1700,2886.2865002710564,32.00820001075044,32064.493000041693,496.1830222757375
1785158583,20,,Aggregated,8.100000,0.000000,1700,3200,4300,4900,7700,10000,14000,17000,27000,32000,32000,6651,0,1700,2884.9612049768252,32.00820001075044,32064.493000041693,496.52909336941815
1785158584,20,,Aggregated,8.000000,0.000000,1700,3200,4300,4900,7700,10000,14000,17000,27000,32000,32000,6660,0,1700,2884.1665303755117,32.00820001075044,32064.493000041693,496.55405405405406
1785158585,20,,Aggregated,7.800000,0.000000,1700,3200,4300,4900,7700,10000,14000,17000,27000,32000,32000,6668,0,1700,2882.142354529253,32.00820001075044,32064.493000041693,496.7257048590282
1785158586,20,,Aggregated,7.600000,0.000000,1700,3200,4300,4900,7700,10000,14000,17000,27000,32000,32000,6679,0,1700,2880.4197041175457,32.00820001075044,32064.493000041693,496.6774966312322
1785158587,20,,Aggregated,7.400000,0.000000,1700,3200,4300,4900,7700,10000,14000,17000,27000,32000,32000,6688,0,1700,2880.5305115432247,32.00820001075044,32064.493000041693,496.57834928229664
1785158588,20,,Aggregated,7.500000,0.000000,1700,3200,4300,4900,7700,10000,14000,17000,27000,32000,32000,6695,0,1700,2881.5235118597684,32.00820001075044,32064.493000041693,496.92023898431665
1785158589,20,,Aggregated,8.000000,0.000000,1700,3200,4300,4900,7700,10000,14000,17000,27000,32000,32000,6702,0,1700,2880.5651174576437,32.00820001075044,32064.493000041693,497.13831692032227
1785158590,20,,Aggregated,8.400000,0.000000,1700,3200,4300,4900,7700,10000,14000,17000,27000,32000,32000,6709,0,1700,2879.5219334775807,32.00820001075044,32064.493000041693,497.2617379639291
1785158591,20,,Aggregated,8.400000,0.000000,1700,3200,4300,4900,7700,10000,14000,17000,27000,32000,32000,6714,0,1700,2880.2359694371726,32.00820001075044,32064.493000041693,497.5095323205243
1785158592,20,,Aggregated,7.800000,0.000000,1700,3200,4300,4900,7700,10000,14000,17000,27000,32000,32000,6722,0,1700,2881.3371094914123,32.00820001075044,32064.493000041693,497.7087176435585
1785158593,20,,Aggregated,7.700000,0.000000,1700,3200,4300,4900,7700,10000,14000,17000,27000,32000,32000,6726,0,1700,2881.0086199823527,32.00820001075044,32064.493000041693,497.78218852215286
1785158594,20,,Aggregated,7.600000,0.000000,1700,3200,4300,4900,7600,10000,14000,17000,27000,32000,32000,6735,0,1700,2880.109744781189,32.00820001075044,32064.493000041693,498.0286562731997
1785158595,20,,Aggregated,7.600000,0.000000,1700,3200,4300,4900,7600,10000,14000,17000,27000,32000,32000,6743,0,1700,2879.904369360999,32.00820001075044,32064.493000041693,498.32344653714966
1785158596,20,,Aggregated,7.600000,0.000000,1700,3200,4300,4900,7600,10000,14000,17000,27000,32000,32000,6749,0,1700,2878.7844223590464,32.00820001075044,32064.493000041693,498.52007704845164
1785158597,20,,Aggregated,7.500000,0.000000,1700,3200,4300,4900,7600,10000,14000,17000,27000,32000,32000,6757,0,1700,2879.9834717036115,32.00820001075044,32064.493000041693,498.9117951753737
1785158598,20,,Aggregated,7.400000,0.000000,1700,3200,4300,4900,7600,10000,14000,17000,27000,32000,32000,6763,0,1700,2879.4262051162564,32.00820001075044,32064.493000041693,499.1074966730741
1785158599,20,,Aggregated,6.800000,0.000000,1700,3200,4300,4900,7600,10000,14000,17000,27000,32000,32000,6771,0,1700,2877.945301388448,32.00820001075044,32064.493000041693,499.30320484418843
1785158600,20,,Aggregated,6.900000,0.000000,1700,3200,4300,4900,7600,10000,14000,17000,27000,32000,32000,6781,0,1700,2876.443510736059,32.00820001075044,32064.493000041693,499.49904143931576
1785158601,20,,Aggregated,6.700000,0.000000,1700,3200,4300,4900,7600,10000,14000,17000,27000,32000,32000,6791,0,1700,2876.061855927134,32.00820001075044,32064.493000041693,499.69297599764394
1785158602,20,,Aggregated,7.000000,0.000000,1700,3200,4300,4900,7600,10000,14000,17000,27000,32000,32000,6796,0,1700,2877.2690665393175,32.00820001075044,32064.493000041693,499.71630370806355
1785158603,20,,Aggregated,7.100000,0.000000,1700,3200,4300,4900,7600,10000,14000,17000,27000,32000,32000,6806,0,1700,2875.2506841465224,32.00820001075044,32064.493000041693,499.66558918601237
1785158604,20,,Aggregated,7.600000,0.000000,1700,3200,4300,4900,7600,10000,14000,17000,27000,32000,32000,6812,0,1700,2875.671260100011,32.00820001075044,32064.493000041693,499.8595126247798
1785158605,20,,Aggregated,7.500000,0.000000,1700,3200,4300,4900,7600,10000,14000,17000,27000,32000,32000,6820,0,1700,2875.9581178740955,32.00820001075044,32064.493000041693,500.125073313783
1785158606,20,,Aggregated,7.800000,0.000000,1700,3200,4300,4900,7600,10000,14000,17000,27000,32000,32000,6827,0,1700,2875.418631727166,32.00820001075044,32064.493000041693,500.36604657975687
1785158607,20,,Aggregated,7.700000,0.000000,1700,3200,4300,4900,7600,10000,14000,17000,27000,32000,32000,6836,0,1700,2874.416146430854,32.00820001075044,32064.493000041693,500.703042715038
1785158608,20,,Aggregated,7.700000,0.000000,1700,3200,4300,4900,7600,10000,14000,17000,27000,32000,32000,6844,0,1700,2874.55788876407,32.00820001075044,32064.493000041693,500.79953243717125
1785158609,20,,Aggregated,7.700000,0.000000,1700,3200,4200,4900,7600,10000,14000,17000,27000,32000,32000,6854,0,1700,2872.546329048906,32.00820001075044,32064.493000041693,500.8958272541582
1785158611,20,,Aggregated,7.800000,0.000000,1700,3200,4200,4900,7600,10000,14000,17000,27000,32000,32000,6862,0,1700,2871.539085937228,32.00820001075044,32064.493000041693,501.0868551442728
1785158612,20,,Aggregated,8.100000,0.000000,1700,3200,4200,4900,7600,10000,14000,17000,27000,32000,32000,6872,0,1700,2869.3972601136848,32.00820001075044,32064.493000041693,501.18175203725264
1785158613,20,,Aggregated,8.100000,0.000000,1700,3200,4200,4900,7600,10000,14000,17000,27000,32000,32000,6879,0,1700,2868.133634307491,32.00820001075044,32064.493000041693,501.419973833406
