Timestamp,User Count,Type,Name,Requests/s,Failures/s,50%,66%,75%,80%,90%,95%,98%,99%,99.9%,99.99%,100%,Total Request Count,Total Failure Count,Total Median Response Time,Total Average Response Time,Total Min Response Time,Total Max Response Time,Total Average Content Size
1785156452,0,,Aggregated,0.000000,0.000000,N/A,N/A,N/A,N/A,N/A,N/A,N/A,N/A,N/A,N/A,N/A,0,0,0,0.0,0,0,0
1785156453,2,,Aggregated,0.000000,0.000000,370,370,370,370,370,370,370,370,370,370,370,2,0,200,281.823599972995,196.2440999923274,367.4030999536626,828.0
1785156454,6,,Aggregated,0.000000,0.000000,370,370,510,510,670,670,670,670,670,670,670,6,0,350,381.31316665870446,193.79379996098578,668.1834000046365,828.0
1785156455,8,,Aggregated,2.000000,0.000000,490,510,670,670,800,960,960,960,960,960,960,12,0,370,475.7392916605265,192.14080000529066,963.9025999931619,827.5833333333334
1785156456,10,,Aggregated,3.000000,0.000000,490,650,670,710,880,960,960,960,960,960,960,17,0,490,490.3519764672691,192.14080000529066,963.9025999931619,827.1176470588235
1785156457,10,,Aggregated,3.333333,0.000000,640,710,820,880,1000,1200,1900,1900,1900,1900,1900,24,0,510,632.6955374994819,192.14080000529066,1856.4222999848425,827.375
1785156458,10,,Aggregated,3.750000,0.000000,650,810,860,960,1200,1200,1900,1900,1900,1900,1900,30,0,640,667.701380001381,192.14080000529066,1856.4222999848425,827.1666666666666
1785156459,10,,Aggregated,4.200000,0.000000,650,830,960,990,1900,2200,2700,2700,2700,2700,2700,37,0,650,793.1299973011797,192.14080000529066,2683.803200023249,827.3243243243244
1785156460,10,,Aggregated,4.666667,0.000000,790,890,990,1200,1900,2200,2700,2700,2700,2700,2700,44,0,710,883.3847659142604,192.14080000529066,2683.803200023249,827.3181818181819
1785156461,10,,Aggregated,5.142857,0.000000,790,890,990,1200,1900,2200,2700,2700,2700,2700,2700,49,0,790,893.1677816352541,192.14080000529066,2683.803200023249,827.2857142857143
1785156462,10,,Aggregated,5.125000,0.000000,790,910,990,1200,1900,2200,2300,2700,2700,2700,2700,57,0,790,912.754563161319,192.14080000529066,2683.803200023249,812.859649122807
1785156463,10,,Aggregated,5.222222,0.000000,790,910,1000,1300,2100,2200,2400,2700,2700,2700,2700,63,0,790,936.0018984159632,192.14080000529066,2683.803200023249,814.2222222222222
1785156464,10,,Aggregated,5.500000,0.000000,810,970,1300,1900,2200,2400,2700,6000,6000,6000,6000,70,0,800,1051.6080200031865,192.14080000529066,6045.082800032105,803.8
1785156465,10,,Aggregated,5.900000,0.000000,830,990,1300,1900,2200,2700,3500,6000,6000,6000,6000,76,0,820,1086.3352750043543,192.14080000529066,6045.082800032105,805.7236842105264
1785156466,10,,Aggregated,6.200000,0.000000,830,990,1600,1900,2200,2400,3500,6000,6000,6000,6000,83,0,830,1096.4367867514761,192.14080000529066,6045.082800032105,807.6385542168674
1785156467,10,,Aggregated,6.300000,0.000000,830,1200,1600,1900,2200,2700,3500,6000,6000,6000,6000,89,0,830,1124.4631404537195,192.14080000529066,6045.082800032105,799.7303370786517
1785156468,10,,Aggregated,6.600000,0.000000,860,1200,1600,1900,2200,2700,3500,6000,6000,6000,6000,95,0,860,1132.3536968453002,192.14080000529066,6045.082800032105,792.8842105263158
1785156469,10,,Aggregated,6.500000,0.000000,860,1200,1600,1900,2200,2400,3100,3500,6000,6000,6000,101,0,860,1133.8662574295931,192.14080000529066,6045.082800032105,795.0297029702971
1785156470,10,,Aggregated,6.400000,0.000000,860,1200,1700,1900,2300,2700,3500,5400,6000,6000,6000,109,0,860,1187.6868156004919,192.14080000529066,6045.082800032105,797.5412844036697
1785156471,10,,Aggregated,6.200000,0.000000,860,1200,1700,1900,2300,2700,3500,5400,6000,6000,6000,115,0,860,1173.6382391334148,192.14080000529066,6045.082800032105,799.2260869565217
1785156472,10,,Aggregated,6.500000,0.000000,860,1300,1700,1900,2300,2700,3500,5400,6000,6000,6000,121,0,860,1184.9970231434015,192.14080000529066,6045.082800032105,800.7438016528926
1785156473,10,,Aggregated,6.600000,0.000000,870,1300,1600,1900,2300,2700,3500,5400,6000,6000,6000,128,0,860,1171.6443554714715,192.14080000529066,6045.082800032105,802.296875
1785156474,10,,Aggregated,6.400000,0.000000,880,1300,1700,1900,2300,3000,4700,5400,6000,6000,6000,134,0,870,1209.1273828387893,192.14080000529066,6045.082800032105,803.5373134328358
1785156475,10,,Aggregated,6.400000,0.000000,880,1300,1700,1900,2300,3000,4700,5400,6000,6000,6000,140,0,880,1211.2072821457073,192.14080000529066,6045.082800032105,804.6357142857142
1785156476,10,,Aggregated,6.400000,0.000000,890,1300,1700,1900,2300,3000,4700,5400,6000,6000,6000,147,0,890,1217.3565013633508,192.14080000529066,6045.082800032105,794.5170068027211
1785156477,10,,Aggregated,6.400000,0.000000,890,1300,1600,1900,2300,3100,3800,5400,6000,6000,6000,153,0,890,1221.1569169961567,192.14080000529066,6045.082800032105,790.4836601307189
1785156478,10,,Aggregated,6.300000,0.000000,890,1300,1600,1900,2300,3100,3800,5400,6000,6000,6000,160,0,880,1209.4374912521744,192.14080000529066,6045.082800032105,792.2125
1785156479,10,,Aggregated,6.400000,0.000000,890,1300,1700,1900,2400,3100,4700,5600,6000,6000,6000,167,0,890,1250.6924874280317,192.14080000529066,6045.082800032105,793.7664670658683
1785156480,10,,Aggregated,6.500000,0.000000,880,1300,1700,1900,2300,3100,4700,5600,6000,6000,6000,174,0,880,1239.3813109224068,192.14080000529066,6045.082800032105,790.3678160919541
1785156481,10,,Aggregated,6.500000,0.000000,880,1300,1700,1900,2400,3100,4700,5600,6000,6000,6000,179,0,880,1240.5713189971457,192.14080000529066,6045.082800032105,791.3072625698323
1785156482,10,,Aggregated,6.500000,0.000000,880,1300,1800,1900,2400,3100,4700,5600,6000,6000,6000,186,0,880,1252.2628360242652,192.14080000529066,6045.082800032105,788.1397849462365
1785156483,11,,Aggregated,6.400000,0.000000,880,1300,1800,1900,2300,3100,4700,5600,6000,6000,6000,191,0,880,1243.77219581456,192.14080000529066,6045.082800032105,789.0785340314136
1785156484,13,,Aggregated,6.400000,0.000000,880,1300,1800,2000,2400,3100,4700,5600,6000,6000,6000,198,0,880,1253.1899863664728,192.14080000529066,6045.082800032105,790.3232323232323
1785156485,14,,Aggregated,6.300000,0.000000,880,1300,1800,2000,2400,3100,4700,5400,6000,6000,6000,205,0,880,1268.0319556125962,192.14080000529066,6045.082800032105,791.4829268292683
1785156486,15,,Aggregated,6.300000,0.000000,890,1300,1900,2000,2400,3100,4700,5400,6000,6000,6000,216,0,880,1268.5792222241785,192.14080000529066,6045.082800032105,768.8796296296297
1785156487,16,,Aggregated,6.400000,0.000000,880,1300,1800,2000,2400,3100,4700,5400,6000,6000,6000,223,0,880,1271.2641233205586,192.14080000529066,6045.082800032105,764.7354260089686
1785156488,17,,Aggregated,6.800000,0.000000,890,1300,1800,1900,2400,3100,4700,5400,6000,6000,6000,230,0,880,1264.2758504368628,192.14080000529066,6045.082800032105,759.3739130434783
1785156489,18,,Aggregated,7.000000,0.000000,890,1300,1800,2000,2400,3100,4700,5400,6000,6000,6000,235,0,890,1278.8849468105175,192.14080000529066,6045.082800032105,754.4765957446808
1785156490,19,,Aggregated,7.000000,0.000000,900,1300,1900,2000,2600,3500,4900,5400,6000,6000,6000,243,0,900,1307.4968057632382,192.14080000529066,6045.082800032105,751.4567901234568
1785156491,20,,Aggregated,6.900000,0.000000,900,1400,1900,2000,2700,3500,4900,5400,6000,6000,6000,249,0,900,1326.5215546205027,192.14080000529066,6045.082800032105,753.3493975903615
1785156492,20,,Aggregated,7.000000,0.000000,940,1400,1900,2100,2700,3500,4700,5400,6000,6000,6000,255,0,940,1349.274678825282,192.14080000529066,6045.082800032105,755.1333333333333
1785156493,20,,Aggregated,6.900000,0.000000,960,1400,1900,2100,2800,3800,4900,5600,6800,6800,6800,262,0,950,1392.1316282457994,192.14080000529066,6849.9099999899045,753.9427480916031
1785156494,20,,Aggregated,6.900000,0.000000,970,1600,1900,2200,2900,3900,5400,6000,7400,7400,7400,269,0,970,1440.617834574233,192.14080000529066,7356.670000008307,752.817843866171
1785156495,20,,Aggregated,7.000000,0.000000,990,1600,1900,2200,3000,4100,5400,6000,7400,7400,7400,276,0,990,1466.5964844217356,192.14080000529066,7356.670000008307,749.3695652173913
1785156496,20,,Aggregated,7.000000,0.000000,1000,1700,2000,2200,3100,4400,5400,6000,7400,7400,7400,283,0,1000,1500.8201964677546,192.14080000529066,7356.670000008307,751.303886925795
1785156497,20,,Aggregated,7.100000,0.000000,1000,1700,2000,2200,3100,4400,5400,6000,7400,7400,7400,289,0,1000,1502.4123733577635,192.14080000529066,7356.670000008307,750.0346020761245
1785156498,20,,Aggregated,6.700000,0.000000,1000,1700,2000,2200,3100,4600,5600,6800,8000,8000,8000,294,0,1000,1535.4053054432952,192.14080000529066,7959.028399956878,751.3605442176871
1785156499,20,,Aggregated,6.600000,0.000000,1100,1800,2000,2200,3500,4600,5800,7400,8000,8000,8000,302,0,1100,1595.2879447032797,192.14080000529066,7959.028399956878,748.5
1785156500,20,,Aggregated,6.500000,0.000000,1100,1800,2100,2300,3700,4900,6000,7400,8000,8000,8000,308,0,1100,1642.458774027144,192.14080000529066,7959.028399956878,742.5616883116883
1785156501,20,,Aggregated,6.500000,0.000000,1100,1800,2100,2300,3700,5000,6000,7400,8000,8000,8000,315,0,1100,1664.56230000116,192.14080000529066,7959.028399956878,741.8698412698412
1785156502,20,,Aggregated,6.400000,0.000000,1100,1800,2100,2300,3800,4900,6000,7400,8000,8000,8000,321,0,1100,1671.7324676022959,192.14080000529066,7959.028399956878,741.4672897196261
1785156503,20,,Aggregated,6.500000,0.000000,1100,1900,2200,2400,3900,5000,6000,7400,8000,8000,8000,328,0,1100,1698.1152658547394,192.14080000529066,7959.028399956878,738.8048780487804
1785156504,20,,Aggregated,6.600000,0.000000,1100,1900,2200,2400,3900,5000,6000,7400,8000,8000,8000,335,0,1100,1702.621428956236,192.14080000529066,7959.028399956878,733.7910447761194
1785156505,20,,Aggregated,6.600000,0.000000,1100,1900,2200,2400,4000,5000,6800,7500,8800,8800,8800,341,0,1100,1736.8602049859621,192.14080000529066,8774.734499980696,735.4545454545455
1785156506,20,,Aggregated,6.600000,0.000000,1100,1900,2200,2700,4000,5000,6800,7500,8800,8800,8800,348,0,1100,1770.78712183946,192.14080000529066,8774.734499980696,735.4511494252873
1785156507,20,,Aggregated,6.400000,0.000000,1100,1900,2200,2700,4000,5300,6800,7500,8800,8800,8800,356,0,1100,1787.2377500002433,192.14080000529066,8774.734499980696,735.688202247191
1785156508,20,,Aggregated,6.400000,0.000000,1100,1900,2200,2700,4000,5000,6800,7500,8800,8800,8800,361,0,1100,1777.4703155127884,192.14080000529066,8774.734499980696,732.3961218836565
1785156509,20,,Aggregated,6.400000,0.000000,1100,1900,2200,2700,4000,5000,6800,7500,8800,8800,8800,368,0,1100,1777.4879584239502,192.14080000529066,8774.734499980696,731.9836956521739
1785156510,20,,Aggregated,6.600000,0.000000,1100,1900,2200,2800,4000,5300,6900,8000,17000,17000,17000,374,0,1100,1836.1667104278329,192.14080000529066,17072.479799971916,733.5427807486631
1785156511,20,,Aggregated,6.700000,0.000000,1100,1900,2300,2800,4100,5400,7500,8600,17000,17000,17000,381,0,1100,1895.0432073489917,192.14080000529066,17072.479799971916,731.4094488188977
1785156512,20,,Aggregated,6.500000,0.000000,1100,1900,2300,2900,4100,5600,7500,8600,17000,17000,17000,387,0,1100,1920.864226873206,192.14080000529066,17072.479799971916,730.7881136950905
1785156513,20,,Aggregated,6.600000,0.000000,1100,1900,2300,2900,4100,5600,7500,8600,17000,17000,17000,394,0,1100,1934.832786040429,192.14080000529066,17072.479799971916,728.7284263959391
1785156514,20,,Aggregated,6.600000,0.000000,1100,1900,2300,2900,4100,5400,7500,8500,17000,17000,17000,401,0,1100,1940.74038827912,192.14080000529066,17072.479799971916,730.4788029925187
1785156515,20,,Aggregated,6.700000,0.000000,1200,1900,2400,2900,4400,5600,7500,8500,17000,17000,17000,408,0,1200,1952.738015685777,192.14080000529066,17072.479799971916,730.5465686274509
1785156516,20,,Aggregated,6.600000,0.000000,1200,2000,2400,3000,4400,5600,7500,8500,17000,17000,17000,414,0,1200,1967.3511961345382,192.14080000529066,17072.479799971916,731.9492753623189
1785156517,20,,Aggregated,6.800000,0.000000,1200,2000,2400,3000,4500,5700,7500,8600,17000,17000,17000,420,0,1200,1989.6965645231485,192.14080000529066,17072.479799971916,729.3761904761905
1785156518,20,,Aggregated,6.700000,0.000000,1200,2000,2400,3000,4500,5700,7500,8600,17000,17000,17000,427,0,1200,2003.7990850112913,192.14080000529066,17072.479799971916,724.4192037470726
1785156519,20,,Aggregated,6.600000,0.000000,1200,2000,2700,3100,4600,6000,7500,8800,17000,17000,17000,436,0,1200,2055.1578061922974,192.14080000529066,17072.479799971916,721.243119266055
1785156520,20,,Aggregated,6.400000,0.000000,1200,2000,2700,3100,4700,6000,7500,8800,17000,17000,17000,445,0,1200,2060.228793258161,192.14080000529066,17072.479799971916,718.9820224719101
1785156521,20,,Aggregated,6.700000,0.000000,1200,2000,2700,3100,4600,6000,7500,8800,17000,17000,17000,452,0,1200,2057.1611816370273,192.14080000529066,17072.479799971916,717.3982300884956
1785156522,20,,Aggregated,6.800000,0.000000,1200,2000,2700,3100,4700,6000,7500,8800,17000,17000,17000,460,0,1200,2065.774225434744,192.14080000529066,17072.479799971916,716.4739130434782
1785156523,20,,Aggregated,7.000000,0.000000,1200,2000,2700,3100,4700,6000,7500,8800,17000,17000,17000,466,0,1200,2066.889594420576,192.14080000529066,17072.479799971916,717.9248927038626
1785156524,20,,Aggregated,7.000000,0.000000,1200,2000,2700,3100,4700,6000,7500,8800,17000,17000,17000,473,0,1200,2073.564732769439,192.14080000529066,17072.479799971916,718.1670190274841
1785156525,20,,Aggregated,7.100000,0.000000,1200,2000,2700,3100,4700,6000,7500,8800,17000,17000,17000,480,0,1200,2094.2911697915406,192.14080000529066,17072.479799971916,718.4145833333333
1785156526,20,,Aggregated,7.000000,0.000000,1300,2000,2800,3300,4900,6200,7700,8800,17000,17000,17000,487,0,1300,2127.381751334483,192.14080000529066,17072.479799971916,718.2936344969199
1785156527,20,,Aggregated,7.100000,0.000000,1300,2000,2700,3300,4900,6400,7700,8800,17000,17000,17000,494,0,1300,2133.215201416629,192.14080000529066,17072.479799971916,719.8623481781376
1785156528,20,,Aggregated,7.100000,0.000000,1300,2000,2700,3300,4900,6400,7700,8800,17000,17000,17000,500,0,1300,2136.0353523995727,192.14080000529066,17072.479799971916,718.196
1785156529,20,,Aggregated,7.300000,0.000000,1300,2100,2800,3400,4900,6200,7500,8600,17000,17000,17000,507,0,1300,2147.5520617351776,192.14080000529066,17072.479799971916,718.3925049309664
1785156530,20,,Aggregated,7.400000,0.000000,1300,2100,2800,3500,4900,6400,7500,8600,17000,17000,17000,513,0,1300,2160.9253354772713,192.14080000529066,17072.479799971916,718.0604288499026
1785156531,20,,Aggregated,7.000000,0.000000,1300,2100,2800,3500,5000,6600,7500,8600,17000,17000,17000,519,0,1300,2173.479620616045,192.14080000529066,17072.479799971916,719.3294797687861
1785156532,20,,Aggregated,7.000000,0.000000,1300,2100,2800,3500,4900,6500,7500,8600,17000,17000,17000,526,0,1300,2173.236247908347,192.14080000529066,17072.479799971916,720.777566539924
1785156533,20,,Aggregated,6.800000,0.000000,1400,2100,2800,3500,4900,6500,7500,8600,17000,17000,17000,533,0,1400,2180.727166416037,192.14080000529066,17072.479799971916,720.953095684803
1785156534,20,,Aggregated,6.700000,0.000000,1400,2100,2800,3500,4900,6500,7500,8600,17000,17000,17000,539,0,1400,2186.782545268627,192.14080000529066,17072.479799971916,720.6029684601114
1785156535,20,,Aggregated,6.600000,0.000000,1400,2200,2800,3600,5000,6500,7700,8600,17000,17000,17000,547,0,1400,2210.556050822338,192.14080000529066,17072.479799971916,720.6508226691042
1785156536,20,,Aggregated,6.700000,0.000000,1400,2200,2800,3600,5000,6500,7500,8600,17000,17000,17000,552,0,1400,2211.2376052533837,192.14080000529066,17072.479799971916,720.1141304347826
1785156537,20,,Aggregated,6.600000,0.000000,1400,2200,2800,3600,5000,6500,7500,8600,17000,17000,17000,557,0,1400,2213.6762333929137,192.14080000529066,17072.479799971916,719.6014362657091
1785156538,20,,Aggregated,6.600000,0.000000,1500,2200,2900,3600,5000,6500,7700,8600,17000,17000,17000,564,0,1400,2234.8010342195385,192.14080000529066,17072.479799971916,720.9592198581561
1785156539,20,,Aggregated,6.400000,0.000000,1500,2200,3000,3600,5000,6600,7700,8600,17000,17000,17000,571,0,1500,2248.718111908643,192.14080000529066,17072.479799971916,722.2714535901927
1785156540,20,,Aggregated,6.300000,0.000000,1500,2200,3000,3600,5000,6600,7700,8800,17000,17000,17000,577,0,1500,2261.3855575386274,192.14080000529066,17072.479799971916,723.3292894280762
1785156541,20,,Aggregated,6.400000,0.000000,1600,2200,3000,3600,5000,6600,7700,8800,17000,17000,17000,584,0,1500,2261.503984759644,192.14080000529066,17072.479799971916,724.5359589041096
1785156542,20,,Aggregated,6.400000,0.000000,1600,2200,3000,3600,5000,6600,7700,8800,17000,17000,17000,591,0,1600,2261.9377341786835,192.14080000529066,17072.479799971916,724.5989847715736
1785156543,20,,Aggregated,6.300000,0.000000,1600,2200,3000,3600,5000,6700,7800,8800,17000,17000,17000,598,0,1600,2279.2545371232586,192.14080000529066,17072.479799971916,724.3745819397993
1785156544,20,,Aggregated,6.400000,0.000000,1600,2200,3000,3600,5000,6700,7700,8600,17000,17000,17000,605,0,1600,2281.167195536762,192.14080000529066,17072.479799971916,725.5190082644629
1785156545,20,,Aggregated,6.400000,0.000000,1600,2200,3000,3600,5000,6700,7700,8600,17000,17000,17000,613,0,1600,2285.5920724302596,192.14080000529066,17072.479799971916,724.6737357259381
1785156546,20,,Aggregated,6.500000,0.000000,1600,2300,3100,3600,5100,6800,8000,8900,17000,17000,17000,619,0,1600,2310.4392552499316,192.14080000529066,17072.479799971916,724.3037156704362
1785156547,20,,Aggregated,6.500000,0.000000,1700,2300,3100,3700,5100,6800,8000,8900,17000,17000,17000,625,0,1700,2316.4811491196974,192.14080000529066,17072.479799971916,725.2512
1785156548,20,,Aggregated,6.700000,0.000000,1700,2300,3100,3700,5200,6800,8200,9400,17000,17000,17000,633,0,1700,2338.189338230179,192.14080000529066,17072.479799971916,723.1026856240127
1785156549,20,,Aggregated,6.600000,0.000000,1700,2300,3100,3700,5200,6800,8200,9400,17000,17000,17000,639,0,1700,2334.9279103280883,192.14080000529066,17072.479799971916,722.7449139280125
1785156550,20,,Aggregated,6.600000,0.000000,1800,2300,3100,3700,5100,6800,8200,9400,17000,17000,17000,648,0,1800,2338.933960184488,192.14080000529066,17072.479799971916,720.8904320987655
1785156551,20,,Aggregated,6.800000,0.000000,1800,2300,3100,3700,5000,6800,8000,9400,17000,17000,17000,655,0,1800,2335.209830533553,192.14080000529066,17072.479799971916,720.0106870229008
1785156552,20,,Aggregated,6.900000,0.000000,1800,2300,3100,3700,5000,6800,8100,9400,17000,17000,17000,662,0,1800,2345.6014459206212,192.14080000529066,17072.479799971916,721.1480362537765
1785156553,20,,Aggregated,7.100000,0.000000,1800,2300,3100,3700,5000,6800,8100,9400,17000,17000,17000,667,0,1800,2340.6174781101663,192.14080000529066,17072.479799971916,719.4677661169416
1785156554,20,,Aggregated,7.000000,0.000000,1800,2300,3100,3700,5000,6800,8100,9400,17000,17000,17000,673,0,1800,2341.4578304600445,192.14080000529066,17072.479799971916,719.4591381872214
1785156556,20,,Aggregated,7.100000,0.000000,1800,2400,3100,3700,5000,6800,8100,9400,17000,17000,17000,680,0,1800,2360.222492499366,192.14080000529066,17072.479799971916,720.5794117647059
1785156557,20,,Aggregated,6.800000,0.000000,1800,2300,3100,3700,5000,6800,8100,9400,17000,17000,17000,686,0,1800,2357.6158880460266,192.14080000529066,17072.479799971916,721.5276967930029
1785156558,20,,Aggregated,6.700000,0.000000,1800,2400,3100,3700,5000,6800,8100,9400,17000,17000,17000,693,0,1800,2369.5489044725714,192.14080000529066,17072.479799971916,721.6479076479077
1785156559,20,,Aggregated,6.600000,0.000000,1800,2400,3300,3700,5100,6900,8200,9700,17000,17000,17000,700,0,1800,2389.470176427858,192.14080000529066,17072.479799971916,719.4057142857143
1785156560,20,,Aggregated,6.700000,0.000000,1800,2400,3100,3700,5000,6800,8100,9400,17000,17000,17000,709,0,1800,2387.0869815225283,192.14080000529066,17072.479799971916,718.9520451339915
1785156561,20,,Aggregated,6.800000,0.000000,1800,2400,3300,3700,5000,6900,8200,9700,17000,17000,17000,715,0,1800,2393.7788205589263,192.14080000529066,17072.479799971916,719.8839160839161
1785156562,20,,Aggregated,6.700000,0.000000,1800,2400,3400,3700,5000,6800,8200,9700,17000,17000,17000,722,0,1800,2395.602172575591,192.14080000529066,17072.479799971916,720.9515235457063
1785156563,20,,Aggregated,6.800000,0.000000,1800,2400,3300,3700,5000,6800,8200,9700,17000,17000,17000,729,0,1800,2391.4210908086966,192.14080000529066,17072.479799971916,720.1810699588477
1785156564,20,,Aggregated,6.700000,0.000000,1800,2400,3400,3700,5000,6800,8200,9700,17000,17000,17000,736,0,1800,2393.1512436135918,192.14080000529066,17072.479799971916,719.1847826086956
1785156565,20,,Aggregated,6.600000,0.000000,1800,2400,3100,3700,5000,6800,8200,9700,17000,17000,17000,743,0,1800,2385.199620456997,192.14080000529066,17072.479799971916,718.4441453566621
1785156566,20,,Aggregated,6.600000,0.000000,1800,2400,3100,3700,5000,6800,8300,9700,17000,17000,17000,749,0,1800,2393.949100667115,192.14080000529066,17072.479799971916,717.5674232309747
1785156567,20,,Aggregated,6.800000,0.000000,1800,2600,3400,3700,5200,6900,8300,9700,17000,17000,17000,756,0,1800,2416.779475660872,192.14080000529066,17072.479799971916,716.4060846560847
1785156568,20,,Aggregated,6.900000,0.000000,1800,2600,3500,3700,5200,6900,8500,10000,17000,17000,17000,764,0,1800,2425.8447357324494,192.14080000529066,17072.479799971916,715.6361256544502
1785156569,20,,Aggregated,6.900000,0.000000,1800,2500,3400,3700,5100,6900,8500,10000,17000,17000,17000,772,0,1800,2422.111539248108,192.14080000529066,17072.479799971916,716.8212435233161
1785156570,20,,Aggregated,7.100000,0.000000,1800,2500,3300,3700,5100,6900,8500,10000,17000,17000,17000,778,0,1800,2414.5241516703923,192.14080000529066,17072.479799971916,717.6876606683804
1785156571,20,,Aggregated,7.200000,0.000000,1800,2500,3400,3700,5100,6900,8600,10000,17000,17000,17000,785,0,1800,2427.2820022923333,192.14080000529066,17072.479799971916,717.8382165605095
1785156572,20,,Aggregated,6.800000,0.000000,1800,2500,3400,3700,5200,6900,8600,10000,17000,17000,17000,792,0,1800,2432.2392080800705,192.14080000529066,17072.479799971916,718.8232323232323
1785156573,21,,Aggregated,6.800000,0.000000,1800,2500,3300,3700,5200,6900,8600,10000,17000,17000,17000,798,0,1800,2426.475553006797,192.14080000529066,17072.479799971916,718.6190476190476
1785156574,22,,Aggregated,6.900000,0.000000,1800,2500,3400,3800,5200,6900,8500,10000,17000,17000,17000,804,0,1800,2436.4298771136814,192.14080000529066,17072.479799971916,718.4179104477612
1785156575,23,,Aggregated,6.900000,0.000000,1800,2600,3400,3700,5200,6900,8500,10000,17000,17000,17000,810,0,1800,2438.817550369573,192.14080000529066,17072.479799971916,717.1901234567902
1785156576,24,,Aggregated,6.800000,0.000000,1800,2600,3400,3700,5200,6900,8500,10000,17000,17000,17000,819,0,1800,2436.2999929174307,192.14080000529066,17072.479799971916,713.1782661782662
1785156577,25,,Aggregated,6.800000,0.000000,1800,2600,3400,3700,5200,6900,8600,10000,17000,17000,17000,828,0,1800,2449.118506279493,192.14080000529066,17072.479799971916,711.2427536231884
1785156578,26,,Aggregated,6.900000,0.000000,1800,2600,3400,3800,5300,6900,8800,12000,17000,17000,17000,837,0,1800,2468.6177174425534,192.14080000529066,17072.479799971916,709.1385902031063
1785156579,27,,Aggregated,7.100000,0.000000,1800,2600,3400,3700,5300,6900,8800,12000,17000,17000,17000,846,0,1800,2467.130586997018,192.14080000529066,17072.479799971916,707.2966903073286
1785156580,28,,Aggregated,7.200000,0.000000,1800,2600,3400,3800,5300,6900,8600,12000,17000,17000,17000,855,0,1800,2467.4475252626285,192.14080000529066,17072.479799971916,703.9520467836257
1785156581,29,,Aggregated,7.300000,0.000000,1800,2600,3500,3800,5200,6900,8600,12000,17000,17000,17000,865,0,1800,2471.052947282627,192.14080000529066,17072.479799971916,699.0890173410405
1785156582,30,,Aggregated,7.700000,0.000000,1800,2600,3500,3800,5200,6900,8600,12000,17000,17000,17000,874,0,1800,2475.6483871846604,192.14080000529066,17072.479799971916,696.4530892448513
1785156583,31,,Aggregated,8.000000,0.000000,1800,2700,3500,3800,5200,6900,8600,12000,17000,17000,17000,881,0,1800,2478.0942615202603,192.14080000529066,17072.479799971916,695.2690124858116
1785156584,32,,Aggregated,8.000000,0.000000,1800,2700,3500,3800,5200,6900,8800,12000,17000,17000,17000,891,0,1800,2493.57223063889,192.14080000529066,17072.479799971916,692.304152637486
1785156585,33,,Aggregated,8.200000,0.000000,1900,2700,3500,3900,5300,6900,8800,12000,17000,17000,17000,897,0,1900,2500.6844513926167,192.14080000529066,17072.479799971916,690.6243032329988
1785156586,34,,Aggregated,8.600000,0.000000,1900,2700,3500,3800,5200,6900,8600,10000,17000,17000,17000,906,0,1900,2503.830777813612,192.14080000529066,17072.479799971916,687.448123620309
1785156587,35,,Aggregated,8.500000,0.000000,1900,2700,3500,3800,5200,6900,8600,10000,17000,17000,17000,913,0,1900,2501.3579944131957,192.14080000529066,17072.479799971916,686.1807228915662
1785156588,36,,Aggregated,8.600000,0.000000,1900,2700,3500,3900,5300,6900,8600,10000,17000,17000,17000,918,0,1900,2515.954946731202,192.14080000529066,17072.479799971916,684.4389978213508
1785156589,37,,Aggregated,8.500000,0.000000,1900,2700,3500,3900,5300,6900,8600,10000,17000,17000,17000,930,0,1900,2524.4498251606233,192.14080000529066,17072.479799971916,682.0666666666667
1785156590,38,,Aggregated,8.100000,0.000000,1900,2700,3500,3900,5400,7100,8800,10000,17000,17000,17000,939,0,1900,2553.326419594696,192.14080000529066,17072.479799971916,680.4792332268371
1785156591,39,,Aggregated,8.300000,0.000000,1900,2700,3500,3900,5300,7000,8800,10000,17000,17000,17000,949,0,1900,2548.9275008423456,192.14080000529066,17072.479799971916,677.1812434141201
1785156592,40,,Aggregated,8.300000,0.000000,1900,2700,3500,3900,5400,7000,8600,10000,17000,17000,17000,956,0,1900,2552.6732593090064,192.14080000529066,17072.479799971916,676.9225941422594
1785156593,40,,Aggregated,8.400000,0.000000,1900,2700,3600,3900,5400,7100,8600,10000,17000,17000,17000,966,0,1900,2570.6496741194264,192.14080000529066,17072.479799971916,674.4099378881988
1785156594,40,,Aggregated,8.300000,0.000000,1900,2800,3600,3900,5400,7100,8600,10000,17000,17000,17000,974,0,1900,2579.679969917097,192.14080000529066,17072.479799971916,672.9620123203285
1785156595,40,,Aggregated,8.300000,0.000000,1900,2800,3600,3900,5400,7100,8600,10000,17000,17000,17000,981,0,1900,2587.429525177697,192.14080000529066,17072.479799971916,672.7410805300714
1785156596,40,,Aggregated,8.300000,0.000000,1900,2800,3600,4000,5400,7200,8600,10000,17000,17000,17000,988,0,1900,2598.958064877814,192.14080000529066,17072.479799971916,671.504048582996
1785156597,40,,Aggregated,8.500000,0.000000,1900,2800,3600,4000,5400,7400,8900,12000,17000,17000,17000,997,0,1900,2631.8855575719517,192.14080000529066,17072.479799971916,670.2768304914745
1785156598,40,,Aggregated,8.200000,0.000000,1900,2800,3600,4000,5400,7400,8900,12000,16000,17000,17000,1004,0,1900,2649.280399202362,192.14080000529066,17072.479799971916,670.7211155378486
1785156599,40,,Aggregated,8.300000,0.000000,1900,2800,3600,4000,5600,7400,9200,12000,16000,17000,17000,1013,0,1900,2673.4741137209367,192.14080000529066,17072.479799971916,667.2398815399803
1785156600,40,,Aggregated,8.400000,0.000000,1900,2800,3600,4100,5700,7400,9200,12000,16000,17000,17000,1023,0,1900,2691.9904743883517,192.14080000529066,17072.479799971916,664.3040078201368
1785156601,40,,Aggregated,8.300000,0.000000,1900,2900,3700,4100,5700,7500,9300,12000,16000,17000,17000,1032,0,1900,2712.0205826543306,192.14080000529066,17072.479799971916,663.8042635658915
1785156602,40,,Aggregated,8.300000,0.000000,1900,2900,3700,4100,5700,7500,9300,12000,16000,17000,17000,1040,0,1900,2725.5524721146617,192.14080000529066,17072.479799971916,661.0951923076923
1785156603,40,,Aggregated,8.300000,0.000000,1900,2900,3700,4100,5700,7500,9500,12000,16000,17000,17000,1050,0,1900,2745.1001310468805,192.14080000529066,17072.479799971916,657.6590476190477
1785156604,40,,Aggregated,8.300000,0.000000,1900,2900,3700,4200,5700,7500,9500,12000,16000,17000,17000,1061,0,1900,2760.217204146251,192.14080000529066,17072.479799971916,655.665409990575
1785156605,40,,Aggregated,8.300000,0.000000,1900,2900,3700,4200,5700,7500,9500,12000,16000,17000,17000,1071,0,1900,2763.1640430431366,192.14080000529066,17072.479799971916,652.8039215686274
1785156606,40,,Aggregated,8.500000,0.000000,1900,2900,3700,4200,5700,7500,9700,12000,16000,17000,17000,1081,0,1900,2778.0163454201597,192.14080000529066,17072.479799971916,650.750231267345
1785156607,40,,Aggregated,8.500000,0.000000,1900,2900,3800,4300,5800,7700,10000,13000,16000,17000,17000,1092,0,1900,2796.7083765560656,192.14080000529066,17072.479799971916,647.6721611721612
1785156608,40,,Aggregated,9.200000,0.000000,1900,2900,3800,4300,5800,7700,10000,13000,16000,17000,17000,1101,0,1900,2809.309625794069,192.14080000529066,17072.479799971916,643.1534968210717
1785156609,40,,Aggregated,9.400000,0.000000,1900,2900,3800,4300,5800,7700,10000,13000,16000,17000,17000,1110,0,1900,2823.712226936514,192.14080000529066,17072.479799971916,640.4954954954954
1785156610,40,,Aggregated,9.800000,0.000000,1900,2900,3800,4300,5900,7800,10000,13000,16000,17000,17000,1120,0,1900,2836.1144355352735,192.14080000529066,17072.479799971916,639.225
1785156611,40,,Aggregated,9.800000,0.000000,1900,3000,3800,4400,6000,7800,10000,13000,16000,17000,17000,1127,0,1900,2850.5320025726423,192.14080000529066,17072.479799971916,639.8260869565217
1785156612,40,,Aggregated,9.700000,0.000000,1900,3000,3800,4400,6000,7800,10000,13000,16000,17000,17000,1138,0,1900,2854.8718397180783,192.14080000529066,17072.479799971916,635.7302284710017
1785156613,40,,Aggregated,9.500000,0.000000,1900,3000,3900,4400,6000,7800,10000,13000,16000,17000,17000,1146,0,1900,2856.6784810638105,192.14080000529066,17072.479799971916,632.9092495636999
1785156614,40,,Aggregated,9.700000,0.000000,1900,3000,3900,4400,6000,7800,10000,13000,16000,17000,17000,1154,0,1900,2863.7200045054155,192.14080000529066,17072.479799971916,631.8379549393414
1785156615,40,,Aggregated,9.700000,0.000000,1900,3000,3900,4400,6000,7800,10000,13000,16000,17000,17000,1161,0,1900,2874.0270520233757,192.14080000529066,17072.479799971916,632.464254952627
1785156616,40,,Aggregated,9.500000,0.000000,2000,3000,3900,4400,6100,7900,10000,13000,16000,17000,17000,1171,0,2000,2892.634097437275,192.14080000529066,17072.479799971916,630.7634500426985
1785156617,40,,Aggregated,9.300000,0.000000,2000,3000,3900,4500,6100,7900,10000,13000,16000,17000,17000,1180,0,2000,2896.7583161009225,192.14080000529066,17072.479799971916,629.485593220339
1785156618,40,,Aggregated,9.000000,0.000000,2000,3000,3900,4500,6100,7900,10000,13000,16000,17000,17000,1190,0,2000,2915.3792358816017,192.14080000529066,17072.479799971916,627.7008403361344
1785156619,40,,Aggregated,8.700000,0.000000,2000,3000,3900,4500,6100,7900,11000,13000,16000,17000,17000,1200,0,2000,2925.5716927492663,192.14080000529066,17072.479799971916,624.9758333333333
1785156620,40,,Aggregated,8.600000,0.000000,2000,3000,3900,4500,6100,7900,10000,13000,16000,17000,17000,1207,0,2000,2931.6048930399024,192.14080000529066,17072.479799971916,624.5294117647059
1785156621,40,,Aggregated,8.600000,0.000000,2000,3000,3900,4500,6100,7900,10000,13000,16000,17000,17000,1217,0,2000,2928.258382004214,192.14080000529066,17072.479799971916,623.3730484798685
1785156622,40,,Aggregated,8.700000,0.000000,2000,3000,3900,4500,6100,7900,10000,13000,16000,17000,17000,1225,0,2000,2935.2357110197236,192.14080000529066,17072.479799971916,622.0277551020408
1785156623,40,,Aggregated,8.700000,0.000000,2000,3100,4000,4500,6100,8000,11000,13000,17000,26000,26000,1233,0,2000,2962.436066422695,192.14080000529066,25950.142199988477,620.6974858069749
1785156624,40,,Aggregated,8.600000,0.000000,2000,3100,4000,4500,6100,8000,11000,13000,17000,26000,26000,1243,0,2000,2976.5906091707357,192.14080000529066,25950.142199988477,619.7345132743363
1785156625,40,,Aggregated,8.700000,0.000000,2000,3100,4000,4600,6100,8000,11000,13000,17000,26000,26000,1254,0,2000,2982.3103803023364,192.14080000529066,25950.142199988477,618.4162679425838
1785156626,40,,Aggregated,8.800000,0.000000,2000,3100,4000,4600,6200,8000,11000,13000,17000,26000,26000,1263,0,2000,3007.607541962828,192.14080000529066,25950.142199988477,618.2248614410134
1785156627,40,,Aggregated,9.100000,0.000000,2000,3100,4000,4600,6200,8000,11000,13000,19000,26000,26000,1271,0,2000,3017.867577339894,192.14080000529066,25950.142199988477,617.9968528717545
1785156628,40,,Aggregated,8.900000,0.000000,2000,3100,4000,4600,6300,8100,12000,14000,19000,26000,26000,1282,0,2000,3053.7938157558897,192.14080000529066,25950.142199988477,616.7113884555382
1785156629,40,,Aggregated,9.000000,0.000000,2000,3100,4000,4600,6300,8100,12000,14000,19000,26000,26000,1292,0,2000,3059.416886918779,192.14080000529066,25950.142199988477,615.8142414860681
1785156630,40,,Aggregated,9.100000,0.000000,2000,3100,4000,4600,6300,8100,12000,13000,19000,26000,26000,1301,0,2000,3057.557537047764,192.14080000529066,25950.142199988477,614.1214450422751
1785156631,40,,Aggregated,9.100000,0.000000,2000,3100,4000,4600,6400,8100,12000,13000,19000,26000,26000,1310,0,2000,3058.8687989306245,192.14080000529066,25950.142199988477,613.0931297709924
1785156632,40,,Aggregated,9.200000,0.000000,2000,3100,4000,4600,6300,8100,12000,13000,19000,26000,26000,1321,0,2000,3062.7268641930405,192.14080000529066,25950.142199988477,611.4049962149886
1785156633,40,,Aggregated,9.500000,0.000000,2000,3100,4000,4600,6400,8100,12000,13000,19000,26000,26000,1329,0,2000,3073.209471105366,192.14080000529066,25950.142199988477,611.2355154251317
1785156634,40,,Aggregated,9.400000,0.000000,2000,3100,4100,4600,6500,8100,12000,13000,19000,26000,26000,1336,0,2000,3081.1414520950616,192.14080000529066,25950.142199988477,610.2754491017964
1785156635,40,,Aggregated,9.500000,0.000000,2100,3100,4100,4600,6500,8300,12000,13000,19000,26000,26000,1345,0,2100,3096.6909104082247,192.14080000529066,25950.142199988477,609.2929368029739
1785156636,40,,Aggregated,9.200000,0.000000,2100,3100,4100,4600,6500,8300,12000,13000,19000,26000,26000,1353,0,2100,3099.002374943927,192.14080000529066,25950.142199988477,609.1352549889135
1785156637,40,,Aggregated,9.200000,0.000000,2100,3100,4100,4600,6500,8300,12000,13000,19000,26000,26000,1361,0,2100,3108.2551404108026,192.14080000529066,25950.142199988477,608.4827332843497
1785156638,40,,Aggregated,9.100000,0.000000,2100,3200,4100,4600,6500,8300,12000,13000,19000,26000,26000,1369,0,2100,3123.6888906493978,192.14080000529066,25950.142199988477,608.3316289262235
1785156639,40,,Aggregated,9.200000,0.000000,2100,3200,4200,4700,6500,8300,12000,13000,19000,26000,26000,1379,0,2100,3129.766922769418,192.14080000529066,25950.142199988477,605.9956490210297
1785156640,40,,Aggregated,8.800000,0.000000,2100,3200,4200,4700,6600,8400,12000,13000,19000,26000,26000,1388,0,2100,3134.3185971895314,192.14080000529066,25950.142199988477,605.0670028818444
1785156641,40,,Aggregated,8.700000,0.000000,2100,3200,4200,4700,6600,8400,12000,13000,19000,26000,26000,1400,0,2100,3143.5151003564342,192.14080000529066,25950.142199988477,603.2264285714285
1785156642,40,,Aggregated,8.700000,0.000000,2200,3200,4300,4700,6600,8400,12000,13000,19000,26000,26000,1408,0,2200,3155.3322226554506,192.14080000529066,25950.142199988477,603.1122159090909
1785156643,40,,Aggregated,8.500000,0.000000,2200,3200,4300,4700,6700,8500,12000,13000,19000,26000,26000,1416,0,2200,3164.8100754935112,192.14080000529066,25950.142199988477,602.9901129943503
1785156644,40,,Aggregated,9.000000,0.000000,2200,3200,4300,4700,6700,8500,12000,13000,19000,26000,26000,1423,0,2200,3171.783185171421,192.14080000529066,25950.142199988477,602.5917076598735
1785156645,40,,Aggregated,8.500000,0.000000,2200,3200,4300,4700,6700,8600,12000,13000,19000,26000,26000,1434,0,2200,3178.3422162475717,192.14080000529066,25950.142199988477,600.5292887029289
1785156646,40,,Aggregated,8.600000,0.000000,2200,3200,4300,4700,6700,8600,12000,13000,19000,26000,26000,1443,0,2200,3180.4922956334244,192.14080000529066,25950.142199988477,599.6742896742896
1785156647,40,,Aggregated,8.700000,0.000000,2200,3200,4300,4700,6800,8600,12000,13000,19000,26000,26000,1453,0,2200,3183.6877211969113,192.14080000529066,25950.142199988477,597.50240880936
1785156648,40,,Aggregated,9.000000,0.000000,2200,3200,4300,4700,6900,8600,12000,13000,19000,26000,26000,1461,0,2200,3190.480297466853,192.14080000529066,25950.142199988477,596.9671457905545
1785156649,40,,Aggregated,9.000000,0.000000,2200,3200,4300,4700,6900,8800,12000,14000,19000,26000,26000,1472,0,2200,3209.5582908281726,192.14080000529066,25950.142199988477,596.4599184782609
1785156650,40,,Aggregated,9.300000,0.000000,2200,3200,4300,4700,6900,8800,12000,15000,19000,26000,26000,1482,0,2200,3212.496462145124,192.14080000529066,25950.142199988477,594.4514170040486
1785156651,40,,Aggregated,9.300000,0.000000,2200,3200,4300,4700,6900,8800,12000,15000,19000,26000,26000,1490,0,2200,3219.02862946252,192.14080000529066,25950.142199988477,594.8328859060402
1785156652,40,,Aggregated,9.200000,0.000000,2200,3200,4300,4700,7000,8900,12000,15000,19000,26000,26000,1498,0,2200,3229.6139280368493,192.14080000529066,25950.142199988477,593.326435246996
1785156653,40,,Aggregated,9.400000,0.000000,2200,3200,4300,4800,7000,8900,12000,15000,19000,26000,26000,1507,0,2200,3237.476966223742,192.14080000529066,25950.142199988477,593.4140676841407
1785156654,40,,Aggregated,8.900000,0.000000,2300,3200,4400,4800,7000,8900,12000,15000,19000,26000,26000,1516,0,2200,3241.919093930963,192.14080000529066,25950.142199988477,592.1873350923482
1785156655,40,,Aggregated,9.100000,0.000000,2300,3300,4400,4800,7100,8900,12000,15000,19000,26000,26000,1526,0,2300,3264.6443336168977,192.14080000529066,25950.142199988477,590.6022280471822
1785156656,40,,Aggregated,9.100000,0.000000,2300,3300,4400,4800,7100,9000,12000,15000,19000,26000,26000,1535,0,2300,3276.2237647552183,192.14080000529066,25950.142199988477,589.8618892508143
1785156657,40,,Aggregated,9.200000,0.000000,2300,3300,4400,4800,7100,8900,12000,15000,19000,26000,26000,1541,0,2300,3278.0914345225838,192.14080000529066,25950.142199988477,590.2582738481506
1785156658,40,,Aggregated,9.000000,0.000000,2400,3300,4400,4800,7100,8900,12000,15000,19000,26000,26000,1549,0,2400,3281.182142672202,192.14080000529066,25950.142199988477,589.5693996126533
1785156659,40,,Aggregated,8.900000,0.000000,2400,3300,4400,4900,7100,9000,12000,15000,19000,26000,26000,1558,0,2400,3290.1349036582073,192.14080000529066,25950.142199988477,588.0840821566111
1785156660,40,,Aggregated,8.600000,0.000000,2400,3300,4400,4900,7100,8900,12000,15000,19000,26000,26000,1570,0,2400,3288.893574967825,192.14080000529066,25950.142199988477,586.1394904458599
1785156661,40,,Aggregated,8.500000,0.000000,2400,3300,4400,4900,7100,9000,12000,15000,19000,26000,26000,1580,0,2400,3301.7430989237573,192.14080000529066,25950.142199988477,584.7424050632911
1785156662,40,,Aggregated,8.500000,0.000000,2400,3300,4400,4900,7100,9000,12000,15000,19000,26000,26000,1587,0,2400,3299.5099378068685,192.14080000529066,25950.142199988477,585.3862633900441
1785156663,40,,Aggregated,8.600000,0.000000,2400,3400,4500,4900,7100,9000,12000,15000,19000,26000,26000,1597,0,2400,3316.700227238239,192.14080000529066,25950.142199988477,584.8271759549154
1785156664,40,,Aggregated,8.800000,0.000000,2500,3300,4400,4900,7100,9000,12000,15000,19000,26000,26000,1607,0,2500,3317.7172108894965,192.14080000529066,25950.142199988477,583.8655880522713
1785156665,40,,Aggregated,8.800000,0.000000,2500,3400,4500,4900,7100,9100,12000,15000,19000,26000,26000,1614,0,2500,3334.8787131347813,192.14080000529066,25950.142199988477,582.8686493184634
1785156666,40,,Aggregated,9.100000,0.000000,2600,3400,4500,4900,7100,9100,12000,15000,19000,26000,26000,1622,0,2500,3336.8043981501696,192.14080000529066,25950.142199988477,583.2533908754624
1785156667,40,,Aggregated,8.800000,0.000000,2600,3400,4500,4900,7100,9100,12000,15000,19000,26000,26000,1631,0,2600,3337.685070999119,192.14080000529066,25950.142199988477,582.9803801348866
1785156668,40,,Aggregated,8.800000,0.000000,2600,3400,4500,4900,7100,9100,13000,15000,19000,26000,26000,1641,0,2600,3347.144641681643,192.14080000529066,25950.142199988477,582.855575868373
1785156669,40,,Aggregated,8.600000,0.000000,2600,3400,4500,4900,7100,9100,13000,15000,19000,26000,26000,1648,0,2600,3343.1026583735106,192.14080000529066,25950.142199988477,583.0898058252427
1785156670,40,,Aggregated,9.000000,0.000000,2600,3400,4500,4900,7100,9100,12000,15000,19000,26000,26000,1658,0,2600,3340.8848322675317,192.14080000529066,25950.142199988477,582.5772014475272
1785156671,40,,Aggregated,9.200000,0.000000,2600,3400,4500,4900,7100,9100,12000,15000,19000,26000,26000,1667,0,2600,3345.0604553686308,192.14080000529066,25950.142199988477,581.8362327534493
1785156672,40,,Aggregated,9.000000,0.000000,2600,3400,4500,4900,7100,9100,12000,15000,19000,26000,26000,1675,0,2600,3347.222619104177,192.14080000529066,25950.142199988477,581.8310447761194
1785156673,40,,Aggregated,8.800000,0.000000,2600,3400,4500,4900,7100,9000,12000,15000,19000,26000,26000,1684,0,2600,3340.480638479532,192.14080000529066,25950.142199988477,580.3076009501187
1785156674,40,,Aggregated,8.700000,0.000000,2600,3400,4500,4900,7100,9100,13000,15000,19000,26000,26000,1691,0,2600,3356.687485688684,192.14080000529066,25950.142199988477,580.0685984624482
1785156675,40,,Aggregated,8.700000,0.000000,2600,3400,4500,4900,7200,9100,13000,15000,19000,26000,26000,1699,0,2600,3359.288081165114,192.14080000529066,25950.142199988477,580.4679223072395
1785156676,40,,Aggregated,8.500000,0.000000,2600,3400,4500,4900,7200,9200,13000,15000,19000,26000,26000,1706,0,2600,3377.982157150972,192.14080000529066,25950.142199988477,580.3317702227432
1785156677,40,,Aggregated,8.400000,0.000000,2600,3500,4500,5000,7200,9200,13000,15000,19000,26000,26000,1713,0,2600,3388.2572607703282,192.14080000529066,25950.142199988477,580.5808523058961
1785156678,40,,Aggregated,8.400000,0.000000,2600,3500,4500,5000,7200,9200,13000,15000,19000,26000,26000,1724,0,2600,3397.349867343078,192.14080000529066,25950.142199988477,579.4976798143852
1785156679,40,,Aggregated,8.400000,0.000000,2600,3500,4500,5000,7200,9200,13000,15000,19000,26000,26000,1733,0,2600,3403.589746162408,192.14080000529066,25950.142199988477,578.8892094633584
1785156680,40,,Aggregated,8.200000,0.000000,2600,3500,4500,5000,7200,9200,13000,15000,19000,26000,26000,1741,0,2600,3401.6512892013648,192.14080000529066,25950.142199988477,578.4296381390005
1785156681,40,,Aggregated,8.300000,0.000000,2600,3500,4500,5000,7200,9200,13000,15000,26000,27000,27000,1750,0,2600,3420.484605256937,192.14080000529066,26718.10800000094,578.2137142857143
1785156682,40,,Aggregated,8.400000,0.000000,2600,3500,4600,5000,7300,9300,13000,15000,26000,27000,27000,1760,0,2600,3436.138754431625,192.14080000529066,26718.10800000094,576.9232954545455
1785156683,40,,Aggregated,8.200000,0.000000,2700,3500,4600,5000,7300,9300,13000,16000,26000,27000,27000,1772,0,2600,3441.11425756193,192.14080000529066,26718.10800000094,574.8222347629796
1785156684,40,,Aggregated,8.300000,0.000000,2700,3500,4600,5000,7300,9400,13000,16000,26000,27000,27000,1780,0,2700,3449.7041557863877,192.14080000529066,26718.10800000094,574.3915730337079
1785156685,40,,Aggregated,8.600000,0.000000,2700,3500,4600,5000,7300,9300,13000,16000,26000,27000,27000,1789,0,2700,3448.9343925655808,192.14080000529066,26718.10800000094,574.2012297372834
1785156686,40,,Aggregated,8.800000,0.000000,2700,3500,4600,5000,7300,9400,13000,16000,26000,27000,27000,1798,0,2700,3459.088050444852,192.14080000529066,26718.10800000094,573.6418242491658
1785156687,40,,Aggregated,8.900000,0.000000,2700,3600,4600,5000,7300,9400,13000,15000,26000,27000,27000,1806,0,2700,3463.767527740819,192.14080000529066,26718.10800000094,573.2225913621262
1785156688,40,,Aggregated,9.000000,0.000000,2700,3600,4600,5000,7300,9400,13000,15000,26000,27000,27000,1814,0,2700,3464.257503969026,192.14080000529066,26718.10800000094,572.3506063947078
1785156689,40,,Aggregated,9.100000,0.000000,2700,3600,4600,5100,7300,9300,13000,15000,26000,27000,27000,1823,0,2700,3467.8790122324576,192.14080000529066,26718.10800000094,571.8030718595721
1785156690,40,,Aggregated,9.100000,0.000000,2700,3600,4600,5100,7300,9400,13000,16000,27000,28000,28000,1832,0,2700,3480.55506768548,192.14080000529066,27580.578199995216,571.2751091703057
1785156691,40,,Aggregated,8.900000,0.000000,2700,3600,4600,5100,7300,9300,13000,16000,27000,28000,28000,1843,0,2700,3480.9179185565713,192.14080000529066,27580.578199995216,570.3071079761258
1785156692,40,,Aggregated,9.000000,0.000000,2700,3600,4600,5100,7300,9300,13000,16000,27000,28000,28000,1853,0,2700,3485.657658607638,192.14080000529066,27580.578199995216,569.5607123583378
1785156693,40,,Aggregated,9.100000,0.000000,2700,3600,4600,5100,7300,9200,13000,16000,27000,28000,28000,1863,0,2700,3482.9951020933954,192.14080000529066,27580.578199995216,568.475040257649
1785156694,40,,Aggregated,9.200000,0.000000,2700,3600,4600,5100,7300,9300,13000,16000,27000,28000,28000,1872,0,2700,3489.2998759080865,192.14080000529066,27580.578199995216,567.8824786324786
1785156695,40,,Aggregated,9.100000,0.000000,2700,3600,4600,5200,7400,9400,13000,16000,27000,28000,28000,1880,0,2700,3499.296126170168,192.14080000529066,27580.578199995216,567.5904255319149
1785156696,40,,Aggregated,9.100000,0.000000,2700,3600,4600,5200,7400,9400,13000,16000,27000,28000,28000,1889,0,2700,3511.123233721523,192.14080000529066,27580.578199995216,566.4769719428269
1785156697,40,,Aggregated,9.100000,0.000000,2700,3600,4600,5200,7400,9400,13000,16000,27000,28000,28000,1895,0,2700,3512.1966640633023,192.14080000529066,27580.578199995216,565.9160949868074
1785156699,40,,Aggregated,9.000000,0.000000,2700,3600,4600,5200,7400,9400,13000,16000,27000,28000,28000,1904,0,2700,3510.148779464249,192.14080000529066,27580.578199995216,565.7773109243698
1785156700,40,,Aggregated,9.100000,0.000000,2700,3600,4600,5300,7400,9400,13000,16000,27000,28000,28000,1914,0,2700,3519.1774459247044,192.14080000529066,27580.578199995216,566.4555903866249
1785156701,40,,Aggregated,8.900000,0.000000,2700,3600,4600,5300,7400,9400,13000,16000,27000,28000,28000,1922,0,2700,3522.0854779916285,192.14080000529066,27580.578199995216,566.0884495317378
1785156702,40,,Aggregated,9.000000,0.000000,2700,3600,4600,5300,7400,9400,13000,16000,27000,28000,28000,1930,0,2700,3536.1150608289786,192.14080000529066,27580.578199995216,566.0652849740933
1785156703,40,,Aggregated,9.000000,0.000000,2700,3600,4600,5300,7400,9400,13000,16000,27000,28000,28000,1936,0,2700,3541.7135547519956,192.14080000529066,27580.578199995216,566.2029958677685
1785156704,40,,Aggregated,8.600000,0.000000,2700,3600,4600,5300,7400,9400,13000,16000,27000,28000,28000,1946,0,2700,3542.189074922855,192.14080000529066,27580.578199995216,566.2029804727647
1785156705,40,,Aggregated,8.300000,0.000000,2700,3600,4700,5300,7400,9400,13000,16000,27000,28000,28000,1956,0,2700,3546.8271265336966,192.14080000529066,27580.578199995216,565.1963190184049
1785156706,40,,Aggregated,8.100000,0.000000,2700,3700,4700,5300,7500,9400,13000,16000,27000,28000,28000,1967,0,2700,3565.233916878471,192.14080000529066,27580.578199995216,564.3258769700051
1785156707,40,,Aggregated,8.100000,0.000000,2700,3700,4700,5400,7500,9500,13000,16000,27000,28000,28000,1972,0,2700,3572.5806521298014,192.14080000529066,27580.578199995216,564.9994929006085
1785156708,40,,Aggregated,8.500000,0.000000,2800,3700,4700,5300,7400,9400,13000,16000,27000,28000,28000,1982,0,2800,3573.416331584237,192.14080000529066,27580.578199995216,563.9223007063572
1785156709,40,,Aggregated,8.300000,0.000000,2800,3700,4700,5400,7500,9400,13000,16000,27000,28000,28000,1990,0,2800,3576.5700352260646,192.14080000529066,27580.578199995216,563.1608040201005
1785156710,40,,Aggregated,8.600000,0.000000,2800,3700,4700,5400,7500,9500,13000,16000,27000,28000,28000,2000,0,2800,3581.584277999941,192.14080000529066,27580.578199995216,562.1015
1785156711,40,,Aggregated,8.500000,0.000000,2800,3700,4700,5300,7500,9400,13000,16000,26000,28000,28000,2008,0,2800,3577.216430577617,192.14080000529066,27580.578199995216,561.7609561752988
1785156712,40,,Aggregated,8.500000,0.000000,2800,3700,4700,5400,7400,9400,13000,16000,26000,28000,28000,2015,0,2800,3577.3574388088896,192.14080000529066,27580.578199995216,562.0352357320099
1785156713,40,,Aggregated,8.500000,0.000000,2800,3700,4700,5400,7500,9400,13000,16000,26000,28000,28000,2023,0,2800,3584.192669945598,192.14080000529066,27580.578199995216,561.3766683143846
1785156714,40,,Aggregated,8.600000,0.000000,2800,3700,4700,5400,7500,9500,13000,16000,26000,28000,28000,2032,0,2800,3594.778510432983,192.14080000529066,27580.578199995216,561.5880905511812
1785156715,40,,Aggregated,8.600000,0.000000,2800,3700,4700,5400,7500,9500,13000,16000,26000,28000,28000,2042,0,2800,3599.0482543583907,192.14080000529066,27580.578199995216,560.964250734574
1785156716,40,,Aggregated,8.600000,0.000000,2800,3700,4700,5400,7500,9700,13000,16000,26000,28000,28000,2051,0,2800,3604.7816682105345,192.14080000529066,27580.578199995216,560.1306679668454
1785156717,40,,Aggregated,8.400000,0.000000,2800,3800,4700,5400,7500,9700,13000,16000,26000,28000,28000,2060,0,2800,3608.303544417373,192.14080000529066,27580.578199995216,559.6247572815533
1785156718,40,,Aggregated,8.400000,0.000000,2800,3800,4700,5400,7500,9700,13000,16000,26000,28000,28000,2068,0,2800,3611.956628965151,192.14080000529066,27580.578199995216,559.3974854932302
1785156719,40,,Aggregated,8.600000,0.000000,2800,3800,4700,5400,7500,9700,13000,16000,26000,28000,28000,2077,0,2800,3615.4040073182096,192.14080000529066,27580.578199995216,559.6191622532499
1785156720,40,,Aggregated,8.600000,0.000000,2800,3800,4700,5400,7500,9700,13000,16000,26000,28000,28000,2084,0,2800,3622.7057311900035,192.14080000529066,27580.578199995216,559.1804222648752
1785156721,40,,Aggregated,8.600000,0.000000,2800,3800,4700,5400,7500,9700,13000,16000,26000,28000,28000,2093,0,2800,3629.932694218811,192.14080000529066,27580.578199995216,558.3626373626373
1785156722,40,,Aggregated,8.300000,0.000000,2800,3800,4700,5400,7500,9700,13000,16000,26000,28000,28000,2102,0,2800,3631.3101179352816,192.14080000529066,27580.578199995216,556.8434823977165
1785156723,40,,Aggregated,8.400000,0.000000,2800,3800,4700,5400,7500,9700,13000,16000,26000,28000,28000,2109,0,2800,3636.2441046941644,192.14080000529066,27580.578199995216,556.7946894262684
1785156724,40,,Aggregated,8.600000,0.000000,2800,3800,4800,5400,7500,9800,13000,16000,26000,28000,28000,2119,0,2800,3639.341839499745,192.14080000529066,27580.578199995216,555.5861255309109
1785156725,40,,Aggregated,8.600000,0.000000,2800,3900,4800,5500,7500,9700,13000,16000,26000,28000,28000,2129,0,2800,3641.471766697979,192.14080000529066,27580.578199995216,555.3132926256459
1785156726,40,,Aggregated,8.600000,0.000000,2800,3900,4800,5500,7500,9700,13000,16000,26000,28000,28000,2137,0,2800,3642.404619419764,192.14080000529066,27580.578199995216,555.0959288722509
1785156727,40,,Aggregated,8.900000,0.000000,2800,3900,4800,5600,7600,9900,13000,16000,26000,28000,28000,2146,0,2800,3655.474608247921,192.14080000529066,27580.578199995216,554.239981360671
1785156728,40,,Aggregated,8.500000,0.000000,2800,3900,4800,5600,7600,10000,13000,16000,26000,28000,28000,2154,0,2800,3662.2954659238767,192.14080000529066,27580.578199995216,553.6439182915506
1785156729,40,,Aggregated,8.500000,0.000000,2800,3900,4800,5600,7600,10000,13000,16000,26000,28000,28000,2159,0,2800,3661.820462575286,192.14080000529066,27580.578199995216,553.5873089393237
1785156730,40,,Aggregated,8.600000,0.000000,2900,3900,4800,5600,7600,10000,13000,16000,26000,28000,28000,2168,0,2900,3672.4466537823546,192.14080000529066,27580.578199995216,553.8035055350554
1785156731,40,,Aggregated,8.300000,0.000000,2900,3900,4800,5600,7600,10000,13000,16000,26000,28000,28000,2176,0,2900,3674.0902021140237,192.14080000529066,27580.578199995216,553.2899816176471
1785156732,40,,Aggregated,8.400000,0.000000,2900,3900,4800,5600,7600,9900,13000,16000,26000,28000,28000,2187,0,2900,3665.268703932372,192.14080000529066,27580.578199995216,551.2066758116141
1785156733,40,,Aggregated,8.200000,0.000000,2900,3900,4800,5600,7600,9900,13000,16000,26000,28000,28000,2194,0,2900,3667.263281084787,192.14080000529066,27580.578199995216,551.1959890610757
1785156734,40,,Aggregated,8.300000,0.000000,2900,3900,4800,5600,7600,9800,13000,15000,26000,28000,28000,2203,0,2900,3666.475946300544,192.14080000529066,27580.578199995216,550.3862914207898
1785156735,40,,Aggregated,8.300000,0.000000,2900,3900,4800,5600,7600,9900,13000,15000,26000,28000,28000,2210,0,2800,3666.8140352036557,192.14080000529066,27580.578199995216,550.3004524886878
1785156736,40,,Aggregated,8.200000,0.000000,2900,3900,4800,5600,7600,9900,13000,15000,26000,28000,28000,2221,0,2900,3676.773752183731,192.14080000529066,27580.578199995216,548.936965330932
1785156737,40,,Aggregated,8.100000,0.000000,2900,4000,4800,5700,7600,10000,13000,16000,26000,28000,28000,2235,0,2900,3693.404186711448,192.14080000529066,27580.578199995216,548.248769574944
1785156738,40,,Aggregated,8.200000,0.000000,2900,4000,4800,5700,7600,10000,13000,16000,26000,28000,28000,2241,0,2900,3694.6795862562153,192.14080000529066,27580.578199995216,548.6327532351629
1785156739,40,,Aggregated,8.700000,0.000000,2900,4000,4800,5700,7600,10000,14000,16000,26000,28000,28000,2250,0,2900,3704.500560266774,192.14080000529066,27580.578199995216,548.5075555555555
1785156740,40,,Aggregated,8.500000,0.000000,2900,4000,4800,5700,7600,10000,13000,16000,26000,28000,28000,2260,0,2900,3704.343299823124,192.14080000529066,27580.578199995216,547.346017699115
1785156741,40,,Aggregated,8.700000,0.000000,2900,4000,4800,5700,7600,10000,13000,16000,26000,28000,28000,2269,0,2900,3702.5008507273537,192.14080000529066,27580.578199995216,547.300572939621
1785156742,40,,Aggregated,8.800000,0.000000,2900,4000,4800,5700,7600,10000,13000,16000,26000,28000,28000,2276,0,2900,3706.1692693762902,192.14080000529066,27580.578199995216,547.5896309314587
1785156743,40,,Aggregated,9.200000,0.000000,2900,4000,4800,5700,7600,10000,14000,16000,26000,28000,28000,2283,0,2900,3712.950184976075,192.14080000529066,27580.578199995216,547.8769163381515
1785156744,40,,Aggregated,9.000000,0.000000,2900,4000,4800,5700,7600,10000,14000,16000,26000,28000,28000,2290,0,2900,3712.1740623582464,192.14080000529066,27580.578199995216,547.8751091703057
1785156745,40,,Aggregated,9.000000,0.000000,2900,4000,4800,5700,7600,10000,13000,16000,26000,28000,28000,2301,0,2900,3712.1003684486404,192.14080000529066,27580.578199995216,546.9300304215559
1785156746,40,,Aggregated,8.900000,0.000000,2900,4000,4800,5700,7600,10000,13000,16000,26000,28000,28000,2308,0,2900,3718.243718024413,192.14080000529066,27580.578199995216,546.8531195840554
1785156747,40,,Aggregated,8.700000,0.000000,2900,4000,4800,5700,7600,10000,14000,16000,26000,28000,28000,2314,0,2900,3725.044735047646,192.14080000529066,27580.578199995216,546.3742437337943
1785156748,40,,Aggregated,8.900000,0.000000,2900,4000,4800,5700,7600,10000,14000,16000,26000,28000,28000,2321,0,2900,3722.501333477048,192.14080000529066,27580.578199995216,546.3752692804826
1785156749,40,,Aggregated,8.200000,0.000000,2900,4000,4800,5700,7700,10000,14000,16000,26000,28000,28000,2334,0,2900,3731.7879474722904,192.14080000529066,27580.578199995216,545.6233933161953
1785156750,40,,Aggregated,8.000000,0.000000,2900,4000,4800,5700,7700,10000,14000,16000,26000,28000,28000,2343,0,2900,3734.190812206679,192.14080000529066,27580.578199995216,545.7981220657277
1785156751,40,,Aggregated,8.300000,0.000000,2900,4100,4800,5700,7700,10000,14000,16000,26000,28000,28000,2355,0,2900,3747.6849067941175,192.14080000529066,27580.578199995216,544.7303609341826
1785156752,40,,Aggregated,8.600000,0.000000,2900,4100,4800,5700,7700,10000,14000,16000,26000,28000,28000,2364,0,2900,3753.865038198055,192.14080000529066,27580.578199995216,544.7009306260576
1785156753,40,,Aggregated,8.500000,0.000000,2900,4100,4800,5700,7700,10000,14000,16000,26000,28000,28000,2373,0,2900,3755.4590584492666,192.14080000529066,27580.578199995216,544.1137800252844
1785156754,40,,Aggregated,8.500000,0.000000,2900,4100,4900,5700,7700,10000,14000,16000,26000,28000,28000,2382,0,2900,3753.583831150324,192.14080000529066,27580.578199995216,543.8106633081444
1785156755,40,,Aggregated,8.700000,0.000000,2900,4100,4800,5700,7700,10000,14000,16000,26000,28000,28000,2390,0,2900,3749.9804941422503,192.14080000529066,27580.578199995216,543.8669456066946
1785156756,40,,Aggregated,9.100000,0.000000,2900,4100,4900,5700,7700,10000,14000,16000,26000,28000,28000,2400,0,2900,3757.667896291631,192.14080000529066,27580.578199995216,543.05875
1785156757,40,,Aggregated,9.100000,0.000000,2900,4100,4800,5700,7700,10000,14000,16000,26000,28000,28000,2410,0,2900,3751.698600082962,192.14080000529066,27580.578199995216,542.3302904564315
1785156758,40,,Aggregated,8.900000,0.000000,2900,4100,4800,5700,7700,10000,14000,16000,26000,28000,28000,2422,0,2900,3747.4530740710024,192.14080000529066,27580.578199995216,541.2972749793558
1785156759,40,,Aggregated,9.300000,0.000000,2900,4100,4900,5700,7700,10000,14000,16000,26000,28000,28000,2428,0,2900,3754.706764126864,192.14080000529066,27580.578199995216,541.7397034596376
1785156760,40,,Aggregated,9.700000,0.000000,2900,4100,4900,5700,7700,10000,14000,16000,26000,28000,28000,2437,0,2900,3763.1800739023433,192.14080000529066,27580.578199995216,541.9913828477636
1785156761,40,,Aggregated,9.700000,0.000000,2900,4100,4900,5700,7700,10000,14000,16000,26000,28000,28000,2445,0,2900,3767.7548285889206,192.14080000529066,27580.578199995216,541.8535787321064
1785156762,40,,Aggregated,9.200000,0.000000,2900,4100,4900,5700,7700,10000,14000,16000,26000,28000,28000,2456,0,2900,3767.6663694217946,192.14080000529066,27580.578199995216,541.2630293159609
1785156763,40,,Aggregated,9.000000,0.000000,2900,4100,4900,5700,7700,10000,14000,16000,26000,28000,28000,2466,0,2900,3765.527567680437,192.14080000529066,27580.578199995216,540.2250608272506
1785156764,40,,Aggregated,9.300000,0.000000,2900,4100,4900,5700,7700,10000,14000,16000,26000,28000,28000,2475,0,2900,3763.4692054545562,192.14080000529066,27580.578199995216,539.9494949494949
1785156765,40,,Aggregated,9.200000,0.000000,2900,4100,4900,5700,7700,10000,14000,16000,26000,28000,28000,2481,0,2900,3768.160309351097,192.14080000529066,27580.578199995216,539.7166465135026
1785156766,40,,Aggregated,9.100000,0.000000,2900,4100,4900,5800,7700,10000,14000,16000,26000,28000,28000,2489,0,2900,3771.662896826141,192.14080000529066,27580.578199995216,539.2494977902772
1785156767,40,,Aggregated,9.100000,0.000000,2900,4100,4900,5700,7700,10000,14000,16000,26000,28000,28000,2496,0,2900,3776.061039944,192.14080000529066,27580.578199995216,539.4667467948718
1785156768,40,,Aggregated,9.000000,0.000000,2900,4100,4900,5800,7800,10000,14000,16000,26000,28000,28000,2505,0,2900,3784.892373293514,192.14080000529066,27580.578199995216,539.1261477045908
1785156769,40,,Aggregated,8.700000,0.000000,2900,4200,4900,5800,7800,10000,14000,16000,26000,28000,28000,2517,0,2900,3794.2087261423135,192.14080000529066,27580.578199995216,538.4123957091776
1785156770,40,,Aggregated,8.600000,0.000000,2900,4200,4900,5800,7800,10000,14000,16000,26000,28000,28000,2527,0,2900,3796.432871349468,192.14080000529066,27580.578199995216,537.4143252869014
1785156771,40,,Aggregated,8.500000,0.000000,2900,4200,4900,5800,7800,10000,14000,16000,26000,28000,28000,2537,0,2900,3798.7006021679686,192.14080000529066,27580.578199995216,537.0023649980292
1785156772,40,,Aggregated,8.900000,0.000000,2900,4200,4900,5800,7800,10000,14000,16000,26000,28000,28000,2545,0,2900,3801.354297603188,192.14080000529066,27580.578199995216,535.9740667976424
1785156773,40,,Aggregated,9.100000,0.000000,2900,4200,4900,5800,7800,10000,14000,16000,26000,28000,28000,2556,0,2900,3796.13403630678,192.14080000529066,27580.578199995216,534.8466353677621
1785156774,40,,Aggregated,8.600000,0.000000,2900,4200,4900,5800,7800,10000,14000,16000,26000,28000,28000,2566,0,2900,3795.107357716307,192.14080000529066,27580.578199995216,534.1956352299298
1785156775,40,,Aggregated,8.900000,0.000000,2900,4200,4900,5800,7800,10000,14000,16000,26000,28000,28000,2574,0,2900,3793.8899094405647,192.14080000529066,27580.578199995216,534.018648018648
1785156776,40,,Aggregated,9.100000,0.000000,2900,4200,4900,5800,7800,10000,14000,16000,26000,28000,28000,2583,0,2900,3796.808584010802,192.14080000529066,27580.578199995216,533.1974448315912
1785156777,40,,Aggregated,9.100000,0.000000,2900,4200,4900,5800,7800,10000,14000,16000,26000,28000,28000,2592,0,2900,3799.1407569830203,192.14080000529066,27580.578199995216,533.2037037037037
1785156778,40,,Aggregated,9.100000,0.000000,2900,4200,4900,5800,7800,10000,14000,16000,26000,28000,28000,2599,0,2900,3802.069353520572,192.14080000529066,27580.578199995216,532.9888418622547
1785156779,40,,Aggregated,9.400000,0.000000,2900,4200,4900,5800,7800,10000,14000,16000,26000,28000,28000,2609,0,2900,3804.3864686086276,192.14080000529066,27580.578199995216,532.6090456113453
1785156780,40,,Aggregated,9.300000,0.000000,2900,4200,4900,5800,7800,10000,14000,16000,26000,28000,28000,2618,0,2900,3801.1144271581225,192.14080000529066,27580.578199995216,532.6168831168832
1785156781,40,,Aggregated,9.200000,0.000000,2900,4200,4900,5800,7800,10000,14000,16000,26000,28000,28000,2625,0,2900,3808.078800380919,192.14080000529066,27580.578199995216,533.1451428571429
1785156782,40,,Aggregated,9.100000,0.000000,2900,4200,4900,5800,7800,10000,14000,16000,26000,28000,28000,2633,0,2900,3810.724227345246,192.14080000529066,27580.578199995216,533.2753513102924
1785156783,40,,Aggregated,8.900000,0.000000,2900,4200,4900,5800,7800,10000,14000,16000,26000,28000,28000,2642,0,2900,3812.2304189251136,192.14080000529066,27580.578199995216,532.9632853898562
1785156784,40,,Aggregated,8.800000,0.000000,2900,4200,4900,5800,7800,10000,14000,16000,26000,28000,28000,2650,0,2900,3817.8127638490905,192.14080000529066,27580.578199995216,533.3456603773585
1785156785,40,,Aggregated,8.600000,0.000000,2900,4200,4900,5800,7800,10000,14000,16000,26000,28000,28000,2659,0,2900,3823.9917332080086,192.14080000529066,27580.578199995216,533.5923279428357
1785156786,40,,Aggregated,8.300000,0.000000,2900,4200,4900,5800,7800,10000,14000,16000,26000,28000,28000,2666,0,2900,3828.2754811703185,192.14080000529066,27580.578199995216,533.5517629407352
1785156787,40,,Aggregated,8.400000,0.000000,2900,4200,4900,5800,7900,10000,14000,16000,26000,28000,28000,2674,0,2900,3831.130995923762,192.14080000529066,27580.578199995216,533.8694839192221
1785156788,40,,Aggregated,8.600000,0.000000,2900,4300,4900,5800,7900,10000,14000,16000,26000,28000,28000,2684,0,2900,3833.3974567064765,192.14080000529066,27580.578199995216,533.733606557377
1785156789,40,,Aggregated,8.200000,0.000000,2900,4300,4900,5800,7900,10000,14000,16000,26000,28000,28000,2691,0,2900,3832.787311297008,192.14080000529066,27580.578199995216,533.7617985878856
1785156790,40,,Aggregated,8.100000,0.000000,2900,4300,4900,5800,7900,10000,14000,16000,26000,28000,28000,2697,0,2900,3833.455443047955,192.14080000529066,27580.578199995216,533.559510567297
1785156791,40,,Aggregated,8.300000,0.000000,3000,4300,4900,5800,7900,10000,14000,16000,26000,28000,28000,2708,0,3000,3839.4547050591927,192.14080000529066,27580.578199995216,532.9918759231905
1785156792,40,,Aggregated,8.000000,0.000000,3000,4300,4900,5800,7900,10000,14000,16000,26000,28000,28000,2716,0,3000,3845.0029217232627,192.14080000529066,27580.578199995216,532.8943298969073
1785156793,40,,Aggregated,7.900000,0.000000,3000,4300,4900,5800,7900,10000,14000,16000,26000,28000,28000,2724,0,3000,3843.116875000164,192.14080000529066,27580.578199995216,532.7323788546255
1785156794,40,,Aggregated,8.400000,0.000000,3000,4300,4900,5800,7900,10000,14000,16000,26000,28000,28000,2731,0,3000,3847.0499686563203,192.14080000529066,27580.578199995216,532.9494690589528
1785156795,40,,Aggregated,8.200000,0.000000,3000,4300,4900,5800,7900,10000,14000,16000,26000,28000,28000,2739,0,3000,3847.3715286237584,192.14080000529066,27580.578199995216,533.3366192040891
1785156796,40,,Aggregated,8.100000,0.000000,3000,4300,4900,5800,7900,10000,14000,16000,26000,28000,28000,2746,0,3000,3855.2282686819167,192.14080000529066,27580.578199995216,533.6114348142753
1785156797,40,,Aggregated,8.000000,0.000000,3000,4300,4900,5800,7900,10000,14000,16000,26000,28000,28000,2756,0,3000,3856.696154934881,192.14080000529066,27580.578199995216,533.4796806966618
1785156798,40,,Aggregated,7.900000,0.000000,3000,4300,4900,5800,7900,10000,14000,16000,26000,28000,28000,2764,0,3000,3862.986082634115,192.14080000529066,27580.578199995216,532.7847322720695
1785156799,40,,Aggregated,7.900000,0.000000,3000,4300,4900,5800,7900,10000,14000,16000,26000,28000,28000,2772,0,3000,3868.7725431099325,192.14080000529066,27580.578199995216,532.3311688311688
1785156800,40,,Aggregated,8.200000,0.000000,3000,4300,4900,5800,7900,10000,14000,16000,26000,28000,28000,2779,0,3000,3871.979339438903,192.14080000529066,27580.578199995216,532.3019071608493
1785156801,40,,Aggregated,8.000000,0.000000,3000,4300,4900,5800,7900,10000,14000,16000,26000,28000,28000,2787,0,3000,3875.3506087192927,192.14080000529066,27580.578199995216,532.4416935773232
1785156802,40,,Aggregated,8.000000,0.000000,3000,4300,4900,5800,7900,10000,14000,16000,26000,28000,28000,2796,0,3000,3873.9030677041023,192.14080000529066,27580.578199995216,532.2221030042919
1785156803,40,,Aggregated,8.100000,0.000000,3000,4300,4900,5800,7900,10000,14000,16000,26000,28000,28000,2803,0,3000,3874.3143432395805,192.14080000529066,27580.578199995216,532.2001427042454
1785156804,40,,Aggregated,7.800000,0.000000,3000,4300,5000,5800,7900,10000,14000,16000,26000,28000,28000,2811,0,3000,3879.3032800428655,192.14080000529066,27580.578199995216,532.3450729277837
1785156805,40,,Aggregated,8.000000,0.000000,3000,4300,5000,5900,8000,10000,14000,16000,26000,28000,28000,2820,0,3000,3885.0433264894955,192.14080000529066,27580.578199995216,532.2975177304965
1785156806,40,,Aggregated,7.900000,0.000000,3000,4300,5000,5900,8000,11000,14000,16000,26000,28000,28000,2828,0,3000,3891.409535007256,192.14080000529066,27580.578199995216,532.1463932107497
1785156807,40,,Aggregated,7.900000,0.000000,3000,4300,5000,5900,8000,11000,14000,16000,26000,28000,28000,2834,0,3000,3892.142996330474,192.14080000529066,27580.578199995216,532.3108680310515
1785156808,40,,Aggregated,8.000000,0.000000,3000,4300,5000,5900,8000,11000,14000,16000,26000,28000,28000,2840,0,3000,3901.444284577648,192.14080000529066,27580.578199995216,531.6602112676056
1785156809,40,,Aggregated,8.100000,0.000000,3000,4300,5000,5900,8000,11000,14000,16000,26000,28000,28000,2846,0,3000,3905.908170098546,192.14080000529066,27580.578199995216,532.0562192550949
1785156810,40,,Aggregated,7.700000,0.000000,3000,4300,5000,5900,8000,11000,14000,16000,26000,28000,28000,2856,0,3000,3912.3103547970645,192.14080000529066,27580.578199995216,531.656512605042
1785156812,40,,Aggregated,7.500000,0.000000,3000,4300,5000,5900,8000,11000,14000,16000,26000,28000,28000,2865,0,3000,3912.5799720769205,192.14080000529066,27580.578199995216,531.20907504363
1785156813,40,,Aggregated,7.400000,0.000000,3000,4300,5000,5900,8000,11000,14000,16000,26000,28000,28000,2873,0,3000,3911.7621640795132,192.14080000529066,27580.578199995216,530.6038983640793
1785156814,40,,Aggregated,7.700000,0.000000,3000,4300,5000,5900,8100,11000,14000,16000,26000,28000,28000,2881,0,3000,3916.2203772997027,192.14080000529066,27580.578199995216,530.4553974314474
1785156815,40,,Aggregated,7.700000,0.000000,3000,4300,5000,5900,8100,11000,14000,16000,26000,28000,28000,2891,0,3000,3913.814585852796,192.14080000529066,27580.578199995216,530.1144932549291
1785156816,40,,Aggregated,7.600000,0.000000,3000,4300,5000,5900,8100,11000,14000,16000,26000,28000,28000,2900,0,3000,3920.086726241537,192.14080000529066,27580.578199995216,529.8479310344827
1785156817,40,,Aggregated,7.700000,0.000000,3000,4300,5000,5900,8100,11000,14000,16000,26000,28000,28000,2907,0,3000,3927.264467905198,192.14080000529066,27580.578199995216,529.6054351565188
1785156818,40,,Aggregated,7.900000,0.000000,3000,4300,5000,5900,8100,11000,14000,16000,26000,28000,28000,2914,0,3000,3925.1660501030706,192.14080000529066,27580.578199995216,529.5861358956761
1785156819,40,,Aggregated,8.000000,0.000000,3000,4300,5000,5900,8100,11000,14000,16000,26000,28000,28000,2922,0,3000,3923.2201446270624,192.14080000529066,27580.578199995216,529.7286105407255
1785156820,40,,Aggregated,7.900000,0.000000,3000,4300,5000,5900,8100,11000,14000,16000,26000,28000,28000,2931,0,3000,3919.3639089389885,192.14080000529066,27580.578199995216,529.1852610030707
1785156821,40,,Aggregated,8.200000,0.000000,3000,4300,5000,5900,8100,11000,14000,16000,26000,28000,28000,2941,0,3000,3922.2830658620087,192.14080000529066,27580.578199995216,529.5334920095206
1785156822,40,,Aggregated,8.500000,0.000000,3000,4300,5000,5900,8100,11000,14000,16000,26000,28000,28000,2952,0,3000,3928.2302023374546,192.14080000529066,27580.578199995216,528.8042005420054
1785156823,40,,Aggregated,8.300000,0.000000,3000,4300,5100,5900,8100,11000,14000,16000,26000,28000,28000,2962,0,3000,3930.034579608435,192.14080000529066,27580.578199995216,527.7599594868332
1785156824,40,,Aggregated,8.300000,0.000000,3000,4300,5100,5900,8100,11000,14000,16000,26000,28000,28000,2971,0,3000,3931.962511376677,192.14080000529066,27580.578199995216,527.3406260518344
1785156825,40,,Aggregated,8.800000,0.000000,3000,4300,5000,5900,8200,11000,14000,16000,26000,28000,28000,2980,0,3000,3929.049781879196,192.14080000529066,27580.578199995216,527.361744966443
1785156826,40,,Aggregated,8.800000,0.000000,3000,4300,5100,5900,8200,11000,14000,16000,26000,28000,28000,2988,0,3000,3932.715854986668,192.14080000529066,27580.578199995216,527.0133868808567
1785156827,40,,Aggregated,8.800000,0.000000,3000,4300,5000,5900,8200,11000,14000,16000,26000,28000,28000,3000,0,3000,3927.8363873000853,192.14080000529066,27580.578199995216,525.9683333333334
1785156828,40,,Aggregated,8.800000,0.000000,3000,4300,5000,5900,8100,11000,14000,16000,19000,28000,28000,3007,0,3000,3925.1620921184413,192.14080000529066,27580.578199995216,525.7974725640173
1785156829,40,,Aggregated,9.200000,0.000000,3000,4300,5000,5900,8200,11000,14000,16000,22000,28000,28000,3017,0,3000,3932.252924560895,192.14080000529066,27580.578199995216,525.435531985416
1785156830,40,,Aggregated,9.300000,0.000000,3000,4300,5000,5900,8200,11000,14000,16000,22000,28000,28000,3024,0,3000,3933.682587301642,192.14080000529066,27580.578199995216,525.4302248677249
1785156831,40,,Aggregated,9.300000,0.000000,3000,4300,5000,5900,8200,11000,14000,16000,22000,28000,28000,3032,0,3000,3935.4627582124454,192.14080000529066,27580.578199995216,525.3080474934037
1785156832,40,,Aggregated,9.200000,0.000000,3000,4300,5000,5900,8200,11000,14000,16000,22000,28000,28000,3041,0,3000,3944.8206226899515,192.14080000529066,27580.578199995216,525.2818151923709
1785156833,40,,Aggregated,9.200000,0.000000,3000,4300,5000,5900,8200,11000,14000,16000,22000,28000,28000,3050,0,3000,3944.9664445901963,192.14080000529066,27580.578199995216,524.6108196721311
1785156834,40,,Aggregated,8.900000,0.000000,3000,4300,5000,5900,8200,11000,14000,16000,22000,28000,28000,3057,0,3000,3948.264744520788,192.14080000529066,27580.578199995216,525.0886490022898
1785156835,40,,Aggregated,8.800000,0.000000,3000,4300,5100,5900,8200,11000,14000,16000,22000,28000,28000,3068,0,3000,3954.1807294328755,192.14080000529066,27580.578199995216,524.6688396349414
1785156836,40,,Aggregated,8.500000,0.000000,3000,4300,5000,5900,8200,11000,14000,16000,22000,28000,28000,3077,0,3000,3953.106102144969,192.14080000529066,27580.578199995216,524.4848878778031
1785156837,40,,Aggregated,8.800000,0.000000,3000,4300,5000,5900,8200,11000,14000,16000,22000,28000,28000,3085,0,3000,3953.312737179933,192.14080000529066,27580.578199995216,524.6311183144246
1785156838,40,,Aggregated,8.700000,0.000000,3000,4300,5000,5900,8200,11000,14000,16000,22000,28000,28000,3094,0,3000,3954.4494115708308,192.14080000529066,27580.578199995216,524.6596638655462
1785156839,40,,Aggregated,8.500000,0.000000,3000,4300,5000,6000,8200,11000,14000,16000,22000,28000,28000,3105,0,3000,3962.4594635105195,192.14080000529066,27580.578199995216,524.2463768115942
1785156840,40,,Aggregated,8.600000,0.000000,3000,4300,5100,6000,8200,11000,14000,16000,22000,28000,28000,3113,0,3000,3968.511275554226,192.14080000529066,27580.578199995216,524.3941535496306
1785156841,40,,Aggregated,8.700000,0.000000,3000,4300,5100,6000,8200,11000,14000,16000,22000,28000,28000,3121,0,3000,3969.7136055431843,192.14080000529066,27580.578199995216,524.1115027234861
1785156842,40,,Aggregated,8.800000,0.000000,3000,4400,5100,6000,8300,11000,14000,16000,22000,28000,28000,3131,0,3000,3972.7679850846935,192.14080000529066,27580.578199995216,523.8122005748962
1785156843,40,,Aggregated,8.700000,0.000000,3000,4300,5100,6000,8300,11000,14000,16000,22000,28000,28000,3140,0,3000,3970.6515047134203,192.14080000529066,27580.578199995216,524.0474522292993
1785156844,40,,Aggregated,8.900000,0.000000,3000,4400,5100,6000,8300,11000,14000,16000,25000,28000,28000,3150,0,3000,3977.7753293651567,192.14080000529066,27580.578199995216,523.7523809523809
1785156845,40,,Aggregated,8.900000,0.000000,3000,4300,5100,6000,8200,11000,14000,16000,25000,28000,28000,3158,0,3000,3973.467591925329,192.14080000529066,27580.578199995216,523.4249525015833
1785156846,40,,Aggregated,9.100000,0.000000,3000,4400,5100,6000,8200,11000,14000,16000,25000,28000,28000,3168,0,3000,3978.1969952021295,192.14080000529066,27580.578199995216,523.1294191919192
1785156847,40,,Aggregated,9.000000,0.000000,3000,4400,5100,6000,8200,11000,14000,16000,25000,28000,28000,3175,0,3000,3977.135162078852,192.14080000529066,27580.578199995216,523.3770078740157
1785156848,40,,Aggregated,9.000000,0.000000,3000,4400,5100,6000,8200,11000,14000,16000,25000,28000,28000,3184,0,3000,3975.8457405779795,192.14080000529066,27580.578199995216,522.9381281407035
1785156849,40,,Aggregated,8.800000,0.000000,3000,4400,5100,6000,8200,11000,14000,16000,25000,28000,28000,3191,0,3000,3974.1289478847884,192.14080000529066,27580.578199995216,522.5722344092761
1785156850,40,,Aggregated,8.700000,0.000000,3000,4400,5100,6000,8200,11000,14000,16000,25000,28000,28000,3200,0,3000,3979.3119352813706,192.14080000529066,27580.578199995216,523.013125
1785156851,40,,Aggregated,8.600000,0.000000,3000,4400,5100,6000,8200,11000,14000,16000,25000,28000,28000,3208,0,3000,3983.5223404615112,192.14080000529066,27580.578199995216,522.9513715710723
1785156852,40,,Aggregated,8.600000,0.000000,3000,4400,5100,6000,8300,11000,14000,16000,25000,28000,28000,3216,0,3000,3991.1922007775192,192.14080000529066,27580.578199995216,522.8426616915423
1785156853,40,,Aggregated,8.800000,0.000000,3000,4400,5100,6000,8300,11000,14000,16000,25000,28000,28000,3225,0,3000,3990.6999386048046,192.14080000529066,27580.578199995216,522.6223255813953
1785156854,40,,Aggregated,8.400000,0.000000,3000,4400,5100,6000,8200,11000,14000,16000,25000,28000,28000,3234,0,3000,3992.7910557824557,192.14080000529066,27580.578199995216,522.200371057514
1785156855,40,,Aggregated,8.300000,0.000000,3000,4400,5100,6000,8200,11000,14000,16000,25000,28000,28000,3242,0,3000,3995.973742998286,192.14080000529066,27580.578199995216,522.5521283158544
1785156856,40,,Aggregated,8.400000,0.000000,3000,4400,5100,6000,8200,11000,14000,16000,25000,28000,28000,3252,0,3000,3993.219203659412,192.14080000529066,27580.578199995216,521.970787207872
1785156857,40,,Aggregated,8.100000,0.000000,3000,4400,5100,6000,8200,11000,14000,16000,25000,28000,28000,3260,0,3000,3992.6945471473387,192.14080000529066,27580.578199995216,522.0668711656442
1785156858,40,,Aggregated,8.300000,0.000000,3000,4400,5100,6000,8200,11000,14000,16000,25000,28000,28000,3267,0,3000,3997.242907132036,192.14080000529066,27580.578199995216,522.3210896847261
1785156859,40,,Aggregated,8.400000,0.000000,3000,4400,5100,6000,8200,11000,14000,16000,25000,28000,28000,3275,0,3000,4000.4009439085303,192.14080000529066,27580.578199995216,522.4650381679389
1785156860,40,,Aggregated,8.500000,0.000000,3000,4400,5100,6000,8200,11000,14000,16000,25000,28000,28000,3284,0,3000,3999.7442623630845,192.14080000529066,27580.578199995216,521.8501827040195
1785156861,40,,Aggregated,8.200000,0.000000,3000,4400,5100,6000,8200,11000,14000,16000,25000,28000,28000,3292,0,3000,4001.575893286839,192.14080000529066,27580.578199995216,521.7928311057108
1785156862,40,,Aggregated,8.300000,0.000000,3000,4400,5100,6000,8200,11000,14000,16000,25000,28000,28000,3300,0,3000,4005.80514078796,192.14080000529066,27580.578199995216,521.9360606060606
1785156863,40,,Aggregated,8.200000,0.000000,3000,4400,5100,6000,8200,11000,14000,16000,25000,28000,28000,3310,0,3000,4002.780326978929,192.14080000529066,27580.578199995216,521.4712990936556
1785156864,40,,Aggregated,8.500000,0.000000,3000,4400,5100,6000,8200,11000,14000,16000,25000,28000,28000,3317,0,3000,4003.777422007936,192.14080000529066,27580.578199995216,521.3252939403075
1785156865,40,,Aggregated,8.600000,0.000000,3000,4400,5100,6000,8300,11000,14000,16000,25000,28000,28000,3326,0,3000,4012.521142423407,192.14080000529066,27580.578199995216,521.1695730607336
1785156866,40,,Aggregated,8.400000,0.000000,3000,4400,5100,6000,8300,11000,14000,16000,25000,28000,28000,3335,0,3000,4013.621315022608,192.14080000529066,27580.578199995216,521.4065967016492
1785156867,40,,Aggregated,8.400000,0.000000,3000,4400,5100,6000,8300,11000,14000,16000,25000,28000,28000,3342,0,3000,4016.2104604130295,192.14080000529066,27580.578199995216,520.8084979054458
1785156868,40,,Aggregated,8.400000,0.000000,3000,4400,5100,6000,8300,11000,14000,16000,25000,28000,28000,3352,0,3000,4014.4084087411493,192.14080000529066,27580.578199995216,520.5423627684964
1785156869,40,,Aggregated,8.200000,0.000000,3000,4400,5100,6000,8300,11000,14000,16000,25000,28000,28000,3363,0,3000,4021.238693131251,192.14080000529066,27580.578199995216,520.3202497769848
1785156870,40,,Aggregated,8.300000,0.000000,3000,4400,5100,6000,8300,11000,14000,16000,25000,28000,28000,3369,0,3000,4023.685918314159,192.14080000529066,27580.578199995216,520.2312258830514
1785156871,40,,Aggregated,8.600000,0.000000,3000,4400,5100,6000,8300,11000,14000,16000,25000,28000,28000,3377,0,3000,4026.4181564999167,192.14080000529066,27580.578199995216,519.9872668048564
1785156872,40,,Aggregated,8.700000,0.000000,3000,4400,5100,6000,8300,11000,14000,16000,25000,28000,28000,3387,0,3000,4029.3411494538723,192.14080000529066,27580.578199995216,520.1180986123413
1785156873,40,,Aggregated,8.300000,0.000000,3000,4400,5100,6000,8300,11000,14000,16000,25000,28000,28000,3395,0,3000,4030.4560635052385,192.14080000529066,27580.578199995216,520.2135493372607
1785156874,40,,Aggregated,8.300000,0.000000,3000,4400,5200,6000,8300,11000,14000,16000,25000,28000,28000,3403,0,3000,4034.74060890397,192.14080000529066,27580.578199995216,520.1639729650309
1785156875,40,,Aggregated,8.500000,0.000000,3000,4400,5200,6000,8300,11000,14000,16000,25000,28000,28000,3412,0,3000,4036.815987104393,192.14080000529066,27580.578199995216,520.2080890973036
1785156876,40,,Aggregated,8.500000,0.000000,3000,4400,5200,6000,8300,11000,14000,16000,25000,28000,28000,3424,0,3000,4034.6085766940055,192.14080000529066,27580.578199995216,519.7494158878504
1785156877,40,,Aggregated,8.600000,0.000000,3000,4400,5100,6000,8300,11000,14000,16000,25000,28000,28000,3432,0,3000,4031.856221387009,192.14080000529066,27580.578199995216,519.8927738927739
1785156878,40,,Aggregated,8.400000,0.000000,3000,4400,5200,6000,8300,11000,14000,16000,25000,28000,28000,3440,0,3000,4037.501831511652,192.14080000529066,27580.578199995216,519.6061046511628
1785156879,40,,Aggregated,9.000000,0.000000,3000,4400,5200,6100,8400,11000,14000,16000,25000,28000,28000,3450,0,3000,4040.985075942063,192.14080000529066,27580.578199995216,519.1159420289855
1785156880,40,,Aggregated,8.800000,0.000000,3000,4400,5200,6100,8400,11000,14000,16000,25000,28000,28000,3458,0,3000,4040.7962285425565,192.14080000529066,27580.578199995216,519.072006940428
1785156881,40,,Aggregated,8.600000,0.000000,3000,4400,5200,6100,8300,11000,14000,16000,25000,28000,28000,3465,0,3000,4040.1256517749594,192.14080000529066,27580.578199995216,519.1252525252526
1785156882,40,,Aggregated,8.500000,0.000000,3000,4400,5200,6100,8400,11000,14000,16000,25000,28000,28000,3479,0,3000,4044.7322956022094,192.14080000529066,27580.578199995216,518.476861167002
1785156883,40,,Aggregated,8.900000,0.000000,3000,4400,5200,6100,8400,11000,14000,16000,25000,28000,28000,3489,0,3000,4045.8305245916213,192.14080000529066,27580.578199995216,518.2341645170536
1785156884,40,,Aggregated,8.900000,0.000000,3000,4400,5200,6100,8400,11000,14000,16000,25000,28000,28000,3498,0,3000,4041.0258028873905,192.14080000529066,27580.578199995216,518.043453401944
1785156885,40,,Aggregated,9.300000,0.000000,3000,4400,5200,6100,8400,11000,14000,16000,25000,28000,28000,3506,0,3000,4040.666560667462,192.14080000529066,27580.578199995216,518.188248716486
1785156886,40,,Aggregated,9.300000,0.000000,3000,4400,5200,6100,8400,11000,14000,16000,25000,28000,28000,3516,0,3000,4040.062507764536,192.14080000529066,27580.578199995216,517.9482366325369
1785156887,40,,Aggregated,9.400000,0.000000,3000,4400,5200,6100,8400,11000,14000,16000,25000,28000,28000,3526,0,3000,4043.9210219228507,192.14080000529066,27580.578199995216,517.7121384004538
1785156888,40,,Aggregated,9.500000,0.000000,3000,4400,5200,6100,8400,11000,14000,16000,25000,28000,28000,3533,0,3000,4040.9766802151235,192.14080000529066,27580.578199995216,517.7707330880272
1785156889,40,,Aggregated,9.200000,0.000000,3000,4400,5200,6100,8400,11000,14000,16000,25000,28000,28000,3540,0,3000,4040.3236273728976,192.14080000529066,27580.578199995216,518.0149717514124
1785156890,40,,Aggregated,9.200000,0.000000,3000,4400,5200,6100,8400,11000,14000,16000,25000,28000,28000,3552,0,3000,4041.39162021394,192.14080000529066,27580.578199995216,517.5793918918919
1785156891,40,,Aggregated,9.200000,0.000000,3000,4400,5200,6000,8400,11000,14000,16000,25000,28000,28000,3560,0,3000,4037.8046698033445,192.14080000529066,27580.578199995216,516.9876404494382
1785156892,40,,Aggregated,9.300000,0.000000,3000,4400,5200,6100,8500,11000,14000,16000,25000,28000,28000,3570,0,3000,4040.128842605028,192.14080000529066,27580.578199995216,516.9389355742297
1785156893,40,,Aggregated,9.500000,0.000000,3000,4400,5200,6000,8500,11000,14000,16000,25000,28000,28000,3580,0,3000,4037.8350740781884,192.14080000529066,27580.578199995216,516.6597765363128
1785156894,40,,Aggregated,9.400000,0.000000,3000,4400,5200,6000,8500,11000,14000,16000,25000,28000,28000,3588,0,3000,4038.7709409698973,192.14080000529066,27580.578199995216,516.8068561872909
1785156895,40,,Aggregated,8.900000,0.000000,3000,4400,5200,6100,8500,11000,14000,16000,25000,28000,28000,3595,0,3000,4045.38200267038,192.14080000529066,27580.578199995216,516.9988873435327
1785156896,40,,Aggregated,8.900000,0.000000,3000,4400,5200,6100,8500,11000,14000,16000,25000,28000,28000,3604,0,3000,4049.3466640122124,192.14080000529066,27580.578199995216,516.8623751387347
1785156897,40,,Aggregated,8.800000,0.000000,3000,4400,5200,6100,8500,11000,14000,16000,25000,28000,28000,3615,0,3000,4048.8418117565598,192.14080000529066,27580.578199995216,516.536929460581
1785156898,40,,Aggregated,8.700000,0.000000,3000,4500,5200,6100,8500,11000,14000,16000,25000,28000,28000,3624,0,3000,4052.865465093823,192.14080000529066,27580.578199995216,516.5378035320089
1785156899,40,,Aggregated,8.600000,0.000000,3100,4500,5200,6100,8500,11000,14000,16000,25000,28000,28000,3632,0,3100,4062.133087968059,192.14080000529066,27580.578199995216,516.6373898678414
1785156900,40,,Aggregated,9.000000,0.000000,3100,4500,5200,6100,8500,11000,14000,16000,25000,28000,28000,3640,0,3100,4060.347665549432,192.14080000529066,27580.578199995216,516.3230769230769
1785156901,40,,Aggregated,9.200000,0.000000,3100,4500,5200,6100,8500,11000,14000,16000,25000,28000,28000,3648,0,3100,4062.132057236826,192.14080000529066,27580.578199995216,516.4583333333334
1785156902,40,,Aggregated,8.900000,0.000000,3100,4500,5200,6100,8500,11000,14000,16000,25000,28000,28000,3656,0,3100,4062.6635521881435,192.14080000529066,27580.578199995216,516.5943654266958
1785156903,40,,Aggregated,8.600000,0.000000,3100,4500,5200,6100,8500,11000,14000,16000,25000,28000,28000,3664,0,3100,4062.554735971567,192.14080000529066,27580.578199995216,516.3725436681223
1785156904,40,,Aggregated,8.700000,0.000000,3100,4500,5200,6100,8500,11000,14000,16000,25000,28000,28000,3672,0,3100,4063.06900574614,192.14080000529066,27580.578199995216,515.8777233115468
1785156905,40,,Aggregated,8.400000,0.000000,3100,4500,5300,6100,8500,11000,14000,16000,25000,28000,28000,3680,0,3100,4064.6007195379943,192.14080000529066,27580.578199995216,516.0127717391305
1785156906,40,,Aggregated,8.400000,0.000000,3100,4500,5200,6100,8500,11000,14000,16000,25000,28000,28000,3689,0,3100,4064.9192505827327,192.14080000529066,27580.578199995216,515.8777446462456
1785156907,40,,Aggregated,8.300000,0.000000,3100,4500,5300,6100,8500,11000,14000,16000,25000,28000,28000,3699,0,3100,4073.7998131386025,192.14080000529066,27580.578199995216,516.1781562584482
1785156908,40,,Aggregated,8.400000,0.000000,3100,4500,5300,6100,8500,11000,14000,16000,25000,28000,28000,3707,0,3100,4073.9321339087305,192.14080000529066,27580.578199995216,516.1338009171837
1785156909,40,,Aggregated,8.400000,0.000000,3100,4500,5300,6100,8500,11000,14000,16000,25000,28000,28000,3715,0,3100,4076.2154853296456,192.14080000529066,27580.578199995216,515.6939434724092
1785156910,40,,Aggregated,8.200000,0.000000,3100,4500,5300,6100,8500,11000,14000,16000,25000,28000,28000,3724,0,3100,4077.129082357545,192.14080000529066,27580.578199995216,515.5655209452202
1785156911,40,,Aggregated,8.100000,0.000000,3100,4500,5300,6100,8500,11000,14000,16000,25000,28000,28000,3736,0,3100,4082.5361104656154,192.14080000529066,27580.578199995216,515.1611349036402
1785156912,40,,Aggregated,8.500000,0.000000,3100,4500,5300,6100,8500,11000,14000,16000,25000,28000,28000,3745,0,3100,4080.834842403067,192.14080000529066,27580.578199995216,515.037650200267
1785156913,40,,Aggregated,8.400000,0.000000,3100,4500,5300,6100,8500,11000,14000,16000,25000,28000,28000,3754,0,3100,4079.6926207244155,192.14080000529066,27580.578199995216,514.913958444326
1785156914,40,,Aggregated,8.600000,0.000000,3100,4500,5300,6100,8500,11000,14000,16000,25000,28000,28000,3764,0,3100,4078.657346758633,192.14080000529066,27580.578199995216,514.3041976620616
1785156915,40,,Aggregated,8.900000,0.000000,3100,4500,5300,6100,8500,11000,14000,16000,25000,28000,28000,3773,0,3100,4080.716405141658,192.14080000529066,27580.578199995216,514.1359660747415
1785156916,40,,Aggregated,8.900000,0.000000,3100,4500,5300,6100,8500,11000,14000,16000,25000,28000,28000,3783,0,3100,4079.7786202483694,192.14080000529066,27580.578199995216,513.9273063706054
1785156917,40,,Aggregated,9.200000,0.000000,3100,4500,5300,6100,8500,11000,14000,16000,25000,28000,28000,3794,0,3100,4080.5943159461085,192.14080000529066,27580.578199995216,513.7994201370585
1785156918,40,,Aggregated,9.200000,0.000000,3100,4500,5300,6100,8500,11000,14000,16000,25000,28000,28000,3800,0,3100,4078.691935289355,192.14080000529066,27580.578199995216,513.7313157894737
1785156919,40,,Aggregated,9.500000,0.000000,3100,4500,5300,6100,8500,11000,14000,16000,25000,28000,28000,3809,0,3100,4081.98376728789,192.14080000529066,27580.578199995216,513.9566815437123
1785156920,40,,Aggregated,9.400000,0.000000,3100,4500,5300,6100,8500,11000,14000,16000,25000,28000,28000,3819,0,3100,4082.7423448807444,192.14080000529066,27580.578199995216,513.2296412673475
1785156921,40,,Aggregated,9.300000,0.000000,3100,4500,5300,6100,8500,11000,14000,16000,25000,28000,28000,3829,0,3100,4081.3432594670953,192.14080000529066,27580.578199995216,512.8480020893184
1785156922,40,,Aggregated,9.200000,0.000000,3100,4500,5300,6100,8500,11000,14000,16000,25000,28000,28000,3838,0,3100,4081.7777402030956,192.14080000529066,27580.578199995216,512.4702970297029
1785156923,40,,Aggregated,9.400000,0.000000,3100,4500,5300,6100,8500,11000,14000,16000,25000,28000,28000,3843,0,3100,4082.6145751234776,192.14080000529066,27580.578199995216,512.28024980484
1785156924,40,,Aggregated,9.300000,0.000000,3100,4500,5300,6100,8500,11000,14000,16000,25000,28000,28000,3854,0,3100,4084.185733679191,192.14080000529066,27580.578199995216,511.7317073170732
1785156925,40,,Aggregated,9.100000,0.000000,3100,4500,5300,6100,8500,11000,14000,16000,25000,28000,28000,3862,0,3100,4085.0148069652455,192.14080000529066,27580.578199995216,511.87856033143447
1785156926,40,,Aggregated,8.900000,0.000000,3100,4500,5300,6100,8500,11000,14000,16000,25000,28000,28000,3869,0,3100,4084.316752235687,192.14080000529066,27580.578199995216,512.1113982941329
1785156927,40,,Aggregated,8.900000,0.000000,3100,4500,5300,6100,8500,11000,14000,16000,25000,28000,28000,3877,0,3100,4082.6806915398324,192.14080000529066,27580.578199995216,512.2556100077379
1785156928,40,,Aggregated,8.900000,0.000000,3100,4500,5300,6100,8500,11000,14000,16000,25000,28000,28000,3887,0,3100,4082.920581888334,192.14080000529066,27580.578199995216,512.2256238744533
1785156929,40,,Aggregated,8.500000,0.000000,3100,4500,5300,6100,8500,11000,14000,16000,25000,28000,28000,3897,0,3100,4085.4527913779457,192.14080000529066,27580.578199995216,512.1952784192969
1785156930,40,,Aggregated,8.400000,0.000000,3100,4500,5300,6100,8500,11000,14000,16000,25000,28000,28000,3905,0,3100,4088.5444069142013,192.14080000529066,27580.578199995216,512.5070422535211
1785156931,40,,Aggregated,8.600000,0.000000,3100,4500,5300,6100,8500,11000,14000,16000,25000,28000,28000,3915,0,3100,4090.495484750951,192.14080000529066,27580.578199995216,512.6416347381864
1785156932,40,,Aggregated,8.700000,0.000000,3100,4500,5300,6100,8500,11000,14000,16000,25000,28000,28000,3921,0,3100,4091.7997234888862,192.14080000529066,27580.578199995216,512.6202499362407
1785156933,40,,Aggregated,8.600000,0.000000,3100,4500,5300,6100,8500,11000,14000,16000,25000,28000,28000,3928,0,3100,4087.984090809543,192.14080000529066,27580.578199995216,513.014765784114
1785156934,40,,Aggregated,8.500000,0.000000,3100,4500,5300,6100,8500,11000,14000,16000,25000,28000,28000,3939,0,3100,4091.3528019294195,192.14080000529066,27580.578199995216,512.8504696623509
1785156935,40,,Aggregated,8.300000,0.000000,3100,4500,5300,6100,8500,11000,14000,16000,25000,28000,28000,3949,0,3100,4096.662990022798,192.14080000529066,27580.578199995216,512.4413775639403
1785156936,40,,Aggregated,8.400000,0.000000,3100,4500,5300,6100,8500,11000,14000,16000,25000,28000,28000,3958,0,3100,4098.300707933312,192.14080000529066,27580.578199995216,512.1634663971703
1785156937,40,,Aggregated,8.500000,0.000000,3100,4500,5300,6100,8500,11000,14000,16000,25000,28000,28000,3966,0,3100,4096.76746868384,192.14080000529066,27580.578199995216,511.8883005547151
1785156939,40,,Aggregated,8.600000,0.000000,3100,4500,5300,6100,8500,11000,14000,16000,25000,28000,28000,3974,0,3100,4103.636279919493,192.14080000529066,27580.578199995216,512.1972823351787
1785156940,40,,Aggregated,8.800000,0.000000,3100,4500,5300,6100,8500,11000,14000,16000,25000,28000,28000,3985,0,3100,4100.329804466746,192.14080000529066,27580.578199995216,511.74830614805524
1785156941,40,,Aggregated,8.800000,0.000000,3100,4500,5300,6100,8500,11000,14000,16000,25000,28000,28000,3993,0,3100,4101.869851189574,192.14080000529066,27580.578199995216,511.8893062860005
1785156942,40,,Aggregated,8.700000,0.000000,3100,4500,5300,6100,8500,11000,14000,16000,23000,28000,28000,4002,0,3100,4098.850699700137,192.14080000529066,27580.578199995216,512.1086956521739
1785156943,40,,Aggregated,8.700000,0.000000,3100,4500,5300,6100,8500,11000,14000,16000,23000,28000,28000,4012,0,3100,4096.389010343937,192.14080000529066,27580.578199995216,511.75049850448653
1785156944,40,,Aggregated,8.700000,0.000000,3100,4500,5300,6100,8500,11000,14000,16000,23000,28000,28000,4021,0,3100,4099.341060009918,192.14080000529066,27580.578199995216,511.60059686645116
1785156945,40,,Aggregated,8.700000,0.000000,3100,4500,5300,6100,8500,11000,14000,16000,23000,28000,28000,4029,0,3100,4103.709575502558,192.14080000529066,27580.578199995216,511.9059319930504
1785156946,40,,Aggregated,9.300000,0.000000,3100,4500,5300,6100,8500,11000,14000,16000,23000,28000,28000,4037,0,3100,4103.497799430196,192.14080000529066,27580.578199995216,512.046073817191
1785156947,40,,Aggregated,9.000000,0.000000,3100,4500,5300,6100,8600,11000,14000,16000,23000,28000,28000,4045,0,3100,4106.365842719341,192.14080000529066,27580.578199995216,512.0205191594562
1785156948,40,,Aggregated,8.700000,0.000000,3100,4500,5300,6100,8600,11000,14000,16000,23000,28000,28000,4054,0,3100,4110.633891761177,192.14080000529066,27580.578199995216,512.2345831277751
1785156949,40,,Aggregated,8.600000,0.000000,3100,4500,5300,6100,8500,11000,14000,16000,23000,28000,28000,4062,0,3100,4110.232918094477,192.14080000529066,27580.578199995216,512.2090103397342
1785156950,40,,Aggregated,8.700000,0.000000,3100,4500,5300,6100,8500,11000,14000,16000,23000,28000,28000,4071,0,3100,4108.873253328348,192.14080000529066,27580.578199995216,511.77548513878656
1785156951,40,,Aggregated,8.700000,0.000000,3100,4500,5400,6100,8600,11000,14000,16000,23000,28000,28000,4081,0,3100,4113.399466895317,192.14080000529066,27580.578199995216,511.3729478069101
1785156952,40,,Aggregated,8.700000,0.000000,3100,4500,5400,6100,8600,11000,14000,16000,23000,28000,28000,4088,0,3100,4111.084356678037,192.14080000529066,27580.578199995216,511.2747064579256
1785156953,40,,Aggregated,8.600000,0.000000,3100,4500,5400,6100,8600,11000,14000,16000,23000,28000,28000,4097,0,3100,4111.149154063887,192.14080000529066,27580.578199995216,510.8459848669758
1785156954,40,,Aggregated,8.600000,0.000000,3100,4500,5400,6100,8600,11000,14000,16000,23000,28000,28000,4105,0,3100,4110.42716528619,192.14080000529066,27580.578199995216,510.9870889159562
1785156955,40,,Aggregated,8.600000,0.000000,3100,4500,5400,6100,8600,11000,14000,16000,23000,28000,28000,4114,0,3100,4113.248546280934,192.14080000529066,27580.578199995216,511.045211473019
1785156956,40,,Aggregated,8.300000,0.000000,3100,4500,5400,6100,8600,11000,14000,16000,23000,28000,28000,4123,0,3100,4114.633425733622,192.14080000529066,27580.578199995216,511.1025951976716
1785156957,40,,Aggregated,8.500000,0.000000,3100,4500,5400,6100,8600,11000,14000,16000,23000,28000,28000,4130,0,3100,4113.525313849833,192.14080000529066,27580.578199995216,511.481598062954
1785156958,40,,Aggregated,8.500000,0.000000,3100,4500,5400,6100,8500,11000,14000,16000,23000,28000,28000,4140,0,3100,4111.437940386445,192.14080000529066,27580.578199995216,511.4135265700483
1785156959,40,,Aggregated,8.500000,0.000000,3100,4500,5400,6100,8500,11000,14000,16000,23000,28000,28000,4149,0,3100,4111.493243022367,192.14080000529066,27580.578199995216,511.58712942877804
1785156960,40,,Aggregated,8.500000,0.000000,3100,4500,5400,6100,8500,11000,14000,16000,23000,28000,28000,4160,0,3100,4112.956581778829,192.14080000529066,27580.578199995216,511.3170673076923
1785156961,40,,Aggregated,8.600000,0.000000,3100,4500,5400,6100,8600,11000,14000,16000,23000,28000,28000,4169,0,3100,4115.872595946252,192.14080000529066,27580.578199995216,511.1676661069801
1785156962,40,,Aggregated,8.800000,0.000000,3100,4500,5400,6100,8600,11000,14000,16000,23000,28000,28000,4178,0,3100,4118.199101220669,192.14080000529066,27580.578199995216,511.21421732886546
1785156963,40,,Aggregated,8.800000,0.000000,3100,4500,5400,6100,8600,11000,14000,16000,23000,28000,28000,4187,0,3100,4119.17153833292,192.14080000529066,27580.578199995216,511.1043706711249
1785156964,40,,Aggregated,8.800000,0.000000,3100,4500,5400,6100,8600,11000,14000,16000,23000,28000,28000,4196,0,3100,4117.402825571964,192.14080000529066,27580.578199995216,510.8355576739752
1785156965,40,,Aggregated,8.800000,0.000000,3100,4500,5400,6100,8600,11000,14000,16000,23000,28000,28000,4201,0,3100,4123.224219400127,192.14080000529066,27580.578199995216,510.74029992858846
1785156966,40,,Aggregated,8.900000,0.000000,3100,4500,5400,6100,8600,11000,14000,16000,23000,28000,28000,4210,0,3100,4124.443625035587,192.14080000529066,27580.578199995216,510.2389548693587
1785156967,40,,Aggregated,8.700000,0.000000,3100,4500,5400,6100,8600,11000,14000,16000,23000,28000,28000,4222,0,3100,4125.841405281812,192.14080000529066,27580.578199995216,510.1996684036002
1785156968,40,,Aggregated,8.800000,0.000000,3100,4500,5400,6100,8600,11000,14000,16000,25000,28000,28000,4232,0,3100,4130.189770297668,192.14080000529066,27580.578199995216,510.1649338374291
1785156969,40,,Aggregated,9.000000,0.000000,3100,4500,5400,6100,8600,11000,14000,16000,25000,28000,28000,4238,0,3100,4132.495400684204,192.14080000529066,27580.578199995216,510.1061821613969
1785156970,40,,Aggregated,9.100000,0.000000,3100,4500,5400,6100,8600,11000,14000,16000,25000,28000,28000,4247,0,3100,4132.806958558911,192.14080000529066,27580.578199995216,509.9623263480104
1785156971,40,,Aggregated,9.000000,0.000000,3100,4500,5400,6100,8600,11000,14000,16000,25000,28000,28000,4256,0,3100,4130.215198707645,192.14080000529066,27580.578199995216,509.70888157894734
1785156972,40,,Aggregated,8.700000,0.000000,3100,4500,5400,6100,8600,11000,14000,16000,25000,28000,28000,4264,0,3100,4133.634712781347,192.14080000529066,27580.578199995216,510.15431519699814
1785156973,40,,Aggregated,8.600000,0.000000,3100,4500,5400,6100,8600,11000,14000,16000,25000,28000,28000,4272,0,3100,4136.7701162218455,192.14080000529066,27580.578199995216,510.1324906367041
1785156974,40,,Aggregated,8.500000,0.000000,3100,4500,5400,6100,8600,11000,14000,16000,25000,28000,28000,4276,0,3100,4137.883609073843,192.14080000529066,27580.578199995216,510.43054256314315
1785156975,40,,Aggregated,8.300000,0.000000,3100,4500,5400,6100,8600,11000,14000,16000,25000,28000,28000,4281,0,3100,4137.215907614993,192.14080000529066,27580.578199995216,510.3024994160243
1785156976,40,,Aggregated,8.200000,0.000000,3100,4500,5400,6100,8600,11000,14000,16000,25000,28000,28000,4289,0,3100,4136.360335882424,192.14080000529066,27580.578199995216,510.04826299836793
1785156977,40,,Aggregated,7.900000,0.000000,3100,4500,5400,6100,8600,11000,14000,16000,25000,28000,28000,4297,0,3100,4139.6489792412685,192.14080000529066,27580.578199995216,510.1424249476379
1785156978,40,,Aggregated,7.700000,0.000000,3100,4500,5400,6200,8600,11000,14000,16000,25000,28000,28000,4309,0,3100,4142.115628289547,192.14080000529066,27580.578199995216,509.9610118356927
1785156979,40,,Aggregated,7.600000,0.000000,3100,4500,5400,6100,8600,11000,14000,16000,25000,28000,28000,4318,0,3100,4138.812929851693,192.14080000529066,27580.578199995216,509.67345993515517
1785156980,40,,Aggregated,7.600000,0.000000,3100,4500,5400,6200,8600,11000,14000,16000,25000,28000,28000,4329,0,3100,4141.866619126734,192.14080000529066,27580.578199995216,509.42018942018944
1785156981,40,,Aggregated,7.700000,0.000000,3100,4500,5400,6100,8600,11000,14000,16000,25000,28000,28000,4336,0,3100,4140.274970802501,192.14080000529066,27580.578199995216,509.2910516605166
1785156982,40,,Aggregated,8.000000,0.000000,3100,4500,5400,6100,8600,11000,14000,16000,25000,28000,28000,4344,0,3100,4142.2281723295555,192.14080000529066,27580.578199995216,509.27348066298345
1785156983,40,,Aggregated,8.000000,0.000000,3100,4500,5400,6100,8600,11000,14000,16000,25000,28000,28000,4353,0,3100,4143.599072846231,192.14080000529066,27580.578199995216,509.2903744543993
1785156984,40,,Aggregated,8.100000,0.000000,3100,4500,5500,6100,8600,11000,14000,16000,25000,28000,28000,4361,0,3100,4142.456993097859,192.14080000529066,27580.578199995216,509.2728731942215
1785156985,40,,Aggregated,8.200000,0.000000,3100,4500,5500,6100,8600,11000,14000,16000,25000,28000,28000,4370,0,3100,4144.987117528546,192.14080000529066,27580.578199995216,508.83569794050345
1785156986,40,,Aggregated,8.300000,0.000000,3100,4500,5500,6100,8600,11000,14000,16000,25000,28000,28000,4377,0,3100,4142.501622983734,192.14080000529066,27580.578199995216,508.8962759881197
1785156987,40,,Aggregated,8.700000,0.000000,3100,4500,5500,6100,8600,11000,14000,16000,25000,28000,28000,4385,0,3100,4143.457204994248,192.14080000529066,27580.578199995216,508.88095781071837
1785156988,40,,Aggregated,8.800000,0.000000,3100,4500,5500,6100,8600,11000,15000,17000,25000,28000,28000,4394,0,3100,4148.297751297188,192.14080000529066,27580.578199995216,508.33568502503414
1785156989,40,,Aggregated,8.800000,0.000000,3100,4500,5500,6100,8600,11000,14000,17000,25000,28000,28000,4408,0,3100,4149.4621814200755,192.14080000529066,27580.578199995216,507.81760435571687
1785156990,40,,Aggregated,8.500000,0.000000,3100,4500,5500,6100,8600,11000,14000,17000,25000,28000,28000,4416,0,3100,4148.284108061523,192.14080000529066,27580.578199995216,507.8032155797101
1785156991,40,,Aggregated,8.800000,0.000000,3100,4500,5500,6100,8600,11000,14000,17000,25000,28000,28000,4427,0,3100,4148.077136141749,192.14080000529066,27580.578199995216,507.7054438671787
1785156992,40,,Aggregated,8.900000,0.000000,3100,4500,5500,6100,8600,11000,15000,17000,26000,29000,29000,4439,0,3100,4158.474411579066,192.14080000529066,29085.478499997407,507.53390403243975
1785156993,40,,Aggregated,8.800000,0.000000,3100,4500,5500,6100,8600,11000,15000,17000,26000,29000,29000,4446,0,3100,4155.111282456027,192.14080000529066,29085.478499997407,507.2989203778678
1785156994,40,,Aggregated,9.300000,0.000000,3100,4500,5500,6100,8600,11000,15000,17000,26000,29000,29000,4457,0,3100,4156.490039196646,192.14080000529066,29085.478499997407,506.86784832847206
1785156995,40,,Aggregated,9.200000,0.000000,3100,4500,5500,6100,8600,11000,15000,17000,26000,29000,29000,4466,0,3100,4153.187464061639,192.14080000529066,29085.478499997407,506.77720555306763
1785156996,40,,Aggregated,9.400000,0.000000,3100,4500,5500,6100,8600,11000,15000,17000,26000,29000,29000,4478,0,3100,4151.6927138006395,192.14080000529066,29085.478499997407,506.46047342563645
1785156997,40,,Aggregated,9.500000,0.000000,3100,4500,5500,6100,8600,11000,15000,17000,26000,29000,29000,4487,0,3100,4151.261880454491,192.14080000529066,29085.478499997407,506.37129485179406
1785156998,40,,Aggregated,9.900000,0.000000,3100,4500,5400,6100,8600,11000,15000,17000,26000,29000,29000,4494,0,3100,4150.214799732824,192.14080000529066,29085.478499997407,505.9181130396084
1785156999,40,,Aggregated,10.100000,0.000000,3100,4500,5500,6100,8600,11000,15000,17000,26000,29000,29000,4502,0,3100,4155.918042358791,192.14080000529066,29085.478499997407,506.05442025766325
1785157000,40,,Aggregated,9.900000,0.000000,3100,4500,5500,6100,8600,11000,15000,17000,27000,29000,29000,4514,0,3100,4161.448433384861,192.14080000529066,29085.478499997407,505.5968099246788
1785157001,40,,Aggregated,9.500000,0.000000,3100,4500,5500,6100,8600,11000,15000,17000,27000,29000,29000,4523,0,3100,4160.567662237265,192.14080000529066,29085.478499997407,505.61728940968385
1785157002,40,,Aggregated,9.400000,0.000000,3100,4500,5500,6100,8600,11000,15000,17000,27000,29000,29000,4531,0,3100,4158.861253740718,192.14080000529066,29085.478499997407,505.7541381593467
1785157003,40,,Aggregated,9.800000,0.000000,3100,4500,5500,6100,8600,11000,15000,17000,27000,29000,29000,4541,0,3100,4160.581250164968,192.14080000529066,29085.478499997407,505.3047786831095
1785157004,40,,Aggregated,9.200000,0.000000,3100,4500,5500,6100,8600,11000,15000,17000,27000,29000,29000,4551,0,3100,4157.614205383211,192.14080000529066,29085.478499997407,505.0026367831246
1785157005,40,,Aggregated,9.300000,0.000000,3100,4500,5400,6100,8600,11000,15000,17000,27000,29000,29000,4558,0,3100,4156.454239732141,192.14080000529066,29085.478499997407,505.06559894690656
1785157006,40,,Aggregated,9.400000,0.000000,3100,4500,5500,6100,8600,11000,15000,17000,27000,29000,29000,4570,0,3100,4157.800334332409,192.14080000529066,29085.478499997407,504.9065645514223
1785157007,40,,Aggregated,9.300000,0.000000,3100,4500,5400,6100,8600,11000,15000,17000,27000,29000,29000,4577,0,3100,4157.437211644985,192.14080000529066,29085.478499997407,505.2595586628796
1785157008,40,,Aggregated,9.200000,0.000000,3100,4500,5500,6200,8600,11000,15000,17000,27000,29000,29000,4585,0,3100,4161.483921024868,192.14080000529066,29085.478499997407,505.2135223555071
1785157009,40,,Aggregated,9.000000,0.000000,3100,4500,5500,6200,8600,11000,15000,17000,27000,29000,29000,4591,0,3100,4161.318247048351,192.14080000529066,29085.478499997407,505.312785885428
1785157010,40,,Aggregated,9.100000,0.000000,3100,4500,5500,6200,8600,11000,14000,17000,27000,29000,29000,4601,0,3100,4163.024012692656,192.14080000529066,29085.478499997407,505.15931319278417
1785157011,40,,Aggregated,9.100000,0.000000,3100,4500,5500,6200,8700,11000,15000,17000,27000,29000,29000,4608,0,3100,4168.842666449419,192.14080000529066,29085.478499997407,505.3671875
1785157012,40,,Aggregated,8.700000,0.000000,3100,4500,5500,6200,8700,11000,15000,17000,27000,29000,29000,4616,0,3100,4168.628653097692,192.14080000529066,29085.478499997407,505.35636915077987
1785157013,40,,Aggregated,8.500000,0.000000,3100,4500,5500,6200,8700,11000,15000,17000,27000,29000,29000,4627,0,3100,4169.931184936022,192.14080000529066,29085.478499997407,505.0942295223687
1785157014,40,,Aggregated,8.400000,0.000000,3100,4500,5500,6200,8700,11000,15000,17000,27000,29000,29000,4635,0,3100,4167.037320388123,192.14080000529066,29085.478499997407,505.04617044228695
1785157015,40,,Aggregated,8.400000,0.000000,3100,4500,5500,6200,8600,11000,15000,17000,27000,29000,29000,4647,0,3100,4167.0981036580515,192.14080000529066,29085.478499997407,504.43017000215195
1785157016,40,,Aggregated,8.400000,0.000000,3100,4500,5500,6200,8600,11000,15000,17000,27000,29000,29000,4653,0,3100,4165.999047775403,192.14080000529066,29085.478499997407,504.56608639587364
1785157017,40,,Aggregated,8.500000,0.000000,3100,4500,5500,6200,8600,11000,15000,17000,27000,29000,29000,4662,0,3100,4162.697465958584,192.14080000529066,29085.478499997407,504.486700986701
1785157018,40,,Aggregated,8.400000,0.000000,3100,4500,5500,6200,8600,11000,15000,17000,27000,29000,29000,4671,0,3100,4165.032379854193,192.14080000529066,29085.478499997407,504.40655105973025
1785157019,40,,Aggregated,8.100000,0.000000,3100,4500,5500,6200,8700,11000,15000,17000,27000,29000,29000,4681,0,3100,4166.826117816462,192.14080000529066,29085.478499997407,504.25678273873103
1785157020,40,,Aggregated,8.500000,0.000000,3100,4500,5500,6200,8700,11000,15000,17000,27000,29000,29000,4692,0,3100,4169.419239194121,192.14080000529066,29085.478499997407,504.2766410912191
1785157021,40,,Aggregated,8.800000,0.000000,3100,4500,5500,6200,8700,11000,14000,17000,27000,29000,29000,4704,0,3100,4169.8225087157125,192.14080000529066,29085.478499997407,503.8392857142857
1785157022,40,,Aggregated,8.900000,0.000000,3100,4500,5500,6200,8700,11000,14000,17000,27000,29000,29000,4710,0,3100,4168.984592462565,192.14080000529066,29085.478499997407,503.79532908704886
1785157023,40,,Aggregated,9.200000,0.000000,3100,4500,5500,6200,8700,11000,14000,17000,27000,29000,29000,4719,0,3100,4171.617807840382,192.14080000529066,29085.478499997407,503.71201525746983
1785157024,40,,Aggregated,9.400000,0.000000,3100,4500,5500,6200,8700,11000,14000,17000,27000,29000,29000,4726,0,3100,4171.181413351404,192.14080000529066,29085.478499997407,503.4557765552264
1785157025,40,,Aggregated,9.300000,0.000000,3100,4500,5500,6200,8700,11000,14000,17000,27000,29000,29000,4737,0,3100,4171.442518576896,192.14080000529066,29085.478499997407,503.097107874182
1785157026,40,,Aggregated,9.100000,0.000000,3100,4500,5500,6200,8700,11000,15000,17000,27000,29000,29000,4746,0,3100,4175.416282300621,192.14080000529066,29085.478499997407,503.15233881163084
1785157027,40,,Aggregated,8.800000,0.000000,3100,4500,5500,6200,8700,11000,14000,17000,27000,29000,29000,4751,0,3100,4174.909203935757,192.14080000529066,29085.478499997407,503.1427067985687
1785157028,40,,Aggregated,9.100000,0.000000,3100,4500,5500,6200,8700,11000,14000,17000,27000,29000,29000,4758,0,3100,4173.4636910464105,192.14080000529066,29085.478499997407,502.95859604876
1785157029,40,,Aggregated,9.200000,0.000000,3100,4500,5500,6200,8700,11000,14000,17000,27000,29000,29000,4768,0,3100,4177.6451993076425,192.14080000529066,29085.478499997407,502.8089345637584
1785157030,40,,Aggregated,8.800000,0.000000,3100,4500,5500,6200,8700,11000,14000,17000,27000,29000,29000,4777,0,3100,4180.285159158246,192.14080000529066,29085.478499997407,502.87125811178566
1785157031,40,,Aggregated,8.400000,0.000000,3100,4500,5500,6200,8700,11000,14000,17000,27000,29000,29000,4783,0,3100,4179.958668241467,192.14080000529066,29085.478499997407,502.8670290612586
1785157032,40,,Aggregated,8.600000,0.000000,3100,4500,5500,6200,8700,11000,15000,17000,27000,29000,29000,4793,0,3100,4182.084441560411,192.14080000529066,29085.478499997407,502.9634884206134
1785157033,40,,Aggregated,8.300000,0.000000,3100,4500,5500,6200,8700,11000,15000,17000,27000,29000,29000,4800,0,3100,4183.827372833131,192.14080000529066,29085.478499997407,503.02729166666666
1785157034,40,,Aggregated,8.000000,0.000000,3100,4500,5500,6200,8700,11000,14000,17000,27000,29000,29000,4807,0,3100,4183.178037174759,192.14080000529066,29085.478499997407,503.05700020802993
1785157035,40,,Aggregated,8.200000,0.000000,3100,4500,5500,6200,8800,11000,14000,17000,27000,29000,29000,4816,0,3100,4187.438715593647,192.14080000529066,29085.478499997407,502.81063122923587
1785157036,40,,Aggregated,8.000000,0.000000,3100,4500,5500,6200,8700,11000,14000,17000,27000,29000,29000,4828,0,3100,4187.497131834914,192.14080000529066,29085.478499997407,502.4583678541839
1785157037,40,,Aggregated,7.900000,0.000000,3100,4500,5500,6200,8700,11000,14000,17000,27000,29000,29000,4837,0,3100,4185.987463551557,192.14080000529066,29085.478499997407,502.34918337812695
1785157038,40,,Aggregated,7.700000,0.000000,3100,4500,5500,6200,8700,11000,14000,17000,27000,29000,29000,4847,0,3100,4186.91730406415,192.14080000529066,29085.478499997407,502.07097173509385
1785157039,40,,Aggregated,8.200000,0.000000,3100,4500,5500,6200,8700,11000,14000,17000,27000,29000,29000,4858,0,3100,4184.74680321097,192.14080000529066,29085.478499997407,501.55681350349937
1785157040,40,,Aggregated,8.500000,0.000000,3100,4500,5500,6200,8700,11000,14000,17000,27000,29000,29000,4867,0,3100,4184.725037209523,192.14080000529066,29085.478499997407,501.31292377234433
1785157041,40,,Aggregated,8.900000,0.000000,3100,4500,5500,6200,8700,11000,14000,17000,27000,29000,29000,4878,0,3100,4181.300012422848,192.14080000529066,29085.478499997407,500.6693316933169
1785157042,40,,Aggregated,8.900000,0.000000,3100,4500,5500,6200,8700,11000,15000,17000,27000,29000,29000,4888,0,3100,4184.401246501377,192.14080000529066,29085.478499997407,500.666325695581
1785157043,40,,Aggregated,9.000000,0.000000,3100,4500,5500,6200,8700,11000,15000,17000,27000,29000,29000,4896,0,3100,4187.014293259562,192.14080000529066,29085.478499997407,500.8002450980392
1785157044,40,,Aggregated,9.500000,0.000000,3100,4500,5500,6200,8700,11000,14000,17000,27000,29000,29000,4904,0,3100,4190.17179176159,192.14080000529066,29085.478499997407,500.63132137030993
1785157045,40,,Aggregated,9.300000,0.000000,3100,4500,5500,6200,8700,11000,14000,17000,27000,29000,29000,4912,0,3100,4187.573168892269,192.14080000529066,29085.478499997407,500.72984527687294
1785157046,40,,Aggregated,9.500000,0.000000,3100,4500,5500,6200,8700,11000,14000,17000,27000,29000,29000,4921,0,3100,4186.963074273301,192.14080000529066,29085.478499997407,500.3940256045519
1785157047,40,,Aggregated,9.800000,0.000000,3100,4500,5500,6200,8700,11000,15000,17000,27000,29000,29000,4930,0,3100,4188.517138904441,192.14080000529066,29085.478499997407,500.32474645030425
1785157048,40,,Aggregated,9.600000,0.000000,3100,4500,5500,6200,8700,11000,15000,17000,27000,29000,29000,4938,0,3100,4186.476228412083,192.14080000529066,29085.478499997407,500.4566626164439
1785157049,40,,Aggregated,9.200000,0.000000,3100,4500,5500,6200,8700,11000,15000,17000,27000,29000,29000,4949,0,3100,4188.549860799943,192.14080000529066,29085.478499997407,500.48777530814306
1785157050,40,,Aggregated,9.300000,0.000000,3100,4500,5500,6200,8700,11000,14000,17000,27000,29000,29000,4956,0,3100,4188.767585754445,192.14080000529066,29085.478499997407,500.55286521388217
1785157051,40,,Aggregated,9.100000,0.000000,3100,4500,5500,6200,8800,11000,14000,17000,27000,29000,29000,4966,0,3100,4188.464600644164,192.14080000529066,29085.478499997407,500.3848167539267
1785157052,40,,Aggregated,9.000000,0.000000,3100,4500,5500,6200,8700,11000,14000,17000,27000,29000,29000,4974,0,3100,4187.560705367696,192.14080000529066,29085.478499997407,500.4806996381182
1785157053,35,,Aggregated,8.800000,0.000000,3100,4500,5600,6200,8800,11000,15000,17000,27000,29000,29000,4983,0,3100,4192.792431165746,192.14080000529066,29085.478499997407,500.41200080272927
1785157054,30,,Aggregated,8.700000,0.000000,3100,4500,5500,6200,8800,11000,15000,17000,27000,29000,29000,4987,0,3100,4191.740179105454,192.14080000529066,29085.478499997407,500.54261078804893
1785157055,25,,Aggregated,8.600000,0.000000,3100,4500,5600,6200,8800,11000,15000,17000,27000,29000,29000,4993,0,3100,4195.764493851182,192.14080000529066,29085.478499997407,500.6739435209293
1785157056,20,,Aggregated,8.700000,0.000000,3100,4500,5600,6200,8800,11000,15000,17000,27000,29000,29000,4999,0,3100,4198.654810221821,192.14080000529066,29085.478499997407,500.6363272654531
1785157057,20,,Aggregated,8.200000,0.000000,3100,4500,5600,6200,8800,11000,15000,17000,27000,29000,29000,5004,0,3100,4196.4427284370295,192.14080000529066,29085.478499997407,500.9644284572342
1785157059,20,,Aggregated,8.100000,0.000000,3100,4500,5600,6200,8800,11000,15000,17000,27000,29000,29000,5008,0,3100,4196.651264376763,192.14080000529066,29085.478499997407,500.96265974440894
1785157060,20,,Aggregated,7.800000,0.000000,3100,4500,5600,6200,8800,11000,15000,17000,27000,29000,29000,5015,0,3100,4197.511860597976,192.14080000529066,29085.478499997407,501.1567298105683
1785157061,20,,Aggregated,7.300000,0.000000,3100,4500,5600,6200,8800,11000,15000,17000,27000,29000,29000,5020,0,3100,4195.374133724884,192.14080000529066,29085.478499997407,501.35298804780876
1785157062,20,,Aggregated,6.800000,0.000000,3100,4500,5600,6200,8800,11000,15000,17000,27000,29000,29000,5025,0,3100,4195.297691283365,192.14080000529066,29085.478499997407,501.4161194029851
1785157063,20,,Aggregated,6.600000,0.000000,3100,4500,5600,6200,8800,11000,15000,17000,27000,29000,29000,5034,0,3100,4193.071126042699,192.14080000529066,29085.478499997407,501.5742947953913
1785157064,20,,Aggregated,6.300000,0.000000,3100,4500,5600,6200,8800,11000,15000,17000,27000,29000,29000,5040,0,3100,4191.551540436284,192.14080000529066,29085.478499997407,501.6359126984127
1785157065,20,,Aggregated,5.800000,0.000000,3100,4500,5500,6200,8700,11000,15000,17000,27000,29000,29000,5048,0,3100,4187.882389480766,192.14080000529066,29085.478499997407,501.62757527733754
1785157066,20,,Aggregated,6.000000,0.000000,3100,4500,5500,6200,8800,11000,15000,17000,27000,29000,29000,5057,0,3100,4189.641086612417,192.14080000529066,29085.478499997407,501.81965592248366
1785157067,20,,Aggregated,6.100000,0.000000,3100,4500,5500,6200,8700,11000,15000,17000,27000,29000,29000,5063,0,3100,4186.6806962273295,192.14080000529066,29085.478499997407,502.0766344064784
1785157068,20,,Aggregated,6.300000,0.000000,3100,4500,5500,6200,8800,11000,15000,17000,27000,29000,29000,5070,0,3100,4184.577375443577,192.14080000529066,29085.478499997407,502.2019723865878
1785157069,20,,Aggregated,6.300000,0.000000,3100,4500,5500,6200,8700,11000,15000,17000,27000,29000,29000,5077,0,3100,4181.6803309629395,192.14080000529066,29085.478499997407,502.392948591688
1785157070,20,,Aggregated,6.200000,0.000000,3100,4500,5500,6200,8700,11000,15000,17000,27000,29000,29000,5084,0,3100,4183.415369885686,192.14080000529066,29085.478499997407,502.42191188040914
1785157071,20,,Aggregated,6.900000,0.000000,3100,4500,5500,6200,8700,11000,15000,17000,27000,29000,29000,5092,0,3100,4179.949369579495,192.14080000529066,29085.478499997407,502.6431657501964
1785157072,20,,Aggregated,6.900000,0.000000,3100,4500,5500,6200,8700,11000,15000,17000,27000,29000,29000,5096,0,3100,4179.036274587674,192.14080000529066,29085.478499997407,502.7362637362637
1785157073,20,,Aggregated,7.100000,0.000000,3100,4500,5500,6200,8700,11000,15000,17000,27000,29000,29000,5102,0,3100,4178.286170187909,192.14080000529066,29085.478499997407,503.1201489611917
1785157074,20,,Aggregated,7.100000,0.000000,3100,4500,5500,6200,8700,11000,15000,17000,27000,29000,29000,5109,0,3100,4177.328341221105,192.14080000529066,29085.478499997407,503.43922489724014
1785157075,20,,Aggregated,6.700000,0.000000,3100,4500,5500,6200,8700,11000,15000,17000,27000,29000,29000,5116,0,3100,4174.246473494642,192.14080000529066,29085.478499997407,503.4319781078968
1785157076,20,,Aggregated,6.900000,0.000000,3100,4500,5500,6200,8700,11000,15000,17000,27000,29000,29000,5125,0,3100,4172.504835941206,192.14080000529066,29085.478499997407,503.62029268292684
1785157077,20,,Aggregated,6.600000,0.000000,3100,4500,5500,6200,8700,11000,15000,17000,27000,29000,29000,5132,0,3100,4170.593735794754,192.14080000529066,29085.478499997407,503.67809820732657
1785157078,20,,Aggregated,6.700000,0.000000,3100,4500,5500,6200,8700,11000,15000,17000,27000,29000,29000,5139,0,3100,4167.859575948382,192.14080000529066,29085.478499997407,503.96108192255303
1785157079,20,,Aggregated,7.000000,0.000000,3100,4500,5500,6200,8700,11000,15000,17000,27000,29000,29000,5145,0,3100,4166.136302040556,192.14080000529066,29085.478499997407,504.08279883381925
1785157080,20,,Aggregated,6.900000,0.000000,3100,4500,5500,6200,8700,11000,14000,17000,27000,29000,29000,5156,0,3100,4163.713475639754,192.14080000529066,29085.478499997407,504.2631885182312
1785157081,20,,Aggregated,6.700000,0.000000,3100,4500,5500,6200,8700,11000,14000,17000,27000,29000,29000,5162,0,3100,4160.681940022962,192.14080000529066,29085.478499997407,504.6350251840372
1785157082,20,,Aggregated,7.100000,0.000000,3100,4500,5500,6200,8700,11000,14000,17000,27000,29000,29000,5169,0,3100,4158.3013896301945,192.14080000529066,29085.478499997407,504.94234861675375
1785157083,20,,Aggregated,7.000000,0.000000,3100,4500,5500,6200,8700,11000,15000,17000,27000,29000,29000,5178,0,3100,4156.745926187415,192.14080000529066,29085.478499997407,505.0519505600618
1785157084,20,,Aggregated,7.000000,0.000000,3100,4500,5500,6200,8700,11000,15000,17000,27000,29000,29000,5183,0,3100,4155.368248485112,192.14080000529066,29085.478499997407,504.947327802431
1785157085,20,,Aggregated,7.500000,0.000000,3100,4500,5400,6200,8700,11000,15000,17000,27000,29000,29000,5191,0,3100,4153.9778868230505,192.14080000529066,29085.478499997407,504.7108456944712
1785157086,20,,Aggregated,7.400000,0.000000,3100,4500,5400,6200,8700,11000,15000,17000,27000,29000,29000,5198,0,3100,4153.31461808358,192.14080000529066,29085.478499997407,504.7318199307426
1785157087,20,,Aggregated,7.400000,0.000000,3100,4500,5400,6200,8700,11000,14000,17000,27000,29000,29000,5204,0,3100,4151.001466832888,192.14080000529066,29085.478499997407,504.78305149884704
1785157088,20,,Aggregated,7.300000,0.000000,3100,4500,5400,6200,8700,11000,14000,17000,27000,29000,29000,5212,0,3100,4148.694576899121,192.14080000529066,29085.478499997407,505.14735226400614
1785157089,20,,Aggregated,7.200000,0.000000,3100,4500,5400,6200,8700,11000,14000,17000,27000,29000,29000,5219,0,3100,4146.928072044088,192.14080000529066,29085.478499997407,505.2902854953056
1785157090,20,,Aggregated,7.300000,0.000000,3100,4500,5400,6200,8700,11000,14000,17000,27000,29000,29000,5224,0,3100,4145.857733307443,192.14080000529066,29085.478499997407,505.3133614088821
1785157091,20,,Aggregated,7.400000,0.000000,3100,4500,5400,6100,8700,11000,14000,17000,27000,29000,29000,5231,0,3100,4144.977090555912,192.14080000529066,29085.478499997407,505.5880328809023
1785157092,20,,Aggregated,6.800000,0.000000,3100,4500,5400,6100,8700,11000,14000,17000,27000,29000,29000,5238,0,3100,4143.216950896897,192.14080000529066,29085.478499997407,505.8940435280642
1785157093,20,,Aggregated,6.800000,0.000000,3100,4500,5400,6100,8600,11000,14000,17000,27000,29000,29000,5245,0,3100,4140.026503946251,192.14080000529066,29085.478499997407,506.167397521449
1785157094,20,,Aggregated,6.700000,0.000000,3100,4500,5400,6100,8600,11000,14000,17000,27000,29000,29000,5252,0,3100,4140.70620971022,192.14080000529066,29085.478499997407,506.1896420411272
1785157095,20,,Aggregated,6.700000,0.000000,3100,4500,5400,6100,8600,11000,14000,17000,27000,29000,29000,5257,0,3100,4139.742875232659,192.14080000529066,29085.478499997407,506.37188510557354
1785157096,20,,Aggregated,6.800000,0.000000,3100,4500,5400,6100,8600,11000,14000,17000,27000,29000,29000,5265,0,3100,4138.1879379294005,192.14080000529066,29085.478499997407,506.6125356125356
1785157097,20,,Aggregated,6.900000,0.000000,3100,4500,5400,6100,8600,11000,14000,17000,27000,29000,29000,5274,0,3100,4136.122890405428,192.14080000529066,29085.478499997407,506.7239287068639
1785157098,20,,Aggregated,6.700000,0.000000,3100,4500,5400,6100,8600,11000,14000,17000,27000,29000,29000,5281,0,3100,4134.241473944003,192.14080000529066,29085.478499997407,506.9013444423405
1785157099,20,,Aggregated,6.900000,0.000000,3100,4500,5400,6100,8600,11000,14000,17000,27000,29000,29000,5288,0,3100,4131.079300245492,192.14080000529066,29085.478499997407,507.2032904689864
1785157100,20,,Aggregated,6.800000,0.000000,3100,4500,5400,6100,8600,11000,14000,17000,27000,29000,29000,5294,0,3100,4129.228687230472,192.14080000529066,29085.478499997407,507.31979599546656
1785157101,20,,Aggregated,6.800000,0.000000,3100,4500,5400,6100,8600,11000,14000,17000,27000,29000,29000,5303,0,3100,4126.794250763377,192.14080000529066,29085.478499997407,507.614369224967
1785157102,20,,Aggregated,7.000000,0.000000,3100,4500,5400,6100,8600,11000,14000,17000,27000,29000,29000,5312,0,3100,4124.070255797842,192.14080000529066,29085.478499997407,507.6624623493976
1785157103,20,,Aggregated,7.000000,0.000000,3100,4500,5400,6100,8600,11000,14000,17000,27000,29000,29000,5316,0,3100,4123.911806376625,192.14080000529066,29085.478499997407,507.74830699774265
1785157104,20,,Aggregated,7.300000,0.000000,3100,4500,5400,6100,8600,11000,14000,17000,27000,29000,29000,5324,0,3100,4121.200219214518,192.14080000529066,29085.478499997407,507.8268219383922
1785157105,20,,Aggregated,7.200000,0.000000,3100,4500,5400,6100,8600,11000,14000,17000,27000,29000,29000,5328,0,3100,4119.632798911054,192.14080000529066,29085.478499997407,507.91291291291293
1785157106,20,,Aggregated,7.000000,0.000000,3100,4500,5400,6100,8600,11000,14000,17000,27000,29000,29000,5336,0,3100,4118.643625187051,192.14080000529066,29085.478499997407,508.27230134932535
1785157107,20,,Aggregated,7.000000,0.000000,3100,4500,5400,6100,8600,11000,14000,17000,27000,29000,29000,5343,0,3100,4115.5290800857665,192.14080000529066,29085.478499997407,508.692869174621
1785157108,20,,Aggregated,7.000000,0.000000,3100,4500,5400,6100,8600,11000,14000,17000,27000,29000,29000,5349,0,3100,4114.871055112761,192.14080000529066,29085.478499997407,508.9282108805384
1785157109,20,,Aggregated,6.800000,0.000000,3100,4500,5400,6100,8600,11000,14000,17000,27000,29000,29000,5359,0,3100,4115.184911886211,192.14080000529066,29085.478499997407,508.9990669901101
1785157110,20,,Aggregated,6.600000,0.000000,3100,4500,5400,6100,8600,11000,14000,17000,27000,29000,29000,5368,0,3100,4112.929794019816,192.14080000529066,29085.478499997407,509.1693368107303
1785157111,20,,Aggregated,6.900000,0.000000,3100,4500,5300,6100,8600,11000,14000,17000,27000,29000,29000,5375,0,3100,4109.684996297361,192.14080000529066,29085.478499997407,509.3413953488372
1785157112,20,,Aggregated,7.100000,0.000000,3100,4500,5300,6100,8500,11000,14000,17000,27000,29000,29000,5382,0,3100,4107.135589947672,192.14080000529066,29085.478499997407,509.6361947231512
