Type,Name,Request Count,Failure Count,Median Response Time,Average Response Time,Min Response Time,Max Response Time,Average Content Size,Requests/s,Failures/s,50%,66%,75%,80%,90%,95%,98%,99%,99.9%,99.99%,100%
GET,/feed/[id],10148,0,660,898.2721718565234,15,6893,718.5819865983445,56.16038517731898,0.0,660,970,1200,1400,1900,2400,3000,3500,5100,6500,6900
POST,/posts,1156,0,13,108.24221453287197,3,2696,0.0,6.397458145938188,0.0,13,33,63,97,280,480,1200,1700,2300,2700,2700
,Aggregated,11304,0,590,817.4800070771408,3,6893,645.0964260438783,62.55784332325717,0.0,590,880,1100,1300,1800,2400,2900,3400,5000,6500,6900
