Timestamp,User Count,Type,Name,Requests/s,Failures/s,50%,66%,75%,80%,90%,95%,98%,99%,99.9%,99.99%,100%,Total Request Count,Total Failure Count,Total Median Response Time,Total Average Response Time,Total Min Response Time,Total Max Response Time,Total Average Content Size
1785432381,0,,Aggregated,0.000000,0.000000,N/A,N/A,N/A,N/A,N/A,N/A,N/A,N/A,N/A,N/A,N/A,0,0,0,0.0,0,0,0
1785432382,2,,Aggregated,0.000000,0.000000,150,150,150,150,150,150,150,150,150,150,150,2,0,152.9002000024775,153.71215000050142,152.9002000024775,154.52409999852534,2691.0
1785432383,6,,Aggregated,0.000000,0.000000,180,180,180,180,190,190,190,190,190,190,190,6,0,150,151.46788333246755,52.31829999684123,185.1768999986234,2971.3333333333335
1785432384,8,,Aggregated,2.000000,0.000000,220,360,370,370,370,370,370,370,370,370,370,12,0,190,246.6444583339277,52.31829999684123,374.29790000169305,2455.0
1785432385,10,,Aggregated,3.000000,0.000000,220,240,360,360,370,370,370,370,370,370,370,20,0,220,240.9624050003913,52.31829999684123,374.29790000169305,2670.2
1785432386,10,,Aggregated,2.000000,0.000000,220,240,360,370,380,380,390,390,390,390,390,30,0,220,244.9269800000669,52.31829999684123,392.663899998297,2720.4333333333334
1785432387,10,,Aggregated,3.500000,0.000000,220,260,310,360,370,380,390,390,390,390,390,40,0,220,239.78552500029764,52.31829999684123,392.663899998297,2855.025
1785432388,10,,Aggregated,4.200000,0.000000,220,260,260,310,370,380,390,390,390,390,390,50,0,220,235.7115360001626,52.31829999684123,392.663899998297,2995.98
1785432389,10,,Aggregated,5.166667,0.000000,220,260,270,310,370,390,430,440,440,440,440,60,0,220,240.62986833353838,52.31829999684123,436.7201999993995,3086.733333333333
1785432390,10,,Aggregated,6.000000,0.000000,220,260,270,310,370,380,430,440,440,440,440,70,0,220,238.78485857172305,52.31829999684123,436.7201999993995,3056.157142857143
1785432391,10,,Aggregated,6.375000,0.000000,220,250,260,270,370,380,430,440,440,440,440,80,0,220,234.8901525002475,52.31829999684123,436.7201999993995,3127.7375
1785432392,10,,Aggregated,7.000000,0.000000,220,250,260,260,360,380,430,440,440,440,440,91,0,220,230.41297362646878,52.31829999684123,436.7201999993995,3203.5714285714284
1785432393,10,,Aggregated,7.200000,0.000000,220,250,260,260,340,370,390,430,440,440,440,101,0,220,229.26902475246428,51.361999998334795,436.7201999993995,3245.5247524752476
1785432394,10,,Aggregated,8.000000,0.000000,220,240,260,260,340,380,390,430,440,440,440,111,0,220,228.85995945935966,51.361999998334795,436.7201999993995,3296.1801801801803
1785432395,10,,Aggregated,8.700000,0.000000,230,250,260,270,360,390,400,430,440,440,440,120,0,230,232.68188999991253,51.361999998334795,436.7201999993995,3266.608333333333
1785432396,10,,Aggregated,9.600000,0.000000,230,250,260,270,340,380,400,430,440,440,440,131,0,230,232.90619389317308,51.361999998334795,436.7201999993995,3295.4198473282445
1785432397,10,,Aggregated,9.700000,0.000000,230,250,260,270,340,380,400,430,440,440,440,140,0,230,232.9467371429408,51.361999998334795,436.7201999993995,3292.7642857142855
1785432398,10,,Aggregated,9.900000,0.000000,230,250,260,270,350,390,430,470,500,500,500,151,0,230,235.2206364238079,51.361999998334795,500.12599999899976,3306.655629139073
1785432399,10,,Aggregated,10.100000,0.000000,230,250,260,270,340,380,430,470,500,500,500,161,0,230,233.1809683229994,51.361999998334795,500.12599999899976,3336.8260869565215
1785432400,10,,Aggregated,9.900000,0.000000,230,250,260,270,340,380,430,470,500,500,500,171,0,230,232.26453859647683,51.361999998334795,500.12599999899976,3359.7134502923977
1785432401,10,,Aggregated,10.000000,0.000000,230,250,260,260,330,380,430,470,500,500,500,181,0,230,231.3886828729333,51.361999998334795,500.12599999899976,3373.9558011049726
1785432402,10,,Aggregated,9.800000,0.000000,230,250,260,270,330,380,440,490,500,500,500,191,0,230,232.13358848172555,51.361999998334795,500.12599999899976,3338.246073298429
1785432403,10,,Aggregated,10.000000,0.000000,230,250,260,270,330,380,440,490,500,500,500,200,0,230,232.47647000011057,51.361999998334795,500.12599999899976,3323.25
1785432404,10,,Aggregated,9.900000,0.000000,230,250,260,270,330,380,430,470,500,500,500,210,0,230,233.21179809534527,51.361999998334795,500.12599999899976,3336.4761904761904
1785432405,10,,Aggregated,9.800000,0.000000,230,250,260,270,320,370,430,470,500,500,500,221,0,230,232.84942398202153,51.361999998334795,500.12599999899976,3368.705882352941
1785432406,10,,Aggregated,9.900000,0.000000,230,250,260,270,330,380,440,470,500,500,500,231,0,230,233.84759264076644,51.361999998334795,500.12599999899976,3393.904761904762
1785432407,10,,Aggregated,9.900000,0.000000,230,250,260,270,320,370,440,470,500,500,500,241,0,230,232.98422489629857,51.361999998334795,500.12599999899976,3421.829875518672
1785432408,10,,Aggregated,10.100000,0.000000,230,250,260,270,330,380,430,470,500,500,500,251,0,230,233.762203585702,51.361999998334795,500.12599999899976,3434.2908366533866
1785432410,10,,Aggregated,9.900000,0.000000,230,250,260,270,330,380,450,490,500,500,500,261,0,230,235.21066475097604,51.153899999917485,500.12599999899976,3440.114942528736
1785432411,10,,Aggregated,10.000000,0.000000,240,250,260,270,340,390,460,490,580,580,580,272,0,230,237.11698529407786,51.153899999917485,583.614299997862,3455.6213235294117
1785432412,10,,Aggregated,10.000000,0.000000,230,250,260,270,340,390,460,490,580,580,580,281,0,230,236.9024587188308,51.153899999917485,583.614299997862,3467.3487544483987
1785432413,12,,Aggregated,10.000000,0.000000,230,250,260,270,340,390,470,490,580,580,580,295,0,230,237.48539457622013,51.153899999917485,583.614299997862,3478.8745762711865
1785432414,13,,Aggregated,9.900000,0.000000,240,250,260,270,340,390,460,490,580,580,580,306,0,230,237.53193398694862,51.153899999917485,583.614299997862,3450.9444444444443
1785432415,14,,Aggregated,10.100000,0.000000,230,250,260,270,340,400,460,490,580,580,580,320,0,230,237.08819531245808,51.153899999917485,583.614299997862,3437.6875
1785432416,15,,Aggregated,10.300000,0.000000,240,250,260,270,340,400,470,490,580,580,580,333,0,240,238.19671831827966,51.153899999917485,583.614299997862,3397.255255255255
1785432417,16,,Aggregated,10.700000,0.000000,240,250,260,270,340,410,490,520,700,700,700,346,0,240,241.64927601151442,51.153899999917485,699.2108999984339,3397.583815028902
1785432418,17,,Aggregated,10.900000,0.000000,240,250,270,280,370,450,520,580,700,700,700,368,0,240,246.32670978266816,51.153899999917485,699.2108999984339,3402.904891304348
1785432419,18,,Aggregated,10.900000,0.000000,240,250,270,280,360,450,520,580,700,700,700,380,0,240,244.98065631583142,51.153899999917485,699.2108999984339,3392.2078947368423
1785432420,19,,Aggregated,12.100000,0.000000,240,250,270,280,350,440,520,580,700,700,700,400,0,240,245.4054420000648,51.153899999917485,699.2108999984339,3372.175
1785432421,20,,Aggregated,12.900000,0.000000,240,250,270,280,360,450,520,620,810,810,810,422,0,240,247.59948483415644,51.153899999917485,807.9747000010684,3371.988151658768
1785432422,20,,Aggregated,13.500000,0.000000,240,250,270,290,360,460,520,620,810,810,810,440,0,240,247.85822250007848,51.153899999917485,807.9747000010684,3392.234090909091
1785432423,20,,Aggregated,14.600000,0.000000,240,250,270,280,360,460,520,620,810,810,810,464,0,240,247.9573952586775,51.153899999917485,807.9747000010684,3391.217672413793
1785432424,20,,Aggregated,15.600000,0.000000,240,250,270,280,350,450,520,620,810,810,810,483,0,240,246.65322028994754,51.153899999917485,807.9747000010684,3350.8923395445136
1785432425,20,,Aggregated,16.400000,0.000000,240,250,270,280,340,450,520,580,810,810,810,503,0,240,246.42354870785795,51.153899999917485,807.9747000010684,3338.4632206759443
1785432426,20,,Aggregated,17.200000,0.000000,240,250,270,280,340,460,520,620,810,810,810,524,0,240,247.24225019096892,51.153899999917485,807.9747000010684,3327.486641221374
1785432427,20,,Aggregated,18.100000,0.000000,240,250,270,280,340,450,520,620,810,810,810,543,0,240,246.72698581964934,51.153899999917485,807.9747000010684,3331.609576427256
1785432428,20,,Aggregated,18.700000,0.000000,240,250,270,280,340,450,520,620,810,810,810,564,0,240,245.91503297884913,51.153899999917485,807.9747000010684,3295.567375886525
1785432429,20,,Aggregated,19.200000,0.000000,240,250,270,280,340,460,520,650,810,810,810,583,0,240,248.07614356783424,51.153899999917485,807.9747000010684,3291.9279588336194
1785432430,20,,Aggregated,19.400000,0.000000,240,250,270,280,350,460,520,650,810,810,810,599,0,240,249.0757739566814,51.153899999917485,807.9747000010684,3287.0217028380634
1785432431,20,,Aggregated,19.500000,0.000000,240,250,270,280,370,480,530,660,810,810,810,624,0,240,252.0121003206161,51.153899999917485,807.9747000010684,3284.334935897436
1785432432,20,,Aggregated,19.900000,0.000000,240,260,270,290,360,480,530,660,810,810,810,641,0,240,252.92962090496476,51.153899999917485,807.9747000010684,3278.575663026521
1785432433,20,,Aggregated,19.800000,0.000000,240,260,270,290,370,490,530,660,810,810,810,656,0,240,253.8047376525555,51.153899999917485,807.9747000010684,3275.7240853658536
1785432434,20,,Aggregated,20.000000,0.000000,240,260,280,300,420,510,640,690,810,810,810,682,0,240,261.786007771368,51.153899999917485,807.9747000010684,3260.189149560117
1785432435,20,,Aggregated,19.900000,0.000000,240,260,280,300,420,510,620,680,810,810,810,702,0,240,263.0695797721957,51.153899999917485,807.9747000010684,3257.7150997150998
1785432436,20,,Aggregated,19.900000,0.000000,240,260,290,300,430,520,620,680,810,810,810,724,0,240,265.368216436611,51.153899999917485,807.9747000010684,3258.5842541436464
1785432437,20,,Aggregated,19.900000,0.000000,240,260,290,300,430,520,640,690,810,810,810,745,0,240,266.38498536926176,51.153899999917485,807.9747000010684,3276.446979865772
1785432438,20,,Aggregated,19.900000,0.000000,240,270,290,300,430,520,640,690,810,810,810,762,0,240,267.3022087927791,51.153899999917485,807.9747000010684,3279.2349081364828
1785432439,20,,Aggregated,19.900000,0.000000,240,270,290,310,430,520,640,690,810,810,810,786,0,240,267.8087428754345,51.153899999917485,807.9747000010684,3287.125954198473
1785432440,20,,Aggregated,20.000000,0.000000,240,270,300,310,430,520,640,690,920,920,920,803,0,240,269.4770841844095,51.153899999917485,923.2521000012639,3286.1606475716067
1785432441,20,,Aggregated,20.100000,0.000000,240,270,300,310,450,530,650,690,920,920,920,824,0,240,271.72662682049616,51.153899999917485,923.2521000012639,3288.5825242718447
1785432442,20,,Aggregated,20.000000,0.000000,240,270,300,310,450,520,650,690,920,920,920,845,0,240,271.4751190533648,51.153899999917485,923.2521000012639,3292.112426035503
1785432443,20,,Aggregated,20.000000,0.000000,240,270,300,310,440,520,640,690,920,920,920,864,0,240,270.6678839121768,51.153899999917485,923.2521000012639,3295.9872685185187
1785432444,20,,Aggregated,20.000000,0.000000,240,270,300,310,440,520,640,690,920,920,920,885,0,240,270.15058406793753,51.153899999917485,923.2521000012639,3293.7050847457626
1785432445,20,,Aggregated,20.100000,0.000000,240,270,290,310,440,520,650,700,920,920,920,905,0,240,270.3596330388354,51.153899999917485,923.2521000012639,3306.932596685083
1785432446,20,,Aggregated,20.100000,0.000000,240,270,290,310,430,520,650,700,920,920,920,927,0,240,269.78931121914536,51.153899999917485,923.2521000012639,3305.4940668824165
1785432447,20,,Aggregated,20.100000,0.000000,240,270,290,310,430,520,650,700,920,920,920,946,0,240,268.93112272744736,51.153899999917485,923.2521000012639,3299.6606765327697
1785432448,20,,Aggregated,20.000000,0.000000,240,270,290,310,430,520,640,700,920,920,920,968,0,240,268.90612623983617,51.153899999917485,923.2521000012639,3314.740702479339
1785432449,20,,Aggregated,20.200000,0.000000,240,270,290,300,430,520,640,700,920,920,920,989,0,240,268.3919773510387,51.153899999917485,923.2521000012639,3294.309403437816
1785432450,20,,Aggregated,20.000000,0.000000,240,270,290,300,430,520,640,690,810,920,920,1006,0,240,267.9929747516993,51.153899999917485,923.2521000012639,3285.6580516898607
1785432451,20,,Aggregated,20.000000,0.000000,240,270,290,300,430,520,640,690,810,920,920,1027,0,240,267.96510399240816,50.76030000054743,923.2521000012639,3292.421616358325
1785432452,20,,Aggregated,20.300000,0.000000,240,270,290,300,430,520,640,700,810,920,920,1049,0,240,267.74875023851456,50.76030000054743,923.2521000012639,3297.8941849380362
1785432453,20,,Aggregated,20.100000,0.000000,240,270,290,300,430,520,640,700,810,920,920,1068,0,240,267.3370717230352,50.76030000054743,923.2521000012639,3286.809925093633
1785432454,20,,Aggregated,20.000000,0.000000,240,270,290,300,430,520,640,700,810,920,920,1087,0,240,267.5036980682561,50.76030000054743,923.2521000012639,3281.1646734130636
1785432455,20,,Aggregated,20.000000,0.000000,240,270,290,300,430,520,620,690,810,920,920,1110,0,240,267.28402324341266,50.76030000054743,923.2521000012639,3289.6495495495496
1785432456,20,,Aggregated,20.000000,0.000000,240,270,290,300,430,520,620,690,810,920,920,1129,0,240,267.2077178035575,50.76030000054743,923.2521000012639,3285.3773250664303
1785432457,20,,Aggregated,20.000000,0.000000,240,270,290,300,430,520,620,690,810,920,920,1153,0,240,267.20331951450083,50.76030000054743,923.2521000012639,3295.6816999132698
1785432458,20,,Aggregated,19.900000,0.000000,240,260,290,300,420,520,620,690,810,920,920,1171,1,240,266.59927258771063,50.76030000054743,923.2521000012639,3284.6404782237405
1785432459,20,,Aggregated,19.900000,0.000000,240,270,290,300,420,520,620,690,810,920,920,1191,1,240,266.5948539884187,50.242399993294384,923.2521000012639,3280.2821158690176
1785432460,20,,Aggregated,20.000000,0.000000,240,270,290,310,430,520,620,690,810,920,920,1208,1,240,267.4009831127466,50.242399993294384,923.2521000012639,3281.3758278145697
1785432461,20,,Aggregated,20.000000,0.100000,240,270,290,310,430,520,640,690,810,920,920,1233,1,240,268.45269042998837,50.242399993294384,923.2521000012639,3273.763179237632
1785432462,20,,Aggregated,19.800000,0.100000,240,270,290,310,430,520,640,690,810,920,920,1249,1,240,268.622559647879,50.242399993294384,923.2521000012639,3268.8038430744596
1785432463,20,,Aggregated,20.100000,0.100000,240,270,290,310,430,520,640,700,810,920,920,1273,1,240,269.21177211327824,50.242399993294384,923.2521000012639,3264.534171249018
1785432464,20,,Aggregated,19.900000,0.100000,240,270,290,310,430,520,640,700,810,920,920,1294,1,240,269.22473145304133,50.242399993294384,923.2521000012639,3253.127511591963
1785432465,20,,Aggregated,19.900000,0.100000,240,270,290,310,430,520,620,690,810,920,920,1315,1,240,268.75185711044725,50.242399993294384,923.2521000012639,3252.3695817490493
1785432466,20,,Aggregated,20.000000,0.100000,240,270,290,310,430,520,620,690,810,920,920,1331,1,240,268.2626582270721,50.242399993294384,923.2521000012639,3255.35011269722
1785432467,20,,Aggregated,20.000000,0.100000,240,270,290,310,430,520,620,700,810,920,920,1354,1,240,269.08584896619436,50.242399993294384,923.2521000012639,3255.4645494830133
1785432468,20,,Aggregated,20.100000,0.100000,240,270,290,310,430,520,620,700,810,920,920,1374,1,240,268.8861079332075,50.242399993294384,923.2521000012639,3249.468704512373
1785432469,20,,Aggregated,19.800000,0.100000,240,270,290,310,430,520,620,700,810,920,920,1395,1,240,268.51143369191004,50.242399993294384,923.2521000012639,3248.7082437275985
1785432470,20,,Aggregated,20.000000,0.100000,240,270,290,310,430,520,620,690,810,920,920,1415,1,240,268.1456485513804,50.242399993294384,923.2521000012639,3251.346996466431
1785432471,20,,Aggregated,20.000000,0.000000,240,270,290,310,420,520,620,690,810,920,920,1433,1,240,267.9769017447307,50.242399993294384,923.2521000012639,3253.7466852756456
1785432472,20,,Aggregated,20.000000,0.000000,240,270,290,310,420,520,610,690,810,920,920,1455,1,240,267.590683917673,50.242399993294384,923.2521000012639,3250.168384879725
1785432473,20,,Aggregated,19.800000,0.000000,240,270,290,310,420,520,610,690,810,920,920,1475,1,240,267.193641762848,50.242399993294384,923.2521000012639,3255.9938983050847
1785432474,20,,Aggregated,20.300000,0.000000,240,270,290,310,420,520,610,690,810,920,920,1494,1,240,267.00958788501856,50.242399993294384,923.2521000012639,3261.593708165997
1785432475,20,,Aggregated,20.100000,0.000000,240,270,290,310,420,520,610,690,810,920,920,1514,1,240,266.95251235153205,50.242399993294384,923.2521000012639,3259.0964332893
1785432476,20,,Aggregated,20.000000,0.000000,240,270,290,310,420,520,610,690,810,920,920,1535,1,240,267.14746723141036,50.242399993294384,923.2521000012639,3262.8625407166123
1785432477,20,,Aggregated,19.900000,0.000000,240,270,290,310,410,520,600,690,810,920,920,1551,1,240,267.1411177306331,50.242399993294384,923.2521000012639,3251.418439716312
1785432478,20,,Aggregated,20.000000,0.000000,240,270,290,310,420,520,610,700,810,920,920,1573,1,240,267.92685390986327,50.242399993294384,923.2521000012639,3255.129688493325
1785432479,20,,Aggregated,20.100000,0.000000,240,270,290,310,420,520,610,700,810,920,920,1595,1,240,268.7378101568656,50.242399993294384,923.2521000012639,3251.987460815047
1785432480,20,,Aggregated,20.200000,0.000000,240,270,290,310,420,520,610,690,810,920,920,1615,1,240,268.2907640868079,50.242399993294384,923.2521000012639,3248.5839009287924
1785432481,20,,Aggregated,20.000000,0.000000,240,270,290,310,420,520,610,690,810,920,920,1635,1,240,267.7923836698328,48.81069999828469,923.2521000012639,3248.8844036697246
1785432482,20,,Aggregated,20.100000,0.000000,240,270,290,310,420,520,600,690,810,920,920,1655,1,240,267.53840791550397,48.81069999828469,923.2521000012639,3254.260422960725
1785432483,20,,Aggregated,20.200000,0.000000,240,270,290,310,420,520,600,690,810,920,920,1674,1,240,267.76477090809044,48.81069999828469,923.2521000012639,3255.772401433692
1785432484,20,,Aggregated,19.900000,0.000000,240,270,290,310,420,520,600,690,810,920,920,1695,1,240,267.7556755163042,46.37399999774061,923.2521000012639,3252.2873156342184
1785432485,20,,Aggregated,20.000000,0.000000,240,270,290,310,420,520,610,690,810,920,920,1714,1,240,267.7599393233023,46.37399999774061,923.2521000012639,3253.9113185530923
1785432486,20,,Aggregated,20.000000,0.000000,240,270,290,310,430,520,610,690,810,920,920,1735,1,240,267.7383815562883,46.37399999774061,923.2521000012639,3251.69855907781
1785432487,20,,Aggregated,19.900000,0.000000,240,270,290,310,420,520,610,690,810,920,920,1753,1,240,267.6642013121339,46.37399999774061,923.2521000012639,3256.3519680547633
1785432488,20,,Aggregated,20.000000,0.000000,240,270,290,310,430,520,610,690,810,920,920,1775,1,240,267.66882946489307,46.37399999774061,923.2521000012639,3253.9887323943663
1785432489,20,,Aggregated,20.000000,0.000000,240,270,290,310,430,520,610,690,810,920,920,1795,1,240,267.5011610586007,46.37399999774061,923.2521000012639,3252.301949860724
1785432490,20,,Aggregated,19.800000,0.000000,240,270,290,310,420,520,600,680,810,920,920,1815,1,240,267.3557664463829,46.37399999774061,923.2521000012639,3254.4374655647384
1785432491,20,,Aggregated,20.000000,0.000000,240,270,290,310,420,520,610,680,810,920,920,1834,1,240,267.26174193031727,46.37399999774061,923.2521000012639,3252.4127589967284
1785432492,20,,Aggregated,19.900000,0.000000,240,270,290,310,420,520,610,690,810,920,920,1855,1,240,267.1029688949884,46.37399999774061,923.2521000012639,3255.7315363881403
1785432493,20,,Aggregated,19.800000,0.000000,240,270,290,310,420,520,610,690,810,920,920,1875,1,240,267.07808192009105,46.37399999774061,923.2521000012639,3254.2224
1785432494,20,,Aggregated,20.100000,0.000000,240,270,290,310,420,520,610,690,810,920,920,1895,1,240,267.12693915576693,46.37399999774061,923.2521000012639,3259.1973614775725
1785432495,20,,Aggregated,20.000000,0.000000,240,270,290,310,420,520,600,680,810,920,920,1915,1,240,266.9588230288127,46.37399999774061,923.2521000012639,3257.3169712793733
1785432496,20,,Aggregated,20.000000,0.000000,240,270,290,310,420,520,600,680,810,920,920,1935,1,240,266.586848682261,46.37399999774061,923.2521000012639,3259.5498708010336
1785432497,20,,Aggregated,20.000000,0.000000,240,270,290,310,420,520,600,680,810,920,920,1955,1,240,266.3769739131411,46.37399999774061,923.2521000012639,3260.0429667519184
1785432498,20,,Aggregated,20.000000,0.000000,240,270,290,300,420,510,600,680,810,920,920,1975,1,240,266.1461114937761,46.37399999774061,923.2521000012639,3261.9903797468355
1785432499,20,,Aggregated,20.000000,0.000000,240,270,290,300,420,520,610,690,830,920,920,1995,1,240,266.5369952883266,46.37399999774061,923.2521000012639,3267.006015037594
1785432500,20,,Aggregated,20.000000,0.000000,240,270,290,300,420,520,610,680,810,920,920,2015,1,240,266.5198746403047,46.37399999774061,923.2521000012639,3269.202481389578
1785432501,20,,Aggregated,20.000000,0.000000,240,270,290,300,420,510,610,680,810,920,920,2035,1,240,266.1500488453246,46.37399999774061,923.2521000012639,3269.654054054054
1785432502,21,,Aggregated,20.000000,0.000000,240,260,290,300,420,510,600,680,810,920,920,2056,1,240,265.7586314689837,46.37399999774061,923.2521000012639,3265.6274319066147
1785432503,22,,Aggregated,20.200000,0.000000,240,260,290,300,420,510,600,680,810,920,920,2077,1,240,265.3705580164749,46.37399999774061,923.2521000012639,3250.598940779971
1785432504,23,,Aggregated,19.800000,0.000000,240,260,280,300,410,510,600,680,810,920,920,2099,1,240,264.84806684147145,46.37399999774061,923.2521000012639,3232.67365412101
1785432505,24,,Aggregated,20.100000,0.000000,240,260,290,300,410,510,600,680,810,920,920,2122,1,240,264.76910146100687,46.37399999774061,923.2521000012639,3215.6347785108387
1785432506,25,,Aggregated,20.500000,0.000000,240,260,280,300,410,510,600,680,810,920,920,2146,1,240,264.33180382117916,46.37399999774061,923.2521000012639,3190.502329916123
1785432507,26,,Aggregated,20.500000,0.000000,240,260,280,300,410,510,600,680,810,920,920,2171,1,240,263.9320627822243,46.37399999774061,923.2521000012639,3169.3754030400737
1785432508,27,,Aggregated,21.000000,0.000000,240,260,280,300,400,510,600,680,810,920,920,2197,1,240,263.2488963587538,46.37399999774061,923.2521000012639,3155.2280382339554
1785432509,28,,Aggregated,21.500000,0.000000,240,260,280,300,400,510,600,680,810,920,920,2224,1,240,262.9988422662682,46.37399999774061,923.2521000012639,3146.51214028777
1785432510,29,,Aggregated,22.100000,0.000000,240,260,280,300,400,510,600,680,830,930,930,2253,1,240,262.8921495340408,46.37399999774061,927.3812999963411,3120.4940079893477
1785432511,30,,Aggregated,23.000000,0.000000,240,260,280,300,400,510,600,680,830,930,930,2281,1,240,262.4494223148632,46.37399999774061,927.3812999963411,3112.3651907058306
1785432512,31,,Aggregated,23.400000,0.000000,240,260,280,300,400,510,590,680,830,930,930,2313,1,240,262.3606339387005,46.37399999774061,927.3812999963411,3107.014699524427
1785432513,32,,Aggregated,24.300000,0.000000,240,260,280,300,400,510,600,680,830,930,930,2344,1,240,262.59305601544645,46.37399999774061,927.3812999963411,3104.7862627986347
1785432514,33,,Aggregated,25.300000,0.000000,240,260,280,300,400,510,600,680,900,930,930,2377,1,240,262.59588910400265,46.37399999774061,927.3812999963411,3091.286495582667
1785432515,34,,Aggregated,26.400000,0.000000,240,260,280,300,400,510,600,680,900,930,930,2410,1,240,262.4639432366077,46.37399999774061,927.3812999963411,3072.41244813278
1785432516,35,,Aggregated,27.200000,0.000000,240,260,280,300,410,510,620,700,900,930,930,2443,2,240,263.8510270160563,46.37399999774061,927.3812999963411,3055.802701596398
1785432517,36,,Aggregated,28.600000,0.000000,240,260,280,300,420,520,620,710,900,930,930,2477,2,240,264.7804655632826,46.37399999774061,927.3812999963411,3040.2402099313686
1785432518,37,,Aggregated,28.900000,0.000000,240,260,280,300,420,520,620,710,900,930,930,2514,4,240,265.4438860780507,46.37399999774061,927.3812999963411,3022.7132060461417
1785432519,38,,Aggregated,30.300000,0.100000,240,260,290,300,430,520,640,710,920,1700,1700,2552,5,240,267.88159447500914,46.37399999774061,1674.5957999955863,3006.5258620689656
1785432520,39,,Aggregated,31.100000,0.200000,240,270,290,310,440,520,650,720,930,1700,1700,2587,5,240,269.9537231156677,46.37399999774061,1674.5957999955863,2990.0660997294162
1785432521,40,,Aggregated,31.300000,0.400000,240,270,290,310,450,530,660,730,970,1700,1700,2630,6,240,272.5113412168112,46.37399999774061,1674.5957999955863,2986.1555133079846
1785432522,40,,Aggregated,32.700000,0.400000,240,270,290,310,450,530,670,740,970,1700,1700,2673,6,240,273.5125030303845,46.37399999774061,1674.5957999955863,2967.199401421624
1785432523,40,,Aggregated,33.700000,0.400000,240,270,290,320,450,530,670,740,970,1700,1700,2709,6,240,274.2087877815573,46.37399999774061,1674.5957999955863,2951.876707272056
1785432524,40,,Aggregated,35.200000,0.500000,240,270,290,320,460,550,680,760,970,1700,1700,2748,7,240,276.2313872999431,46.37399999774061,1674.5957999955863,2932.1390101892284
1785432525,40,,Aggregated,36.000000,0.500000,240,270,300,320,470,550,690,780,990,1700,1700,2788,8,240,278.17260021528006,46.37399999774061,1674.5957999955863,2905.984218077475
1785432526,40,,Aggregated,36.700000,0.500000,240,270,300,320,470,550,690,780,990,1700,1700,2834,8,240,278.68569643620566,46.37399999774061,1674.5957999955863,2894.230769230769
1785432527,40,,Aggregated,36.700000,0.600000,240,270,300,320,470,560,700,780,990,1700,1700,2871,9,240,279.1244701150162,46.37399999774061,1674.5957999955863,2877.6283524904215
1785432528,40,,Aggregated,38.600000,0.700000,250,270,300,330,480,570,710,800,990,1700,1700,2907,9,250,281.4129983488871,46.37399999774061,1674.5957999955863,2862.736154110767
1785432529,40,,Aggregated,38.900000,0.700000,250,270,300,330,480,580,720,800,1200,1700,1700,2951,11,250,283.581289156296,46.37399999774061,1674.5957999955863,2840.662487292443
1785432530,40,,Aggregated,38.800000,0.600000,250,270,300,330,490,580,720,800,1200,1700,1700,2992,12,250,284.4860954211978,46.37399999774061,1674.5957999955863,2822.369318181818
1785432531,40,,Aggregated,39.700000,0.500000,250,270,300,330,490,590,730,810,1000,1700,1700,3030,12,250,286.20577663372444,46.37399999774061,1674.5957999955863,2805.306600660066
1785432532,40,,Aggregated,40.200000,0.600000,250,280,310,330,500,590,730,810,1000,1700,1700,3073,12,250,287.20864832418124,46.37399999774061,1674.5957999955863,2799.5890009762447
1785432533,40,,Aggregated,40.000000,0.700000,250,280,310,340,500,590,730,810,1000,1700,1700,3110,12,250,287.40944823158526,46.37399999774061,1674.5957999955863,2789.713504823151
1785432534,40,,Aggregated,39.800000,0.600000,250,280,310,340,500,600,740,820,1200,1800,1800,3150,12,250,288.4649711746751,46.37399999774061,1814.3371000041952,2777.0793650793653
1785432535,40,,Aggregated,40.300000,0.600000,250,280,310,340,500,600,750,830,1200,1800,1800,3195,12,250,289.47985868550967,46.37399999774061,1814.3371000041952,2763.0453834115806
1785432536,40,,Aggregated,39.800000,0.600000,250,280,310,340,500,610,750,830,1200,1800,1800,3231,12,250,290.3547891984569,46.37399999774061,1814.3371000041952,2754.411637264005
1785432537,40,,Aggregated,40.400000,0.500000,250,280,310,350,510,610,760,850,1200,1800,1800,3271,12,250,291.7826180067944,46.37399999774061,1814.3371000041952,2735.9278508101497
1785432538,40,,Aggregated,39.600000,0.400000,250,280,310,350,510,620,770,850,1200,1800,1800,3311,13,250,292.75713047424404,46.37399999774061,1814.3371000041952,2726.212020537602
1785432539,40,,Aggregated,39.200000,0.300000,250,280,320,360,510,620,770,870,1200,1800,1800,3349,13,250,294.33370510606835,46.37399999774061,1814.3371000041952,2715.5550910719617
1785432540,40,,Aggregated,40.400000,0.300000,250,280,320,360,510,620,770,890,1200,1800,1800,3392,13,250,295.9284225236581,46.37399999774061,1814.3371000041952,2709.198113207547
1785432541,40,,Aggregated,40.200000,0.300000,250,280,320,360,520,630,780,900,1600,1800,1800,3425,13,250,298.3322566716005,46.37399999774061,1814.3371000041952,2709.3045255474453
1785432542,40,,Aggregated,39.300000,0.200000,250,280,320,360,520,630,790,900,1600,1800,1800,3470,13,250,299.73922945251013,46.37399999774061,1814.3371000041952,2691.1804034582133
1785432543,40,,Aggregated,39.700000,0.100000,250,280,320,370,520,640,800,910,1600,1800,1800,3510,14,250,300.92181874650043,46.37399999774061,1814.3371000041952,2690.4786324786323
1785432544,40,,Aggregated,39.300000,0.100000,250,280,320,370,520,640,790,910,1600,1800,1800,3556,14,250,300.90464614741967,46.37399999774061,1814.3371000041952,2678.7398762654666
1785432545,40,,Aggregated,39.000000,0.200000,250,280,320,360,520,640,800,910,1600,1800,1800,3591,14,250,300.6936746867729,46.37399999774061,1814.3371000041952,2679.4436090225563
1785432546,40,,Aggregated,39.500000,0.200000,250,280,320,360,520,640,800,920,1600,1800,1800,3636,15,250,300.8402288504367,46.37399999774061,1814.3371000041952,2675.927117711771
1785432547,40,,Aggregated,40.100000,0.200000,250,280,320,360,520,640,800,920,1600,1800,1800,3672,15,250,300.4588163399218,46.37399999774061,1814.3371000041952,2662.9833877995643
1785432548,40,,Aggregated,39.900000,0.300000,250,280,320,360,520,640,800,920,1600,1800,1800,3717,15,250,300.1069391445147,46.37399999774061,1814.3371000041952,2652.4170029593756
1785432549,40,,Aggregated,40.300000,0.300000,250,280,320,360,520,640,800,920,1600,1800,1800,3757,15,250,299.777611179179,46.37399999774061,1814.3371000041952,2641.30423210008
1785432550,40,,Aggregated,39.700000,0.300000,250,280,320,360,520,640,800,920,1600,1800,1800,3784,15,250,300.1666118922276,46.37399999774061,1814.3371000041952,2644.262156448203
1785432551,40,,Aggregated,40.000000,0.200000,250,280,320,370,520,640,800,920,1600,1800,1800,3834,16,250,301.6628557642635,46.37399999774061,1814.3371000041952,2631.5399061032863
1785432552,40,,Aggregated,40.500000,0.200000,250,280,320,370,520,640,800,920,1600,1800,1800,3878,17,250,301.31956890155084,46.37399999774061,1814.3371000041952,2618.744455905106
1785432553,40,,Aggregated,38.900000,0.200000,250,280,320,370,520,640,800,920,1600,1800,1800,3918,17,250,300.78470553860245,46.37399999774061,1814.3371000041952,2610.6194486983154
1785432554,40,,Aggregated,40.600000,0.300000,250,280,320,360,520,640,800,920,1600,1800,1800,3958,17,250,300.4399203133546,46.37399999774061,1814.3371000041952,2601.654370894391
1785432555,40,,Aggregated,40.400000,0.300000,250,280,320,370,520,640,800,920,1600,1800,1800,4000,17,250,300.34945400006626,46.37399999774061,1814.3371000041952,2590.77
1785432556,40,,Aggregated,40.500000,0.300000,250,280,320,360,520,640,800,920,1600,1800,1800,4035,17,250,299.94601187119605,46.37399999774061,1814.3371000041952,2583.090706319703
1785432557,40,,Aggregated,40.000000,0.300000,250,280,320,360,520,640,800,920,1600,1800,1800,4077,18,250,299.57529835670135,46.37399999774061,1814.3371000041952,2582.906548933039
1785432558,40,,Aggregated,40.500000,0.200000,250,280,320,360,520,630,800,920,1600,1800,1800,4119,18,250,299.1586182083735,46.37399999774061,1814.3371000041952,2578.2221412964313
1785432559,40,,Aggregated,39.700000,0.200000,250,280,320,360,520,630,790,920,1600,1800,1800,4155,18,250,298.9252134537418,46.37399999774061,1814.3371000041952,2570.676052948255
1785432560,40,,Aggregated,40.200000,0.300000,250,280,320,360,520,630,800,920,1600,1800,1800,4198,18,250,299.0774980229397,46.37399999774061,1814.3371000041952,2562.504525964745
1785432561,40,,Aggregated,40.100000,0.300000,250,280,320,360,520,630,790,920,1600,1800,1800,4239,18,250,298.446672021775,46.37399999774061,1814.3371000041952,2552.118660061335
1785432562,40,,Aggregated,39.900000,0.300000,250,280,320,360,520,630,790,920,1600,1800,1800,4277,18,250,297.85497949504844,46.37399999774061,1814.3371000041952,2550.1870469955575
1785432564,40,,Aggregated,41.400000,0.300000,250,280,320,360,520,630,790,910,1600,1800,1800,4318,18,250,297.83094344611095,46.37399999774061,1814.3371000041952,2548.38791106994
1785432565,40,,Aggregated,40.100000,0.200000,250,280,320,360,520,630,790,910,1600,1800,1800,4356,18,250,297.5904490358814,46.37399999774061,1814.3371000041952,2542.2318640955004
1785432566,40,,Aggregated,39.900000,0.100000,250,280,320,360,520,630,790,910,1600,1800,1800,4393,19,250,297.95873460057305,46.37399999774061,1814.3371000041952,2534.9549282950147
1785432567,40,,Aggregated,40.000000,0.100000,250,280,320,360,520,630,790,920,1600,1800,1800,4439,19,250,298.0979736653124,46.37399999774061,1814.3371000041952,2529.8533453480513
1785432567,40,,Aggregated,39.700000,0.100000,250,280,320,360,520,630,790,920,1600,1800,1800,4477,19,250,298.05343361633044,46.37399999774061,1814.3371000041952,2523.2340853249943
1785432569,40,,Aggregated,40.400000,0.200000,250,280,320,370,520,630,790,920,1600,1800,1800,4517,19,250,298.4752311490567,46.37399999774061,1814.3371000041952,2523.388532211645
1785432570,40,,Aggregated,39.800000,0.100000,250,280,320,370,520,630,790,920,1600,1800,1800,4559,20,250,298.5284339329431,46.37399999774061,1814.3371000041952,2513.352928273744
1785432571,40,,Aggregated,39.800000,0.100000,250,280,320,370,520,630,790,920,1600,1800,1800,4589,20,250,298.83622957077324,46.37399999774061,1814.3371000041952,2508.109174112007
1785432572,40,,Aggregated,40.200000,0.200000,250,280,330,370,520,640,800,930,1600,1800,1800,4629,20,250,300.3327087276475,46.37399999774061,1814.3371000041952,2505.3268524519335
1785432573,40,,Aggregated,39.100000,0.200000,250,290,330,370,520,640,800,930,1600,1800,1800,4676,20,250,301.20892557747766,46.37399999774061,1814.3371000041952,2500.665526090676
1785432574,40,,Aggregated,38.800000,0.200000,250,290,330,370,520,640,800,930,1600,1800,1800,4719,20,250,301.4956450307881,46.37399999774061,1814.3371000041952,2493.2691248145793
1785432575,40,,Aggregated,39.500000,0.200000,250,290,330,370,520,640,800,930,1600,1800,1800,4756,20,250,301.3798703112519,46.37399999774061,1814.3371000041952,2490.6850294365013
1785432576,40,,Aggregated,39.700000,0.200000,250,290,330,370,520,640,800,930,1600,1800,1800,4791,20,250,301.5928021708036,46.37399999774061,1814.3371000041952,2489.7973283239407
1785432577,40,,Aggregated,39.800000,0.200000,250,290,330,380,530,640,800,930,1600,1800,1800,4825,20,250,302.80066325395416,46.37399999774061,1814.3371000041952,2487.921243523316
1785432578,40,,Aggregated,39.700000,0.100000,250,290,330,380,530,650,810,970,1600,1800,1800,4865,20,250,304.7750682426118,46.37399999774061,1814.3371000041952,2489.545734840699
1785432579,40,,Aggregated,39.700000,0.100000,250,290,340,380,530,660,820,970,1700,1800,1800,4901,20,250,306.88295221389643,46.37399999774061,1814.3371000041952,2488.7265864109368
1785432580,40,,Aggregated,38.600000,0.100000,250,290,340,390,530,670,840,990,1700,1800,1800,4935,20,250,309.4611174671313,46.37399999774061,1814.3371000041952,2488.4322188449846
1785432581,40,,Aggregated,38.500000,0.100000,250,290,350,390,540,680,880,1000,1700,2400,2400,4978,21,250,312.0743952391103,46.37399999774061,2379.3742999987444,2478.03615910004
1785432582,40,,Aggregated,37.600000,0.000000,250,300,350,400,540,690,880,1000,1700,2400,2400,5015,21,250,313.85519812568157,46.37399999774061,2379.3742999987444,2473.063210368893
1785432583,40,,Aggregated,38.800000,0.100000,250,300,360,400,550,700,900,1000,1800,2400,2400,5056,21,250,316.59068920101225,46.37399999774061,2379.3742999987444,2466.574762658228
1785432584,40,,Aggregated,38.500000,0.100000,260,300,360,400,550,700,910,1000,1800,2400,2400,5104,22,260,318.0329146160535,46.37399999774061,2379.3742999987444,2455.1475313479623
1785432585,40,,Aggregated,38.000000,0.100000,260,300,360,400,550,700,910,1000,1800,2400,2400,5147,23,260,318.0962171945493,46.37399999774061,2379.3742999987444,2453.854478336895
1785432586,40,,Aggregated,38.500000,0.100000,260,300,360,400,550,700,910,1000,1800,2400,2400,5187,23,260,317.7289100829686,46.37399999774061,2379.3742999987444,2451.0266049739735
1785432587,40,,Aggregated,38.600000,0.300000,260,300,360,400,550,700,900,1000,1800,2400,2400,5228,24,250,317.1591352908077,46.37399999774061,2379.3742999987444,2449.8611323641926
1785432588,40,,Aggregated,39.600000,0.300000,250,300,360,400,550,700,900,1000,1800,2400,2400,5261,24,250,316.96805320288036,46.37399999774061,2379.3742999987444,2449.491921687892
1785432589,40,,Aggregated,39.800000,0.400000,260,300,360,400,550,710,900,1000,1800,2400,2400,5301,24,260,318.3168537635148,46.37399999774061,2379.3742999987444,2445.77004338804
1785432590,40,,Aggregated,39.500000,0.400000,260,300,360,410,550,710,910,1000,1800,2400,2400,5346,24,260,318.6166308081524,46.37399999774061,2379.3742999987444,2441.1494575383463
1785432591,40,,Aggregated,39.700000,0.400000,260,300,360,410,550,710,900,1000,1800,2400,2400,5389,25,260,318.2552742624587,46.37399999774061,2379.3742999987444,2436.7236964186304
1785432592,40,,Aggregated,40.700000,0.400000,260,300,360,400,550,710,900,1000,1800,2400,2400,5428,25,260,317.6302780030238,46.37399999774061,2379.3742999987444,2431.1849668386144
1785432593,40,,Aggregated,40.900000,0.400000,250,300,360,400,550,710,900,1000,1800,2400,2400,5467,26,250,317.4329730200103,46.37399999774061,2379.3742999987444,2428.030912749223
1785432594,40,,Aggregated,41.100000,0.400000,250,300,360,400,550,700,900,1000,1800,2400,2400,5508,26,250,317.3538023965871,46.37399999774061,2379.3742999987444,2422.96859114016
1785432595,40,,Aggregated,40.800000,0.500000,250,300,360,400,550,700,900,1000,1800,2400,2400,5548,26,250,316.7795664204049,46.37399999774061,2379.3742999987444,2416.2880317231434
1785432596,40,,Aggregated,40.700000,0.500000,250,300,360,400,550,700,900,1000,1800,2400,2400,5589,27,250,316.29920703174406,46.37399999774061,2379.3742999987444,2415.92610484881
1785432597,40,,Aggregated,40.400000,0.300000,250,300,360,400,550,700,900,1000,1800,2400,2400,5627,27,250,315.4879052071135,46.37399999774061,2379.3742999987444,2410.5297671938865
1785432598,40,,Aggregated,40.000000,0.400000,250,300,360,400,550,700,900,1000,1800,2400,2400,5666,27,250,315.14182165556116,46.37399999774061,2379.3742999987444,2406.9920578891633
1785432599,40,,Aggregated,40.200000,0.300000,250,300,360,400,550,700,890,1000,1800,2400,2400,5707,27,250,315.09953907488847,46.37399999774061,2379.3742999987444,2403.358682319958
1785432600,40,,Aggregated,40.500000,0.300000,250,300,360,400,550,700,900,1000,1800,2400,2400,5747,27,250,315.0483707500241,46.37399999774061,2379.3742999987444,2397.412563076388
1785432601,40,,Aggregated,40.600000,0.300000,250,300,360,400,550,700,900,1000,1800,2400,2400,5782,27,250,315.2770172086486,46.37399999774061,2379.3742999987444,2396.4852992044275
1785432602,40,,Aggregated,39.900000,0.300000,250,300,360,400,550,700,900,1000,1800,2400,2400,5825,27,250,315.3655098026496,46.37399999774061,2379.3742999987444,2395.1678969957084
1785432603,40,,Aggregated,39.400000,0.200000,250,300,360,400,550,700,900,1000,1800,2400,2400,5869,27,250,315.2490907139936,46.37399999774061,2379.3742999987444,2390.5195092860795
1785432604,40,,Aggregated,40.100000,0.200000,250,300,360,400,550,700,900,1000,1800,2400,2400,5906,27,250,314.8984669150699,46.37399999774061,2379.3742999987444,2390.3029122925836
1785432605,40,,Aggregated,40.200000,0.100000,250,300,360,400,550,690,900,1000,1800,2400,2400,5947,28,250,314.75166409961207,46.37399999774061,2379.3742999987444,2388.1217420548173
1785432606,40,,Aggregated,39.600000,0.100000,250,300,360,400,550,690,890,1000,1800,2400,2400,5984,28,250,314.5431229612956,45.439000001351815,2379.3742999987444,2383.005347593583
1785432607,40,,Aggregated,40.000000,0.200000,250,300,360,400,550,690,890,1000,1700,2400,2400,6027,28,250,314.6099990543256,45.439000001351815,2379.3742999987444,2380.219844035175
1785432608,40,,Aggregated,39.300000,0.100000,250,300,360,400,550,690,890,1000,1700,2400,2400,6065,28,250,314.596039225131,45.439000001351815,2379.3742999987444,2377.2257213520197
1785432609,40,,Aggregated,39.700000,0.100000,250,300,360,400,550,690,890,1000,1700,2400,2400,6106,29,250,314.9836470521472,45.439000001351815,2379.3742999987444,2374.155912217491
1785432610,40,,Aggregated,40.000000,0.100000,250,300,360,400,550,690,890,1000,1700,2400,2400,6148,29,250,314.8786764964913,45.439000001351815,2379.3742999987444,2372.3723162003903
1785432611,40,,Aggregated,39.600000,0.200000,250,300,360,400,550,690,890,1000,1700,2400,2400,6190,31,250,314.51935764142775,45.439000001351815,2379.3742999987444,2371.8730210016156
1785432612,40,,Aggregated,40.400000,0.200000,250,300,360,400,550,690,890,1000,1700,2400,2400,6229,31,250,314.3312274523121,45.439000001351815,2379.3742999987444,2371.337774923744
1785432613,40,,Aggregated,40.200000,0.400000,250,300,360,400,550,690,880,1000,1700,2400,2400,6270,31,250,314.02123098890604,45.439000001351815,2379.3742999987444,2370.2489633173846
1785432614,40,,Aggregated,39.700000,0.400000,250,300,360,400,550,690,880,1000,1700,2400,2400,6312,31,250,313.7136491287132,45.439000001351815,2379.3742999987444,2369.4778200253486
1785432615,40,,Aggregated,40.300000,0.400000,250,300,360,400,540,690,880,1000,1700,2400,2400,6353,32,250,313.12331374161573,45.439000001351815,2379.3742999987444,2367.7042342200534
1785432616,40,,Aggregated,40.100000,0.400000,250,300,360,400,540,690,880,1000,1700,2400,2400,6389,33,250,312.4560001096403,45.439000001351815,2379.3742999987444,2366.3889497573955
1785432617,40,,Aggregated,39.900000,0.300000,250,300,360,400,540,690,880,1000,1700,2400,2400,6427,34,250,312.3268761787001,45.439000001351815,2379.3742999987444,2360.078885949899
1785432618,40,,Aggregated,40.500000,0.500000,250,300,360,400,540,690,880,1000,1700,2400,2400,6469,34,250,312.2389256609239,45.439000001351815,2379.3742999987444,2356.8179007574586
1785432619,40,,Aggregated,39.900000,0.600000,250,300,360,400,540,690,880,1000,1700,2400,2400,6510,35,250,312.0876816590645,45.439000001351815,2379.3742999987444,2353.6652841781874
1785432620,40,,Aggregated,39.800000,0.600000,250,300,360,400,540,680,880,1000,1700,2400,2400,6550,35,250,311.75834088557343,45.439000001351815,2379.3742999987444,2352.18106870229
1785432621,40,,Aggregated,40.100000,0.500000,250,300,360,400,540,680,880,1000,1700,2400,2400,6589,35,250,311.45802329647734,45.439000001351815,2379.3742999987444,2351.546516922143
1785432622,40,,Aggregated,39.700000,0.600000,250,300,360,400,540,680,870,1000,1700,2400,2400,6630,36,250,311.2071747813706,45.439000001351815,2379.3742999987444,2352.0452488687783
1785432623,40,,Aggregated,39.700000,0.400000,250,290,360,400,540,680,870,1000,1700,2400,2400,6673,37,250,310.845851985691,45.439000001351815,2379.3742999987444,2350.688745691593
1785432624,40,,Aggregated,40.200000,0.500000,250,290,360,400,540,680,870,1000,1700,2400,2400,6709,37,250,310.45840412885684,45.439000001351815,2379.3742999987444,2345.869578178566
1785432625,40,,Aggregated,39.700000,0.600000,250,290,350,400,540,680,870,1000,1700,2400,2400,6750,37,250,310.1768082963671,45.439000001351815,2379.3742999987444,2342.4917037037035
1785432626,40,,Aggregated,39.900000,0.600000,250,290,350,400,540,680,870,1000,1700,2400,2400,6790,37,250,309.8835505155394,45.439000001351815,2379.3742999987444,2338.5293078055965
1785432627,40,,Aggregated,39.800000,0.600000,250,290,350,400,540,680,860,1000,1700,2400,2400,6834,37,250,309.62574972205203,45.439000001351815,2379.3742999987444,2340.48053848405
1785432628,40,,Aggregated,39.800000,0.400000,250,290,350,400,540,670,860,1000,1700,2400,2400,6873,37,250,309.1861831951839,45.439000001351815,2379.3742999987444,2336.5042921577187
1785432629,40,,Aggregated,40.300000,0.300000,250,290,350,400,540,670,860,1000,1700,2400,2400,6909,38,250,308.9897529599802,45.439000001351815,2379.3742999987444,2336.3511361991605
1785432630,40,,Aggregated,40.100000,0.300000,250,290,350,400,540,670,860,1000,1700,2400,2400,6949,40,250,309.06667107504575,45.439000001351815,2379.3742999987444,2332.5491437616924
1785432631,40,,Aggregated,40.200000,0.400000,250,290,360,400,540,670,860,1000,1700,2400,2400,6991,40,250,309.28005697332605,45.439000001351815,2379.3742999987444,2335.7751394650263
1785432632,40,,Aggregated,40.000000,0.500000,250,290,360,400,540,670,860,1000,1700,2400,2400,7031,40,250,309.47925061876515,45.439000001351815,2379.3742999987444,2334.023751955625
1785432633,40,,Aggregated,40.100000,0.500000,250,290,360,400,540,670,860,1000,1700,2400,2400,7073,41,250,309.41960076354366,45.439000001351815,2379.3742999987444,2333.153400254489
1785432634,40,,Aggregated,39.800000,0.400000,250,290,360,400,540,670,860,1000,1700,2400,2400,7112,42,250,309.6428993673456,45.439000001351815,2379.3742999987444,2335.064679415073
1785432635,40,,Aggregated,39.800000,0.400000,250,290,360,400,540,670,850,1000,1700,2400,2400,7152,43,250,309.597899440795,45.439000001351815,2379.3742999987444,2339.623322147651
1785432636,40,,Aggregated,39.600000,0.400000,250,290,360,400,540,670,850,1000,1700,2400,2400,7193,43,250,309.20109193668327,44.31339999428019,2379.3742999987444,2335.0229389684414
1785432637,40,,Aggregated,40.100000,0.500000,250,290,360,400,540,670,850,1000,1700,2400,2400,7231,43,250,308.90382438121674,44.31339999428019,2379.3742999987444,2335.8514728253353
1785432638,40,,Aggregated,40.100000,0.600000,250,290,360,400,540,670,850,1000,1700,2400,2400,7272,43,250,309.043548418671,44.31339999428019,2379.3742999987444,2336.4206545654565
1785432639,40,,Aggregated,40.100000,0.600000,250,290,360,400,540,670,850,1000,1700,2400,2400,7313,44,250,308.70087783407183,44.31339999428019,2379.3742999987444,2333.705319294407
1785432640,40,,Aggregated,39.600000,0.600000,250,290,360,400,540,670,850,1000,1700,2400,2400,7354,44,250,308.2716793038565,44.31339999428019,2379.3742999987444,2331.022572749524
1785432641,40,,Aggregated,40.000000,0.600000,250,290,350,400,530,670,850,1000,1700,2400,2400,7395,44,250,307.91552405687753,44.31339999428019,2379.3742999987444,2329.9323867478024
1785432642,40,,Aggregated,40.300000,0.400000,250,290,350,400,530,670,850,1000,1700,2400,2400,7429,45,250,307.828074424635,44.31339999428019,2379.3742999987444,2325.6494817606676
1785432643,40,,Aggregated,40.200000,0.400000,250,290,360,400,540,670,850,1000,1700,2400,2400,7474,45,250,308.05975595405135,44.31339999428019,2379.3742999987444,2323.91436981536
1785432644,40,,Aggregated,39.900000,0.400000,250,290,360,400,540,670,850,1000,1700,2400,2400,7513,45,250,308.12735929729314,44.31339999428019,2379.3742999987444,2322.8442699321176
1785432645,40,,Aggregated,40.000000,0.400000,250,290,360,400,540,670,850,1000,1700,2400,2400,7558,45,250,307.98450587464384,44.31339999428019,2379.3742999987444,2320.118020640381
1785432646,40,,Aggregated,40.100000,0.400000,250,290,360,400,540,670,850,1000,1700,2400,2400,7592,45,250,307.88364602219724,44.31339999428019,2379.3742999987444,2316.882903055848
1785432647,40,,Aggregated,39.700000,0.300000,250,290,360,400,540,670,850,1000,1700,2400,2400,7633,45,250,308.01817789866925,44.31339999428019,2379.3742999987444,2317.5713349927946
1785432648,40,,Aggregated,39.400000,0.200000,250,290,360,400,540,670,840,1000,1700,2400,2400,7674,46,250,308.04966012517133,44.31339999428019,2379.3742999987444,2319.111545478238
1785432649,40,,Aggregated,39.800000,0.200000,250,290,360,400,540,670,840,1000,1700,2400,2400,7715,46,250,308.38270185360534,44.31339999428019,2379.3742999987444,2317.0220349967594
1785432650,40,,Aggregated,40.200000,0.200000,250,290,360,400,540,670,840,1000,1700,2400,2400,7753,46,250,308.2467535019428,44.31339999428019,2379.3742999987444,2315.9673674706564
1785432651,40,,Aggregated,39.500000,0.200000,250,290,360,400,540,670,840,1000,1700,2400,2400,7795,46,250,308.01922656838696,44.31339999428019,2379.3742999987444,2314.624887748557
1785432652,40,,Aggregated,39.600000,0.200000,250,290,360,400,540,670,840,1000,1700,2400,2400,7834,46,250,307.8554826909083,44.31339999428019,2379.3742999987444,2312.8495021700282
1785432653,40,,Aggregated,40.000000,0.200000,250,290,360,400,540,670,840,1000,1700,2400,2400,7876,46,250,307.8950135856501,44.31339999428019,2379.3742999987444,2309.933341797867
1785432654,40,,Aggregated,40.100000,0.200000,250,290,360,400,530,670,840,1000,1700,2400,2400,7917,46,250,307.5452769484133,44.31339999428019,2379.3742999987444,2308.440191991916
1785432655,40,,Aggregated,40.200000,0.100000,250,290,360,400,540,670,840,1000,1700,2400,2400,7956,46,250,307.5894795752381,44.31339999428019,2379.3742999987444,2307.308320764203
1785432656,40,,Aggregated,40.200000,0.100000,250,290,360,400,540,670,840,1000,1700,2400,2400,7997,47,250,307.5259141428729,44.31339999428019,2379.3742999987444,2303.011379267225
1785432657,40,,Aggregated,40.100000,0.100000,250,290,360,400,540,670,840,1000,1700,2400,2400,8036,47,250,307.65880110758604,44.31339999428019,2379.3742999987444,2302.831508213041
1785432658,40,,Aggregated,40.400000,0.200000,250,290,360,400,540,670,840,1000,1700,2400,2400,8079,48,250,307.4893883278342,44.31339999428019,2379.3742999987444,2302.896893179849
1785432659,40,,Aggregated,39.700000,0.200000,250,290,360,400,540,670,840,1000,1700,2400,2400,8121,48,250,307.18309344915156,44.31339999428019,2379.3742999987444,2304.356483191725
1785432660,40,,Aggregated,40.100000,0.300000,240,290,360,400,530,670,840,1000,1700,2400,2400,8160,48,240,306.73680953438065,44.31339999428019,2379.3742999987444,2299.9610294117647
1785432661,40,,Aggregated,40.500000,0.200000,240,290,360,400,530,670,830,990,1700,2400,2400,8201,48,240,306.5377215706054,44.31339999428019,2379.3742999987444,2299.7452749664676
1785432662,40,,Aggregated,40.300000,0.200000,240,290,350,400,530,670,830,990,1700,2400,2400,8242,48,240,306.21024417623363,44.31339999428019,2379.3742999987444,2300.455107983499
1785432663,40,,Aggregated,39.900000,0.200000,240,290,350,400,530,670,830,990,1700,2400,2400,8281,48,240,305.95726268572776,44.31339999428019,2379.3742999987444,2299.057722497283
1785432664,40,,Aggregated,39.900000,0.200000,240,290,350,400,530,670,830,990,1700,2400,2400,8311,48,240,306.0048816629177,44.31339999428019,2379.3742999987444,2297.2565274936833
1785432665,40,,Aggregated,40.100000,0.200000,240,290,360,400,540,670,840,1000,1700,2400,2400,8350,48,240,306.8814466946714,44.31339999428019,2379.3742999987444,2297.1264670658684
1785432666,40,,Aggregated,39.500000,0.200000,250,290,360,400,540,670,850,1000,1700,2400,2400,8399,50,250,307.70081083468534,44.31339999428019,2379.3742999987444,2292.4105250625075
1785432667,40,,Aggregated,39.400000,0.200000,250,290,360,400,540,670,840,1000,1700,2400,2400,8435,51,250,307.6233159455266,44.31339999428019,2379.3742999987444,2290.926733847066
1785432668,40,,Aggregated,39.000000,0.200000,250,290,360,400,540,670,840,1000,1700,2400,2400,8477,51,250,307.789450937892,44.31339999428019,2379.3742999987444,2293.512799339389
1785432669,40,,Aggregated,40.200000,0.400000,250,290,360,400,540,670,840,1000,1700,2400,2400,8522,51,250,307.63646638119275,44.31339999428019,2379.3742999987444,2292.2829148087303
1785432670,40,,Aggregated,39.800000,0.300000,240,290,360,400,540,670,840,1000,1700,2400,2400,8561,52,240,307.2818190398994,44.31339999428019,2379.3742999987444,2288.580539656582
1785432671,40,,Aggregated,39.800000,0.300000,240,290,360,400,540,670,840,1000,1700,2400,2400,8601,52,240,307.15801146385274,44.31339999428019,2379.3742999987444,2285.4893617021276
1785432672,40,,Aggregated,40.000000,0.300000,240,290,360,400,540,670,840,1000,1700,2400,2400,8642,52,240,306.93890006949795,44.31339999428019,2379.3742999987444,2285.7594306873407
1785432673,40,,Aggregated,40.100000,0.400000,240,290,360,400,530,670,840,1000,1700,2400,2400,8679,52,240,306.75805340484175,44.31339999428019,2379.3742999987444,2285.4583477359142
1785432674,40,,Aggregated,40.200000,0.400000,240,290,360,400,530,670,840,1000,1700,2400,2400,8717,52,240,306.87462547902106,44.31339999428019,2379.3742999987444,2284.274406332454
1785432675,40,,Aggregated,39.900000,0.400000,240,290,360,400,540,670,840,1000,1700,2400,2400,8760,52,240,307.0694862900254,44.31339999428019,2379.3742999987444,2282.249885844749
1785432676,40,,Aggregated,40.100000,0.400000,240,290,360,400,530,670,840,1000,1700,2400,2400,8807,52,240,306.8339066538724,44.31339999428019,2379.3742999987444,2278.672873850346
1785432677,40,,Aggregated,40.400000,0.400000,240,290,360,400,530,670,840,1000,1700,2400,2400,8844,53,240,306.7202809702227,44.31339999428019,2379.3742999987444,2276.975802804161
1785432678,40,,Aggregated,40.900000,0.300000,240,290,360,400,530,670,840,1000,1700,2400,2400,8882,53,240,306.62025453733685,44.31339999428019,2379.3742999987444,2277.8455302859716
1785432679,40,,Aggregated,39.700000,0.100000,240,290,360,400,530,670,840,1000,1700,2400,2400,8922,54,240,306.6057166667387,44.31339999428019,2379.3742999987444,2275.313830979601
1785432680,40,,Aggregated,40.000000,0.200000,240,290,360,400,530,670,840,1000,1700,2400,2400,8960,54,240,306.56773805810633,44.31339999428019,2379.3742999987444,2275.1458705357145
1785432681,40,,Aggregated,40.000000,0.200000,240,290,360,400,530,670,840,1000,1700,2400,2400,9006,54,240,306.47268468806107,44.31339999428019,2379.3742999987444,2272.9599156118143
1785432682,40,,Aggregated,39.700000,0.300000,240,290,360,400,530,670,840,1000,1700,2400,2400,9049,55,240,306.2310770030537,44.31339999428019,2379.3742999987444,2271.599292739529
1785432683,40,,Aggregated,39.900000,0.200000,240,290,360,400,530,670,840,1000,1700,2400,2400,9083,56,240,306.0307537818601,44.31339999428019,2379.3742999987444,2270.090058350765
1785432684,40,,Aggregated,40.100000,0.300000,240,290,360,400,530,670,840,990,1700,2400,2400,9127,57,240,305.97395741214245,44.31339999428019,2379.3742999987444,2266.6929987947847
1785432685,40,,Aggregated,40.100000,0.300000,240,290,360,400,530,670,840,990,1700,2400,2400,9167,57,240,305.7780624414338,44.31339999428019,2379.3742999987444,2267.451183593324
1785432686,40,,Aggregated,40.300000,0.500000,240,290,360,400,530,660,830,990,1700,2400,2400,9202,57,240,305.60229104549387,44.31339999428019,2379.3742999987444,2264.1034557704847
1785432687,40,,Aggregated,40.300000,0.500000,240,290,360,400,530,670,830,990,1700,2400,2400,9243,57,240,305.69823496707056,44.31339999428019,2379.3742999987444,2263.5503624364383
1785432688,40,,Aggregated,40.200000,0.500000,240,290,360,400,530,670,830,990,1700,2400,2400,9283,58,240,305.8863438005658,44.31339999428019,2379.3742999987444,2262.7693633523645
1785432689,40,,Aggregated,40.200000,0.500000,240,290,360,400,530,670,840,990,1700,2400,2400,9323,59,240,306.08914440637625,44.31339999428019,2379.3742999987444,2261.348171189531
1785432690,40,,Aggregated,40.000000,0.500000,240,290,360,400,530,670,840,990,1700,2400,2400,9368,60,240,306.12076104831766,44.31339999428019,2379.3742999987444,2260.275512382579
1785432691,40,,Aggregated,39.600000,0.500000,240,290,360,400,530,670,840,990,1700,2400,2400,9406,62,240,305.9770951733581,44.31339999428019,2379.3742999987444,2256.337018924091
1785432692,40,,Aggregated,40.200000,0.500000,240,290,360,400,530,670,840,990,1700,2400,2400,9450,62,240,305.83502585191286,44.31339999428019,2379.3742999987444,2252.7726984126984
1785432693,40,,Aggregated,40.000000,0.700000,240,290,360,400,530,670,830,990,1700,2400,2400,9488,62,240,305.688305333116,44.31339999428019,2379.3742999987444,2251.3529721753794
1785432694,40,,Aggregated,39.900000,0.700000,240,290,360,400,530,670,830,990,1700,2400,2400,9529,62,240,305.4677876797776,44.31339999428019,2379.3742999987444,2251.600692622521
1785432695,40,,Aggregated,39.600000,0.700000,240,290,360,400,530,670,830,990,1700,2400,2400,9566,62,240,305.44661087190525,44.31339999428019,2379.3742999987444,2250.879782563245
1785432696,40,,Aggregated,40.100000,0.500000,240,290,360,400,530,670,840,990,1700,2400,2400,9598,62,240,305.5551706397836,44.31339999428019,2379.3742999987444,2250.183475724109
1785432697,40,,Aggregated,39.700000,0.500000,240,290,360,400,530,670,840,990,1700,2400,2400,9644,62,240,306.113242783141,44.31339999428019,2379.3742999987444,2247.489008710079
1785432698,40,,Aggregated,39.500000,0.500000,240,290,360,400,530,670,840,1000,1700,2400,2400,9686,62,240,306.24946772667795,44.31339999428019,2379.3742999987444,2245.210922981623
1785432699,40,,Aggregated,39.500000,0.500000,240,290,360,400,530,670,840,1000,1700,2400,2400,9725,63,240,306.4454742931195,44.31339999428019,2379.3742999987444,2242.822313624679
1785432700,40,,Aggregated,39.900000,0.400000,240,290,360,400,530,670,840,1000,1700,2400,2400,9767,63,240,306.4474386608574,44.31339999428019,2379.3742999987444,2241.9554622709124
1785432701,40,,Aggregated,39.600000,0.400000,240,290,360,400,530,670,840,1000,1700,2400,2400,9803,63,240,306.41367606861206,44.31339999428019,2379.3742999987444,2241.5310619198203
1785432702,40,,Aggregated,39.700000,0.400000,240,290,360,400,530,670,840,1000,1700,2400,2400,9842,63,240,306.67647409069644,44.31339999428019,2379.3742999987444,2238.6182686445845
1785432703,40,,Aggregated,39.500000,0.200000,240,290,360,400,530,670,840,1000,1700,2400,2400,9886,63,240,306.88148034600744,40.15890000300715,2379.3742999987444,2236.1616427270887
1785432704,40,,Aggregated,39.300000,0.100000,240,290,360,400,530,670,840,990,1700,2400,2400,9927,63,240,306.79475442738357,40.15890000300715,2379.3742999987444,2234.164601591619
1785432705,40,,Aggregated,39.300000,0.100000,240,290,360,400,530,670,840,990,1700,2400,2400,9968,63,240,306.62095321033917,40.15890000300715,2379.3742999987444,2232.474518459069
1785432706,40,,Aggregated,39.600000,0.100000,240,290,360,400,530,670,840,990,1700,2400,2400,10006,63,240,306.64511987814006,40.15890000300715,2379.3742999987444,2234.4188486907856
1785432707,40,,Aggregated,40.000000,0.100000,240,290,360,400,530,670,840,990,1700,2400,2400,10048,63,240,306.73392023294446,40.15890000300715,2379.3742999987444,2232.7604498407645
1785432708,40,,Aggregated,40.000000,0.100000,240,290,360,400,530,670,840,990,1700,2400,2400,10088,64,240,306.6379195976033,40.15890000300715,2379.3742999987444,2231.3917525773195
1785432709,40,,Aggregated,40.200000,0.100000,240,290,360,400,530,670,840,990,1700,2400,2400,10130,64,240,306.5411376012447,40.15890000300715,2379.3742999987444,2231.7039486673248
1785432710,40,,Aggregated,40.100000,0.100000,240,290,360,400,530,670,840,990,1700,2400,2400,10167,64,240,306.4155491886095,40.15890000300715,2379.3742999987444,2231.5595554244123
1785432711,40,,Aggregated,40.500000,0.200000,240,290,360,400,530,670,840,980,1700,2400,2400,10206,64,240,306.49315937689494,40.15890000300715,2379.3742999987444,2228.24818734078
1785432712,40,,Aggregated,39.900000,0.100000,240,290,360,400,530,670,840,980,1700,2400,2400,10245,64,240,306.41844270381756,40.15890000300715,2379.3742999987444,2228.0748657881895
1785432713,40,,Aggregated,40.200000,0.100000,240,290,360,400,530,670,840,990,1700,2400,2400,10293,64,240,306.4321421063471,40.15890000300715,2379.3742999987444,2229.877100942388
1785432714,40,,Aggregated,40.100000,0.100000,240,290,360,400,530,670,840,980,1700,2400,2400,10331,65,240,306.42106281101576,40.15890000300715,2379.3742999987444,2230.161746200755
1785432715,40,,Aggregated,40.400000,0.100000,240,290,360,400,530,670,840,980,1700,2400,2400,10369,65,240,306.2848719259914,40.15890000300715,2379.3742999987444,2230.6335230012537
1785432716,40,,Aggregated,40.100000,0.100000,240,290,360,400,530,660,840,980,1700,2400,2400,10407,65,240,306.32123780153785,40.15890000300715,2379.3742999987444,2227.413952147593
1785432717,40,,Aggregated,40.000000,0.200000,240,290,360,400,530,660,840,980,1700,2400,2400,10446,65,240,306.35685915188975,38.006499999028165,2379.3742999987444,2226.9355734252345
1785432718,40,,Aggregated,39.900000,0.200000,240,290,360,400,530,670,830,980,1700,2400,2400,10488,66,240,306.47876772508016,38.006499999028165,2379.3742999987444,2225.226353928299
1785432719,40,,Aggregated,40.100000,0.200000,240,290,360,400,530,670,830,980,1700,2400,2400,10528,66,240,306.57830520523163,38.006499999028165,2379.3742999987444,2224.2323328267476
1785432720,40,,Aggregated,39.400000,0.300000,240,290,360,400,530,670,830,980,1700,2400,2400,10576,66,240,306.45670057683935,38.006499999028165,2379.3742999987444,2221.8601550680787
1785432721,40,,Aggregated,39.600000,0.200000,240,290,360,400,530,660,830,980,1700,2400,2400,10612,67,240,306.209350735079,38.006499999028165,2379.3742999987444,2222.0002826988316
1785432722,40,,Aggregated,40.200000,0.200000,240,290,360,400,530,660,830,980,1700,2400,2400,10651,67,240,306.0633972679242,38.006499999028165,2379.3742999987444,2222.178950333302
1785432723,40,,Aggregated,40.100000,0.200000,240,290,360,400,530,660,830,980,1700,2400,2400,10692,68,240,306.01322797424984,38.006499999028165,2379.3742999987444,2222.5347923681256
1785432724,40,,Aggregated,40.200000,0.300000,240,290,360,400,530,660,830,980,1700,2400,2400,10730,68,240,305.9628842218708,38.006499999028165,2379.3742999987444,2220.616309412861
1785432725,40,,Aggregated,40.200000,0.300000,240,290,360,400,530,660,830,980,1700,2400,2400,10772,68,240,305.8251167564708,38.006499999028165,2379.3742999987444,2223.224378017081
1785432726,40,,Aggregated,39.800000,0.400000,240,290,360,400,530,660,830,970,1700,2400,2400,10805,68,240,305.72041712176963,38.006499999028165,2379.3742999987444,2224.018232299861
1785432727,40,,Aggregated,39.800000,0.300000,240,290,360,400,530,660,830,970,1700,2400,2400,10848,69,240,305.60960491341206,38.006499999028165,2379.3742999987444,2224.853890117994
1785432728,40,,Aggregated,39.800000,0.300000,240,290,360,400,530,660,830,970,1700,2400,2400,10887,69,240,305.3109070267916,38.006499999028165,2379.3742999987444,2226.5883163405897
1785432729,40,,Aggregated,39.600000,0.300000,240,290,360,400,530,660,830,970,1700,2400,2400,10918,69,240,305.3182973988507,38.006499999028165,2379.3742999987444,2224.753159919399
1785432730,40,,Aggregated,40.200000,0.300000,240,290,360,400,530,660,830,970,1700,2400,2400,10958,70,240,305.40569092906173,38.006499999028165,2379.3742999987444,2224.5400620551195
1785432731,40,,Aggregated,39.700000,0.300000,240,290,360,400,530,660,830,970,1700,2400,2400,10993,71,240,305.42210813250637,38.006499999028165,2379.3742999987444,2223.421359046666
1785432732,40,,Aggregated,38.600000,0.300000,240,290,360,400,530,660,830,970,1700,2400,2400,11034,71,240,305.55583071421574,38.006499999028165,2379.3742999987444,2223.0477614645642
1785432733,40,,Aggregated,38.500000,0.400000,240,290,360,400,530,660,830,970,1700,2400,2400,11074,73,240,305.49720843422875,38.006499999028165,2379.3742999987444,2220.823189452772
1785432734,40,,Aggregated,38.200000,0.400000,240,290,360,400,530,660,830,970,1700,2400,2400,11115,74,240,305.29213701310545,38.006499999028165,2379.3742999987444,2220.496986054881
1785432735,40,,Aggregated,38.400000,0.400000,240,290,360,400,530,660,830,970,1700,2400,2400,11147,74,240,305.3399624563264,38.006499999028165,2379.3742999987444,2220.8143895218445
1785432736,40,,Aggregated,38.400000,0.500000,240,290,360,400,530,660,830,970,1700,2400,2400,11189,75,240,305.40580092060657,38.006499999028165,2379.3742999987444,2221.7083742961836
1785432737,40,,Aggregated,38.100000,0.600000,240,290,360,400,530,660,830,970,1700,2400,2400,11226,75,240,305.40901682706897,38.006499999028165,2379.3742999987444,2219.7265277035453
1785432738,40,,Aggregated,38.100000,0.600000,240,290,360,400,530,660,830,970,1700,2400,2400,11265,76,240,305.2933892499484,38.006499999028165,2379.3742999987444,2219.7320905459387
1785432739,40,,Aggregated,37.800000,0.700000,240,290,360,400,530,660,830,970,1700,2400,2400,11301,76,240,305.1200067605252,38.006499999028165,2379.3742999987444,2220.8296610919388
1785432740,40,,Aggregated,37.700000,0.600000,240,290,360,400,530,660,830,970,1700,2400,2400,11339,77,240,305.1924121351691,38.006499999028165,2379.3742999987444,2221.5556927418643
1785432741,40,,Aggregated,37.700000,0.700000,240,290,360,400,530,660,830,970,1700,2400,2400,11382,77,240,305.07146791430887,38.006499999028165,2379.3742999987444,2219.6134247056757
1785432742,40,,Aggregated,37.900000,0.700000,240,290,360,400,530,660,830,970,1700,2400,2400,11417,77,240,305.02418921789155,38.006499999028165,2379.3742999987444,2220.3550845230798
1785432743,40,,Aggregated,37.900000,0.700000,240,290,360,400,530,660,830,970,1700,2400,2400,11452,77,240,304.8756867272662,38.006499999028165,2379.3742999987444,2220.671585749214
1785432744,40,,Aggregated,38.500000,0.600000,240,290,360,400,530,660,830,970,1700,2400,2400,11493,77,240,304.7274749152224,38.006499999028165,2379.3742999987444,2220.2906116766726
1785432745,40,,Aggregated,38.300000,0.600000,240,290,360,400,530,660,830,970,1700,2400,2400,11530,78,240,304.6099989853113,38.006499999028165,2379.3742999987444,2219.8378143972245
1785432746,40,,Aggregated,37.700000,0.400000,240,290,360,400,530,660,830,970,1700,2400,2400,11555,78,240,304.75388722636154,38.006499999028165,2379.3742999987444,2217.294331458243
1785432747,40,,Aggregated,38.300000,0.300000,240,290,360,400,540,670,830,980,1700,2400,2400,11581,78,240,305.9749744754879,38.006499999028165,2379.3742999987444,2215.4578188412056
1785432748,40,,Aggregated,38.100000,0.400000,240,290,360,410,540,670,850,1000,1700,2400,2400,11628,79,240,307.54173305818756,38.006499999028165,2379.3742999987444,2213.589095287238
1785432749,40,,Aggregated,36.400000,0.300000,240,290,360,410,540,670,850,1000,1700,2400,2500,11675,79,240,308.093298501124,38.006499999028165,2453.293099999428,2211.616102783726
1785432750,40,,Aggregated,35.100000,0.300000,240,290,360,410,540,670,850,1000,1700,2400,2500,11714,79,240,307.92461826025243,38.006499999028165,2453.293099999428,2211.8725456718457
1785432751,40,,Aggregated,36.200000,0.300000,240,290,360,410,540,670,850,1000,1700,2400,2500,11751,80,240,307.9498714152502,38.006499999028165,2453.293099999428,2213.2034720449324
1785432752,40,,Aggregated,37.200000,0.300000,240,290,360,410,540,670,850,1000,1700,2400,2500,11793,80,240,307.77061666247727,38.006499999028165,2453.293099999428,2213.6960909013824
1785432753,40,,Aggregated,37.100000,0.200000,240,290,360,410,540,670,850,1000,1700,2400,2500,11828,80,240,307.60550251104036,38.006499999028165,2453.293099999428,2214.1170104835983
1785432754,40,,Aggregated,36.900000,0.300000,240,290,360,410,540,670,850,1000,1700,2400,2500,11866,80,240,307.44100360699315,38.006499999028165,2453.293099999428,2215.323782234957
1785432755,40,,Aggregated,36.800000,0.300000,240,290,360,410,540,670,840,1000,1700,2400,2500,11904,80,240,307.23601305448534,38.006499999028165,2453.293099999428,2214.6178595430106
1785432756,40,,Aggregated,37.500000,0.300000,240,290,360,400,540,670,840,1000,1700,2400,2500,11944,80,240,306.95408443574956,38.006499999028165,2453.293099999428,2214.0851473543203
1785432757,40,,Aggregated,36.900000,0.300000,240,290,360,400,540,670,840,1000,1700,2400,2500,11982,80,240,306.69202144889135,38.006499999028165,2453.293099999428,2214.160991487231
1785432758,40,,Aggregated,37.300000,0.200000,240,290,360,400,540,670,840,1000,1700,2400,2500,12018,81,240,306.449230687353,38.006499999028165,2453.293099999428,2217.1142452987187
1785432759,40,,Aggregated,39.200000,0.200000,240,290,360,400,540,670,840,1000,1700,2400,2500,12059,81,240,306.2635417033425,38.006499999028165,2453.293099999428,2216.356745998839
1785432760,40,,Aggregated,40.100000,0.200000,240,290,360,400,540,670,840,1000,1700,2400,2500,12099,81,240,305.90716128610853,38.006499999028165,2453.293099999428,2218.0235556657576
1785432761,40,,Aggregated,39.200000,0.200000,240,290,360,400,540,670,840,1000,1700,2400,2500,12133,81,240,305.6402850820587,38.006499999028165,2453.293099999428,2217.7839775818015
1785432762,40,,Aggregated,38.500000,0.200000,240,290,360,400,530,670,840,1000,1700,2400,2500,12172,81,240,305.3595478886458,38.006499999028165,2453.293099999428,2216.9783108774236
1785432763,40,,Aggregated,38.500000,0.200000,240,290,360,400,530,670,840,1000,1700,2400,2500,12210,82,240,305.06983522527406,38.006499999028165,2453.293099999428,2215.8276003276005
1785432764,40,,Aggregated,38.100000,0.100000,240,290,360,400,530,670,840,1000,1700,2400,2500,12248,82,240,305.03166077731584,38.006499999028165,2453.293099999428,2216.4286414108424
1785432765,40,,Aggregated,38.200000,0.100000,240,290,360,400,530,670,840,1000,1700,2400,2500,12286,82,240,304.8411726192866,38.006499999028165,2453.293099999428,2217.5253133648052
1785432766,40,,Aggregated,37.900000,0.200000,240,290,360,400,530,670,840,1000,1700,2400,2500,12322,82,240,304.80598449931387,38.006499999028165,2453.293099999428,2218.1587404642105
1785432767,40,,Aggregated,37.900000,0.200000,240,290,360,400,530,670,840,1000,1700,2400,2500,12361,83,240,304.65581958583664,38.006499999028165,2453.293099999428,2219.0175552139794
1785432768,40,,Aggregated,37.900000,0.200000,240,290,360,400,530,670,840,1000,1700,2400,2500,12398,83,240,304.47712506053773,38.006499999028165,2453.293099999428,2219.599854815293
1785432770,40,,Aggregated,37.500000,0.200000,240,290,360,400,530,670,840,1000,1700,2400,2500,12442,83,240,304.1368503295718,38.006499999028165,2453.293099999428,2219.2187751165407
1785432771,40,,Aggregated,37.700000,0.300000,240,290,360,400,530,670,840,1000,1700,2400,2500,12477,83,240,303.8735720526204,38.006499999028165,2453.293099999428,2221.7541075579065
1785432772,40,,Aggregated,38.000000,0.200000,240,290,360,400,530,670,840,1000,1700,2400,2500,12517,83,240,303.56761611412804,38.006499999028165,2453.293099999428,2222.132300071902
1785432773,40,,Aggregated,37.800000,0.200000,240,290,360,400,530,660,840,1000,1700,2400,2500,12555,83,240,303.3462432338156,38.006499999028165,2453.293099999428,2220.6294703305457
1785432774,40,,Aggregated,38.100000,0.200000,240,290,360,400,530,660,840,1000,1700,2400,2500,12593,83,240,303.0752347812713,38.006499999028165,2453.293099999428,2222.502263162074
1785432775,40,,Aggregated,37.900000,0.200000,240,290,360,400,530,660,830,990,1700,2400,2500,12631,83,240,302.94153182649967,38.006499999028165,2453.293099999428,2223.6380334098644
1785432776,40,,Aggregated,38.000000,0.100000,240,290,360,400,530,660,830,990,1700,2400,2500,12669,83,240,302.67107488361546,38.006499999028165,2453.293099999428,2222.900860367827
1785432777,40,,Aggregated,38.000000,0.100000,240,290,360,400,530,660,830,990,1700,2400,2500,12704,83,240,302.5562880353044,38.006499999028165,2453.293099999428,2221.4915774559195
1785432778,40,,Aggregated,38.000000,0.100000,240,290,360,400,530,660,830,990,1700,2400,2500,12746,83,240,302.3562545583335,38.006499999028165,2453.293099999428,2221.8284167581987
1785432779,40,,Aggregated,38.000000,0.100000,240,290,360,400,530,660,830,990,1700,2400,2500,12781,84,240,302.10504728116285,38.006499999028165,2453.293099999428,2221.1480322353495
1785432780,40,,Aggregated,38.300000,0.000000,240,290,360,400,530,660,830,990,1700,2400,2500,12818,84,240,302.1916988142101,38.006499999028165,2453.293099999428,2220.3843033234516
1785432781,40,,Aggregated,38.100000,0.100000,240,290,360,400,530,660,830,990,1700,2400,2500,12860,84,240,302.12860136085146,38.006499999028165,2453.293099999428,2219.5264385692067
1785432782,40,,Aggregated,37.400000,0.100000,240,290,350,400,530,660,830,990,1700,2400,2500,12898,84,240,301.9062983563748,38.006499999028165,2453.293099999428,2220.0041091642115
1785432783,40,,Aggregated,37.900000,0.100000,240,290,350,400,530,660,830,990,1700,2400,2500,12934,84,240,301.8136092160596,38.006499999028165,2453.293099999428,2219.534637389825
1785432784,40,,Aggregated,37.900000,0.100000,240,290,350,400,530,660,830,990,1700,2400,2500,12975,86,240,301.6766623738381,38.006499999028165,2453.293099999428,2217.674527938343
1785432785,40,,Aggregated,37.900000,0.100000,240,290,350,400,530,660,830,990,1700,60000,60000,13018,88,240,310.7029137271888,38.006499999028165,60292.84870000265,2217.3840067598708
1785432786,40,,Aggregated,38.100000,0.300000,240,290,350,400,530,660,830,990,1700,60000,60000,13053,88,240,310.61761342990405,38.006499999028165,60292.84870000265,2216.51482417835
1785432787,40,,Aggregated,38.400000,0.500000,240,290,350,400,530,660,830,990,1700,60000,60000,13095,88,240,310.5064260405183,38.006499999028165,60292.84870000265,2214.9951890034363
1785432788,40,,Aggregated,38.000000,0.500000,240,290,350,390,530,660,830,990,1700,60000,60000,13139,88,240,310.25314756074096,38.006499999028165,60292.84870000265,2214.586802648603
1785432789,40,,Aggregated,38.700000,0.500000,240,290,350,390,530,660,830,990,1700,60000,60000,13178,88,240,310.02972670364045,38.006499999028165,60292.84870000265,2212.7395659432386
1785432790,40,,Aggregated,38.800000,0.500000,240,290,350,390,530,660,830,980,1700,60000,60000,13216,89,240,309.90919794949474,38.006499999028165,60292.84870000265,2212.09026937046
1785432791,40,,Aggregated,39.200000,0.400000,240,290,350,390,530,660,830,980,1700,60000,60000,13254,89,240,309.88221911125106,38.006499999028165,60292.84870000265,2211.992379658971
1785432792,40,,Aggregated,39.300000,0.400000,240,290,350,390,530,660,830,980,1700,60000,60000,13292,89,240,309.7901140235134,38.006499999028165,60292.84870000265,2210.2646704784834
1785432793,40,,Aggregated,39.700000,0.500000,240,290,350,390,530,660,830,980,1700,60000,60000,13335,89,240,309.9207449494232,38.006499999028165,60292.84870000265,2208.6928383952004
1785432794,40,,Aggregated,39.300000,0.500000,240,290,350,390,530,660,830,990,1700,60000,60000,13378,90,240,309.962717252249,38.006499999028165,60292.84870000265,2209.5787860666765
1785432795,40,,Aggregated,39.700000,0.500000,240,290,350,390,530,660,830,980,1700,60000,60000,13415,90,240,309.74608190090106,38.006499999028165,60292.84870000265,2208.905851658591
1785432796,40,,Aggregated,39.700000,0.400000,240,290,350,390,530,660,830,980,1700,60000,60000,13458,90,240,309.63443106706643,38.006499999028165,60292.84870000265,2209.9708723435874
1785432797,40,,Aggregated,40.000000,0.200000,240,290,350,390,530,660,830,980,1700,60000,60000,13498,90,240,309.39879617725614,38.006499999028165,60292.84870000265,2208.745073344199
1785432798,40,,Aggregated,40.800000,0.200000,240,290,350,390,530,660,830,980,1700,60000,60000,13534,90,240,309.15842562439997,38.006499999028165,60292.84870000265,2209.328727648884
1785432799,40,,Aggregated,40.200000,0.200000,240,290,350,390,530,660,830,980,1700,60000,60000,13578,90,240,309.05985253355595,38.006499999028165,60292.84870000265,2208.943437914273
1785432800,40,,Aggregated,39.900000,0.200000,240,290,350,390,530,660,830,980,1700,60000,60000,13614,90,240,308.9819155208353,38.006499999028165,60292.84870000265,2209.8973115910094
1785432801,40,,Aggregated,39.700000,0.200000,240,290,350,390,530,660,830,980,1700,60000,60000,13659,90,240,308.854952617371,38.006499999028165,60292.84870000265,2211.301852258584
1785432802,40,,Aggregated,39.900000,0.200000,240,290,350,390,530,660,830,980,1700,60000,60000,13694,90,240,308.8357665401389,38.006499999028165,60292.84870000265,2213.367022053454
1785432803,40,,Aggregated,39.700000,0.100000,240,290,350,390,530,660,830,980,1700,60000,60000,13738,90,240,308.87070056781675,38.006499999028165,60292.84870000265,2211.082981511137
1785432804,40,,Aggregated,39.800000,0.100000,240,290,350,390,530,660,830,980,1700,60000,60000,13776,90,240,308.72130387635235,38.006499999028165,60292.84870000265,2209.7181329849013
1785432805,40,,Aggregated,40.300000,0.100000,240,290,350,390,520,660,830,980,1700,60000,60000,13817,91,240,308.5688000072829,38.006499999028165,60292.84870000265,2208.506405153072
1785432806,40,,Aggregated,40.000000,0.000000,240,290,350,390,520,660,830,980,1700,60000,60000,13858,92,240,308.5223264468631,38.006499999028165,60292.84870000265,2207.5145042574686
1785432807,40,,Aggregated,39.500000,0.100000,240,290,350,390,520,660,830,980,1700,60000,60000,13899,92,240,308.25990810854216,38.006499999028165,60292.84870000265,2205.0872005180227
1785432808,40,,Aggregated,39.500000,0.200000,240,290,350,390,520,660,830,980,1700,60000,60000,13939,92,240,308.10451522351605,38.006499999028165,60292.84870000265,2205.2508788291843
1785432809,40,,Aggregated,40.000000,0.200000,240,290,350,390,520,660,830,980,1700,60000,60000,13976,92,240,307.9556971093712,38.006499999028165,60292.84870000265,2205.3364338866627
1785432810,40,,Aggregated,40.200000,0.200000,240,290,350,390,520,660,830,970,1700,60000,60000,14014,92,240,307.91352660200874,38.006499999028165,60292.84870000265,2205.164121592693
1785432811,40,,Aggregated,40.100000,0.200000,240,290,350,390,520,660,830,980,1700,60000,60000,14060,93,240,308.0365709673246,38.006499999028165,60292.84870000265,2205.065789473684
1785432812,40,,Aggregated,39.600000,0.200000,240,290,350,390,520,660,830,980,1700,60000,60000,14095,93,240,307.9438395105056,38.006499999028165,60292.84870000265,2204.449804895353
1785432813,40,,Aggregated,39.900000,0.300000,240,290,350,390,520,660,830,980,1700,60000,60000,14139,93,240,307.8220704647129,38.006499999028165,60292.84870000265,2202.5803097814555
1785432814,40,,Aggregated,40.600000,0.300000,240,290,350,390,520,660,830,980,1700,60000,60000,14179,93,240,307.7206657169463,38.006499999028165,60292.84870000265,2204.109246068129
1785432815,40,,Aggregated,39.800000,0.300000,240,290,350,390,520,660,830,980,1700,60000,60000,14216,93,240,307.69001129013526,38.006499999028165,60292.84870000265,2204.8190067529545
1785432816,40,,Aggregated,39.800000,0.300000,240,290,350,390,520,660,830,980,1700,60000,60000,14258,93,240,307.6291260555872,38.006499999028165,60292.84870000265,2203.927759854117
1785432817,40,,Aggregated,40.000000,0.200000,240,290,350,390,520,660,830,980,1700,60000,60000,14300,93,240,307.4663160839552,38.006499999028165,60292.84870000265,2202.2156643356643
1785432818,40,,Aggregated,39.800000,0.100000,240,290,350,390,520,650,830,980,1700,60000,60000,14342,93,240,307.27691494216606,38.006499999028165,60292.84870000265,2200.0720959419887
1785432819,40,,Aggregated,39.900000,0.100000,240,290,350,390,520,650,830,980,1700,60000,60000,14381,93,240,307.153370447154,38.006499999028165,60292.84870000265,2199.7162227939643
1785432820,40,,Aggregated,40.000000,0.100000,240,290,350,390,520,650,830,980,1700,60000,60000,14425,93,240,306.95052022880554,38.006499999028165,60292.84870000265,2199.6494974003467
1785432821,40,,Aggregated,39.800000,0.100000,240,290,350,390,520,650,820,980,1700,60000,60000,14456,93,240,306.76726512178516,38.006499999028165,60292.84870000265,2200.514111787493
1785432822,40,,Aggregated,40.600000,0.100000,240,290,350,390,520,660,830,980,1700,60000,60000,14493,93,240,307.2324807700633,38.006499999028165,60292.84870000265,2198.9093355412956
1785432823,40,,Aggregated,40.200000,0.000000,240,290,350,390,520,660,830,980,1700,60000,60000,14535,93,240,307.72642921228226,38.006499999028165,60292.84870000265,2198.0684554523564
1785432824,40,,Aggregated,38.900000,0.000000,240,290,350,390,520,660,830,980,1700,60000,60000,14580,93,240,307.8358938957848,38.006499999028165,60292.84870000265,2196.1564471879287
1785432825,40,,Aggregated,39.100000,0.000000,240,290,350,390,520,660,830,980,1700,60000,60000,14618,93,240,307.80396565197333,38.006499999028165,60292.84870000265,2195.8779586810783
1785432826,40,,Aggregated,39.900000,0.000000,240,290,350,390,520,660,830,980,1700,60000,60000,14655,93,240,307.95366342548954,38.006499999028165,60292.84870000265,2197.335585124531
1785432827,40,,Aggregated,40.000000,0.000000,240,290,350,390,530,660,830,980,1700,60000,60000,14697,93,240,308.07106219640394,38.006499999028165,60292.84870000265,2199.1771790161256
1785432828,40,,Aggregated,39.300000,0.000000,240,290,350,390,530,660,830,980,1700,60000,60000,14734,93,240,308.28623055521564,38.006499999028165,60292.84870000265,2198.58884213384
1785432829,40,,Aggregated,39.300000,0.000000,240,290,350,390,530,660,830,980,1700,60000,60000,14772,93,240,308.74163698893506,38.006499999028165,60292.84870000265,2197.1102085025723
1785432830,40,,Aggregated,39.200000,0.000000,240,290,360,390,530,660,830,980,1700,60000,60000,14816,93,240,309.1777991496031,38.006499999028165,60292.84870000265,2197.4370950323973
1785432831,40,,Aggregated,39.100000,0.000000,240,290,360,390,530,660,830,980,1700,60000,60000,14845,94,240,309.4039568272489,38.006499999028165,60292.84870000265,2198.5960929605926
1785432832,40,,Aggregated,39.100000,0.000000,240,290,360,400,530,660,840,990,1700,60000,60000,14891,95,240,310.0565165805215,38.006499999028165,60292.84870000265,2198.2336982069705
1785432833,40,,Aggregated,38.600000,0.100000,240,290,360,400,530,670,840,990,1700,60000,60000,14927,95,240,310.66901873119457,38.006499999028165,60292.84870000265,2198.6653044818113
1785432834,40,,Aggregated,39.700000,0.200000,240,290,360,400,530,670,840,1000,1700,60000,60000,14974,95,240,311.1277707760491,38.006499999028165,60292.84870000265,2198.2606517964473
1785432835,40,,Aggregated,38.700000,0.200000,240,290,360,400,530,670,840,1000,1700,60000,60000,15016,95,240,311.2435802544322,38.006499999028165,60292.84870000265,2198.5500799147576
1785432836,40,,Aggregated,39.200000,0.200000,240,290,360,400,530,670,850,1000,1700,60000,60000,15056,95,240,311.366660912629,38.006499999028165,60292.84870000265,2199.694341126461
1785432837,40,,Aggregated,39.300000,0.200000,240,290,360,400,530,670,850,1000,1700,60000,60000,15091,95,240,311.382251699725,38.006499999028165,60292.84870000265,2200.142203962627
1785432838,40,,Aggregated,39.800000,0.200000,240,290,360,400,530,670,850,1000,1700,60000,60000,15137,96,240,311.5409095065432,38.006499999028165,60292.84870000265,2201.4066195415207
1785432839,40,,Aggregated,39.500000,0.200000,240,290,360,400,530,670,850,1000,1700,60000,60000,15178,96,240,311.50056093691893,38.006499999028165,60292.84870000265,2202.1107524047966
1785432840,40,,Aggregated,39.800000,0.300000,240,290,360,400,530,670,850,1000,1700,60000,60000,15220,96,240,311.37805078847214,38.006499999028165,60292.84870000265,2203.530420499343
1785432841,40,,Aggregated,40.400000,0.300000,240,290,360,400,530,670,850,1000,1700,60000,60000,15259,96,240,311.2752156236023,38.006499999028165,60292.84870000265,2204.048495969592
1785432842,40,,Aggregated,40.300000,0.300000,240,290,360,400,530,670,850,1000,1700,60000,60000,15299,96,240,311.16131712533934,38.006499999028165,60292.84870000265,2203.318060003922
1785432843,40,,Aggregated,40.400000,0.200000,240,290,360,400,530,670,850,1000,1700,60000,60000,15337,96,240,311.0756869531591,38.006499999028165,60292.84870000265,2201.715785355676
1785432844,40,,Aggregated,40.700000,0.100000,240,290,360,400,530,670,850,1000,1700,60000,60000,15377,96,240,311.0201567796457,38.006499999028165,60292.84870000265,2200.018143981271
1785432845,40,,Aggregated,41.200000,0.100000,240,290,360,400,530,670,840,1000,1700,60000,60000,15418,96,240,310.88386943835906,38.006499999028165,60292.84870000265,2199.252432222078
1785432846,40,,Aggregated,40.500000,0.100000,240,290,360,400,530,670,840,1000,1700,60000,60000,15459,96,240,310.7018505013665,38.006499999028165,60292.84870000265,2199.498221100977
1785432847,40,,Aggregated,40.100000,0.100000,240,290,360,400,530,670,840,1000,1700,60000,60000,15504,97,240,310.54934825855474,38.006499999028165,60292.84870000265,2198.904218266254
1785432848,40,,Aggregated,40.600000,0.100000,240,290,360,400,530,670,840,1000,1700,60000,60000,15538,97,240,310.43070851465046,38.006499999028165,60292.84870000265,2199.267730724675
1785432849,40,,Aggregated,40.400000,0.100000,240,290,360,400,530,670,840,1000,1700,60000,60000,15580,97,240,310.23742834406994,38.006499999028165,60292.84870000265,2197.5236842105264
1785432850,40,,Aggregated,40.000000,0.100000,240,290,360,400,530,670,840,1000,1700,60000,60000,15619,97,240,310.2471028683413,38.006499999028165,60292.84870000265,2199.390549971189
1785432851,40,,Aggregated,39.900000,0.100000,240,290,360,400,530,670,840,1000,1700,60000,60000,15661,99,240,310.0944457442469,38.006499999028165,60292.84870000265,2200.047953515101
1785432852,40,,Aggregated,39.700000,0.100000,240,290,360,400,530,670,840,1000,1700,60000,60000,15696,99,240,309.9964957696648,38.006499999028165,60292.84870000265,2199.6228338430174
1785432853,40,,Aggregated,40.600000,0.100000,240,290,360,400,530,670,840,1000,1700,60000,60000,15741,99,240,310.00210451690754,38.006499999028165,60292.84870000265,2200.7955021917287
1785432854,40,,Aggregated,39.800000,0.300000,240,290,360,400,530,670,840,1000,1700,60000,60000,15779,99,240,309.82689095003747,38.006499999028165,60292.84870000265,2200.003675771595
1785432855,40,,Aggregated,40.200000,0.300000,240,290,360,390,530,660,840,1000,1700,60000,60000,15820,100,240,309.6901588053506,38.006499999028165,60292.84870000265,2197.8497471554992
1785432856,40,,Aggregated,40.000000,0.300000,240,290,360,390,530,660,840,1000,1700,60000,60000,15857,100,240,309.6653185407473,38.006499999028165,60292.84870000265,2197.968089802611
1785432857,40,,Aggregated,40.100000,0.400000,240,290,360,390,530,670,840,1000,1700,60000,60000,15902,102,240,309.76000670988685,38.006499999028165,60292.84870000265,2196.975097472016
1785432858,40,,Aggregated,39.600000,0.400000,240,290,360,390,530,670,840,1000,1700,60000,60000,15940,102,240,309.59770649314044,38.006499999028165,60292.84870000265,2197.3840025094105
1785432859,40,,Aggregated,39.500000,0.400000,240,290,360,390,530,660,840,1000,1700,60000,60000,15981,102,240,309.5442689631836,38.006499999028165,60292.84870000265,2197.1332206995808
1785432860,40,,Aggregated,40.000000,0.500000,240,290,360,390,530,660,840,990,1700,60000,60000,16019,103,240,309.38112111871135,38.006499999028165,60292.84870000265,2196.128846994194
1785432861,40,,Aggregated,39.900000,0.500000,240,290,360,390,530,660,840,990,1700,60000,60000,16056,103,240,309.38870405459767,38.006499999028165,60292.84870000265,2195.2194818136522
1785432862,40,,Aggregated,40.500000,0.600000,240,290,360,390,530,670,840,1000,1700,60000,60000,16090,103,240,309.61591579867076,38.006499999028165,60292.84870000265,2195.6457426973275
1785432863,40,,Aggregated,39.300000,0.600000,240,290,360,400,530,670,850,1000,1700,60000,60000,16130,103,240,310.1892985493275,38.006499999028165,60292.84870000265,2195.125790452573
1785432864,40,,Aggregated,39.400000,0.400000,240,290,360,400,530,670,850,1000,1700,60000,60000,16178,107,240,310.32184053038947,38.006499999028165,60292.84870000265,2195.5231796266535
1785432865,40,,Aggregated,39.000000,0.400000,240,290,360,400,530,670,850,1000,1700,60000,60000,16217,107,240,310.1529144910059,38.006499999028165,60292.84870000265,2194.6436455571315
1785432866,40,,Aggregated,39.700000,0.700000,240,290,360,400,530,670,850,1000,1700,60000,60000,16260,107,240,310.19417178355707,38.006499999028165,60292.84870000265,2195.009102091021
1785432867,40,,Aggregated,39.700000,0.700000,240,290,360,390,530,670,850,1000,1700,60000,60000,16302,107,240,310.00457401549926,38.006499999028165,60292.84870000265,2194.258189179242
1785432868,40,,Aggregated,39.700000,0.700000,240,290,360,390,530,670,850,1000,1700,60000,60000,16341,107,240,309.7759207086871,38.006499999028165,60292.84870000265,2192.832813169329
1785432869,40,,Aggregated,40.200000,0.700000,240,290,360,390,530,670,850,1000,1700,60000,60000,16379,107,240,309.6395546676034,38.006499999028165,60292.84870000265,2191.448989559802
1785432870,40,,Aggregated,40.000000,0.500000,240,290,360,390,530,670,850,1000,1700,60000,60000,16421,107,240,309.5857744534856,38.006499999028165,60292.84870000265,2192.79459229036
1785432871,40,,Aggregated,39.800000,0.500000,240,290,360,390,530,670,850,1000,1700,60000,60000,16456,107,240,309.6461509966378,38.006499999028165,60292.84870000265,2192.6188016528927
1785432872,40,,Aggregated,39.400000,0.400000,240,290,360,390,530,670,850,1000,1700,60000,60000,16500,107,240,309.61369469700975,38.006499999028165,60292.84870000265,2191.8303636363635
1785432873,40,,Aggregated,40.100000,0.400000,240,290,360,390,530,670,850,1000,1700,60000,60000,16542,109,240,309.5320116733572,38.006499999028165,60292.84870000265,2189.647684681417
1785432874,40,,Aggregated,40.100000,0.400000,240,290,360,390,530,670,850,1000,1700,60000,60000,16585,109,240,309.3455700332031,38.006499999028165,60292.84870000265,2190.6394332227915
1785432875,40,,Aggregated,40.700000,0.600000,240,290,360,390,530,670,850,1000,1700,60000,60000,16619,109,240,309.2014416812491,38.006499999028165,60292.84870000265,2191.5050845417895
1785432876,40,,Aggregated,39.800000,0.300000,240,290,360,390,530,660,840,1000,1700,60000,60000,16663,109,240,309.0739858549273,38.006499999028165,60292.84870000265,2191.173738222409
1785432877,40,,Aggregated,40.000000,0.200000,240,290,360,390,530,660,840,990,1700,60000,60000,16706,109,240,308.8812770262557,38.006499999028165,60292.84870000265,2189.9988028253324
1785432878,40,,Aggregated,40.200000,0.200000,240,290,360,390,530,660,840,990,1700,60000,60000,16743,109,240,308.6906384160913,38.006499999028165,60292.84870000265,2189.930179776623
1785432879,40,,Aggregated,39.800000,0.200000,240,290,360,390,530,660,840,990,1700,60000,60000,16783,110,240,308.5703643449119,38.006499999028165,60292.84870000265,2189.0737651194663
1785432880,40,,Aggregated,39.600000,0.200000,240,290,360,390,530,660,840,990,1700,60000,60000,16823,111,240,308.52739407362714,38.006499999028165,60292.84870000265,2188.8178089520297
1785432881,40,,Aggregated,39.900000,0.300000,240,290,360,390,530,660,840,990,1700,60000,60000,16865,111,240,308.4153023658856,38.006499999028165,60292.84870000265,2187.9220278683665
1785432882,40,,Aggregated,39.700000,0.300000,240,290,360,390,530,660,840,990,1700,60000,60000,16906,111,240,308.2633562581715,38.006499999028165,60292.84870000265,2189.1982136519578
1785432883,40,,Aggregated,39.700000,0.400000,240,290,360,390,530,660,840,990,1700,60000,60000,16943,111,240,308.10820285667575,38.006499999028165,60292.84870000265,2189.075783509414
1785432884,40,,Aggregated,40.100000,0.400000,240,290,360,390,530,660,840,990,1700,60000,60000,16984,111,240,307.8895528792203,38.006499999028165,60292.84870000265,2189.384008478568
1785432885,40,,Aggregated,40.300000,0.200000,240,290,350,390,530,660,840,980,1700,60000,60000,17028,112,240,307.67771764744435,38.006499999028165,60292.84870000265,2191.2617453605826
1785432886,40,,Aggregated,40.300000,0.200000,240,290,350,390,530,660,840,980,1700,60000,60000,17066,112,240,307.54252346189384,38.006499999028165,60292.84870000265,2191.4069494902146
1785432887,40,,Aggregated,39.900000,0.200000,240,290,350,390,530,660,840,980,1700,60000,60000,17105,112,240,307.3744017831428,38.006499999028165,60292.84870000265,2190.9684302835426
1785432888,40,,Aggregated,39.900000,0.300000,240,290,350,390,530,660,840,980,1700,60000,60000,17144,112,240,307.3747797188882,38.006499999028165,60292.84870000265,2190.3310779281383
1785432889,40,,Aggregated,40.300000,0.300000,240,290,350,390,530,660,840,980,1700,60000,60000,17186,112,240,307.3961202258011,38.006499999028165,60292.84870000265,2191.8775747701616
1785432890,40,,Aggregated,39.700000,0.300000,240,290,350,390,530,660,840,980,1700,60000,60000,17228,112,240,307.186093144916,38.006499999028165,60292.84870000265,2191.1531228233107
1785432891,40,,Aggregated,40.100000,0.200000,240,290,350,390,530,660,840,980,1700,60000,60000,17263,112,240,307.07802908536223,38.006499999028165,60292.84870000265,2191.5618374558303
1785432892,40,,Aggregated,40.400000,0.200000,240,290,350,390,530,660,840,980,1700,60000,60000,17305,112,240,307.10615051144896,38.006499999028165,60292.84870000265,2192.4287200231147
1785432893,40,,Aggregated,40.200000,0.100000,240,290,350,390,530,660,840,980,1700,60000,60000,17339,112,240,307.2181490974472,38.006499999028165,60292.84870000265,2192.6235076994058
1785432894,40,,Aggregated,39.900000,0.100000,240,290,360,390,530,660,840,980,1700,60000,60000,17380,112,240,307.5305184580362,38.006499999028165,60292.84870000265,2193.1592059838895
1785432895,40,,Aggregated,39.200000,0.100000,240,290,360,390,530,660,840,980,1700,60000,60000,17424,113,240,307.56273217405163,38.006499999028165,60292.84870000265,2192.620523415978
1785432896,40,,Aggregated,39.200000,0.100000,240,290,360,390,530,660,840,980,1700,60000,60000,17468,113,240,307.4864773586367,38.006499999028165,60292.84870000265,2194.2987749026793
1785432897,40,,Aggregated,40.100000,0.200000,240,290,360,390,530,660,840,980,1700,60000,60000,17505,113,240,307.39748230223864,38.006499999028165,60292.84870000265,2194.7524707226507
1785432898,40,,Aggregated,39.900000,0.100000,240,290,360,390,530,660,840,980,1700,60000,60000,17548,113,240,307.3240543139219,38.006499999028165,60292.84870000265,2194.3378732619103
1785432899,40,,Aggregated,39.600000,0.100000,240,290,360,390,530,660,840,980,1700,60000,60000,17583,113,240,307.3040200364396,38.006499999028165,60292.84870000265,2195.847523175795
1785432900,40,,Aggregated,40.300000,0.100000,240,290,360,390,530,660,840,980,1700,60000,60000,17629,113,240,307.4261317375198,38.006499999028165,60292.84870000265,2194.5670769754383
1785432901,40,,Aggregated,39.700000,0.100000,240,290,360,390,530,660,840,980,1700,60000,60000,17663,113,240,307.35544716077203,38.006499999028165,60292.84870000265,2193.1368397214515
1785432902,40,,Aggregated,39.500000,0.100000,240,290,360,390,530,660,840,980,1700,60000,60000,17707,113,240,307.2148149941107,38.006499999028165,60292.84870000265,2192.7582312079967
1785432903,40,,Aggregated,40.000000,0.100000,240,290,350,390,530,660,840,980,1700,60000,60000,17745,113,240,307.0613005184937,38.006499999028165,60292.84870000265,2192.250943927867
1785432904,40,,Aggregated,40.100000,0.100000,240,290,350,390,530,660,840,980,1700,60000,60000,17790,113,240,306.95795038789646,38.006499999028165,60292.84870000265,2193.1329398538505
1785432905,40,,Aggregated,40.300000,0.100000,240,290,350,390,530,660,840,980,1700,60000,60000,17827,113,240,306.81236177150964,38.006499999028165,60292.84870000265,2192.776238290234
1785432906,40,,Aggregated,40.500000,0.100000,240,290,350,390,530,660,840,980,1700,60000,60000,17867,113,240,306.7157049980805,38.006499999028165,60292.84870000265,2194.38848155818
1785432907,40,,Aggregated,39.900000,0.000000,240,290,350,390,530,660,840,980,1700,60000,60000,17908,114,240,306.6895390831304,38.006499999028165,60292.84870000265,2194.7264351127988
1785432908,40,,Aggregated,39.900000,0.000000,240,290,350,390,530,660,840,980,1700,60000,60000,17950,114,230,306.5402487577004,38.006499999028165,60292.84870000265,2195.289415041783
1785432909,40,,Aggregated,39.900000,0.000000,230,290,350,390,530,660,840,980,1700,60000,60000,17990,115,230,306.56091530298625,38.006499999028165,60292.84870000265,2196.0394107837687
1785432910,40,,Aggregated,40.100000,0.100000,230,290,350,390,530,660,840,980,1700,60000,60000,18030,115,230,306.4315139711992,38.006499999028165,60292.84870000265,2195.963449805879
1785432911,40,,Aggregated,40.100000,0.100000,230,290,350,390,530,660,840,980,1700,60000,60000,18070,115,230,306.2859827393865,38.006499999028165,60292.84870000265,2194.394908688434
1785432912,40,,Aggregated,40.200000,0.200000,230,290,350,390,530,660,830,980,1700,60000,60000,18110,115,230,306.11701939264015,38.006499999028165,60292.84870000265,2195.011540585312
1785432913,40,,Aggregated,40.000000,0.200000,230,290,350,390,530,660,830,980,1700,60000,60000,18148,115,230,306.0831030141475,38.006499999028165,60292.84870000265,2195.0197266916466
1785432914,40,,Aggregated,40.300000,0.200000,230,290,350,390,530,660,830,980,1700,60000,60000,18186,115,230,306.21967723527763,38.006499999028165,60292.84870000265,2194.567029583196
1785432915,40,,Aggregated,40.000000,0.200000,230,290,350,390,530,660,830,980,1700,60000,60000,18228,115,230,306.2948043888946,38.006499999028165,60292.84870000265,2194.7531819179285
1785432916,40,,Aggregated,39.900000,0.200000,230,290,350,390,530,660,830,980,1700,60000,60000,18274,115,230,306.1866665481451,38.006499999028165,60292.84870000265,2196.2755280726715
1785432917,40,,Aggregated,39.600000,0.200000,230,290,350,390,530,660,830,980,1700,60000,60000,18312,115,230,306.02232048387935,38.006499999028165,60292.84870000265,2197.4032874617737
1785432918,40,,Aggregated,40.100000,0.200000,230,290,350,390,530,660,830,980,1700,60000,60000,18352,115,230,305.9361892273762,38.006499999028165,60292.84870000265,2197.582879250218
1785432919,40,,Aggregated,40.400000,0.200000,230,290,350,390,530,660,830,980,1700,60000,60000,18394,115,230,305.9344885234751,38.006499999028165,60292.84870000265,2199.5603457649236
1785432920,40,,Aggregated,39.800000,0.100000,230,290,350,390,530,660,830,980,1700,60000,60000,18437,115,230,305.75206665947763,38.006499999028165,60292.84870000265,2198.2215110918264
1785432921,40,,Aggregated,39.900000,0.100000,230,290,350,390,530,660,830,980,1700,60000,60000,18475,115,230,305.6002718647241,38.006499999028165,60292.84870000265,2198.5832746955343
1785432922,40,,Aggregated,40.200000,0.000000,230,290,350,390,530,660,830,970,1700,60000,60000,18508,115,230,305.6394667927798,38.006499999028165,60292.84870000265,2198.18062459477
1785432923,40,,Aggregated,39.700000,0.000000,230,290,350,390,530,660,830,980,1700,60000,60000,18545,116,230,305.92430374768327,38.006499999028165,60292.84870000265,2198.502399568617
1785432924,40,,Aggregated,39.700000,0.000000,230,290,350,390,530,660,840,980,1700,60000,60000,18588,116,230,306.2303098235839,38.006499999028165,60292.84870000265,2197.7154077899722
1785432925,40,,Aggregated,39.400000,0.000000,240,290,350,390,530,660,840,980,1700,60000,60000,18632,116,240,306.44584636650643,38.006499999028165,60292.84870000265,2197.535905968227
1785432926,40,,Aggregated,39.500000,0.100000,230,290,350,390,530,660,840,980,1700,60000,60000,18674,117,230,306.47358044879195,38.006499999028165,60292.84870000265,2197.5445003748528
1785432927,40,,Aggregated,39.800000,0.100000,230,290,350,390,530,660,840,980,1700,60000,60000,18712,117,230,306.4219590209881,38.006499999028165,60292.84870000265,2198.7867144078664
1785432928,40,,Aggregated,39.600000,0.100000,230,290,350,390,530,660,840,980,1700,60000,60000,18753,117,230,306.3789592438923,38.006499999028165,60292.84870000265,2198.791446701861
1785432929,40,,Aggregated,39.700000,0.200000,230,290,350,390,530,660,840,980,1700,60000,60000,18794,119,230,306.37170166014306,38.006499999028165,60292.84870000265,2199.863626689369
1785432930,40,,Aggregated,39.800000,0.200000,240,290,350,390,530,660,840,980,1700,60000,60000,18836,119,240,306.36462150673026,38.006499999028165,60292.84870000265,2199.5888192822254
1785432931,40,,Aggregated,40.200000,0.200000,230,290,350,390,530,660,840,980,1700,60000,60000,18873,119,230,306.34603289889105,38.006499999028165,60292.84870000265,2201.261007788905
1785432932,40,,Aggregated,39.500000,0.400000,240,290,350,390,530,660,840,980,1700,60000,60000,18908,119,230,306.39036819339685,38.006499999028165,60292.84870000265,2200.9293420774275
1785432933,40,,Aggregated,39.900000,0.400000,240,290,350,390,530,660,840,980,1700,60000,60000,18947,119,240,306.7054534544124,38.006499999028165,60292.84870000265,2201.1182245210325
1785432934,40,,Aggregated,39.900000,0.400000,240,290,360,390,530,660,840,980,1700,60000,60000,18994,119,240,306.8833768032409,38.006499999028165,60292.84870000265,2200.187006423081
1785432935,40,,Aggregated,40.000000,0.400000,240,290,360,390,530,660,840,980,1700,60000,60000,19038,119,240,306.87098813954935,38.006499999028165,60292.84870000265,2201.526683475155
1785432936,40,,Aggregated,39.800000,0.300000,240,290,360,390,530,660,840,980,1700,60000,60000,19076,119,240,306.809598967326,38.006499999028165,60292.84870000265,2200.9174355210735
1785432937,40,,Aggregated,40.400000,0.300000,240,290,360,390,530,660,840,980,1700,60000,60000,19115,119,240,306.7403656971341,38.006499999028165,60292.84870000265,2201.0144389223124
1785432938,40,,Aggregated,40.500000,0.300000,240,290,360,390,530,660,840,980,1700,60000,60000,19157,119,240,306.78816385137145,38.006499999028165,60292.84870000265,2202.3208748760244
1785432939,40,,Aggregated,40.000000,0.200000,240,290,360,390,530,660,840,980,1700,60000,60000,19199,120,240,306.66924457006695,38.006499999028165,60292.84870000265,2203.2018334288246
1785432940,40,,Aggregated,40.100000,0.200000,240,290,360,390,530,660,840,980,1700,60000,60000,19234,121,240,306.54569836231263,38.006499999028165,60292.84870000265,2203.0941561817613
1785432941,40,,Aggregated,39.800000,0.200000,240,290,350,390,530,660,840,980,1700,60000,60000,19277,122,240,306.470347004237,38.006499999028165,60292.84870000265,2203.3639051719665
1785432942,40,,Aggregated,40.700000,0.100000,240,290,350,390,530,660,840,980,1700,60000,60000,19313,122,240,306.39082134317033,38.006499999028165,60292.84870000265,2204.5844767773
1785432943,40,,Aggregated,40.000000,0.200000,240,290,360,390,530,660,840,980,1700,60000,60000,19358,122,240,306.3752547009316,38.006499999028165,60292.84870000265,2204.156111168509
1785432944,40,,Aggregated,39.900000,0.300000,240,290,350,390,530,660,840,980,1700,60000,60000,19398,122,230,306.27440438192593,38.006499999028165,60292.84870000265,2203.2188369935043
1785432945,40,,Aggregated,40.500000,0.300000,230,290,350,390,530,660,840,980,1700,60000,60000,19440,123,230,306.1503038632003,38.006499999028165,60292.84870000265,2201.581327160494
1785432947,40,,Aggregated,41.000000,0.300000,230,290,350,390,530,660,840,980,1700,60000,60000,19476,123,230,306.07495371742687,38.006499999028165,60292.84870000265,2201.732080509345
1785432948,40,,Aggregated,40.000000,0.300000,230,290,350,390,530,660,840,980,1700,60000,60000,19519,123,230,305.9518226804973,38.006499999028165,60292.84870000265,2203.2183513499667
1785432949,40,,Aggregated,39.800000,0.400000,230,290,350,390,530,660,840,980,1700,60000,60000,19557,123,230,305.93680375316507,38.006499999028165,60292.84870000265,2203.947231170425
1785432950,40,,Aggregated,39.800000,0.400000,230,290,350,390,530,660,840,980,1700,60000,60000,19594,124,230,305.89539767279103,38.006499999028165,60292.84870000265,2205.962845769113
1785432951,40,,Aggregated,40.200000,0.400000,230,290,350,390,530,660,840,980,1700,60000,60000,19637,124,230,305.9065935428373,38.006499999028165,60292.84870000265,2206.762030860111
1785432952,40,,Aggregated,39.800000,0.400000,230,290,350,390,530,660,840,980,1700,60000,60000,19677,124,230,305.8152319408818,38.006499999028165,60292.84870000265,2207.2797682573564
1785432953,40,,Aggregated,39.200000,0.400000,230,290,350,390,530,660,840,980,1700,60000,60000,19717,124,230,305.9527731805425,38.006499999028165,60292.84870000265,2207.3744484455037
1785432954,40,,Aggregated,40.000000,0.200000,230,290,350,390,530,660,840,980,1700,60000,60000,19758,124,230,305.9257907076004,38.006499999028165,60292.84870000265,2207.0053649154775
1785432955,40,,Aggregated,40.000000,0.200000,230,290,350,390,530,660,840,980,1700,60000,60000,19801,124,230,305.870411605512,38.006499999028165,60292.84870000265,2206.3629614665924
1785432956,40,,Aggregated,39.500000,0.200000,230,290,350,390,530,660,840,980,1700,60000,60000,19841,125,230,305.7894385414411,38.006499999028165,60292.84870000265,2206.472204021975
1785432957,40,,Aggregated,39.900000,0.200000,230,290,350,390,530,660,840,980,1700,60000,60000,19883,125,230,305.7126788161126,38.006499999028165,60292.84870000265,2206.1810591962985
1785432958,40,,Aggregated,39.600000,0.200000,230,290,350,390,530,660,840,980,1700,60000,60000,19920,125,230,305.59987645586097,38.006499999028165,60292.84870000265,2205.90547188755
1785432959,40,,Aggregated,39.600000,0.200000,230,290,350,390,530,660,840,980,1700,60000,60000,19960,125,230,305.49868030564926,38.006499999028165,60292.84870000265,2205.9295591182363
1785432960,40,,Aggregated,39.800000,0.200000,230,290,350,390,530,660,840,980,1600,2500,60000,20003,127,230,305.45447369398454,38.006499999028165,60292.84870000265,2206.1709743538468
1785432961,40,,Aggregated,40.500000,0.200000,230,290,350,390,530,660,840,980,1600,2500,60000,20041,127,230,305.35503426479477,38.006499999028165,60292.84870000265,2205.8427723167506
1785432962,40,,Aggregated,40.200000,0.300000,230,290,350,390,530,660,840,980,1600,2500,60000,20080,127,230,305.275987191272,38.006499999028165,60292.84870000265,2204.08515936255
1785432963,40,,Aggregated,40.200000,0.300000,230,290,350,390,530,660,840,980,1600,2500,60000,20120,128,230,305.3529405268763,38.006499999028165,60292.84870000265,2205.1453777335983
1785432964,40,,Aggregated,39.900000,0.300000,230,290,350,390,530,660,840,980,1600,2500,60000,20163,128,230,305.2730431087011,38.006499999028165,60292.84870000265,2204.415414372861
1785432965,40,,Aggregated,39.700000,0.400000,230,290,350,390,530,660,840,980,1600,2500,60000,20201,129,230,305.14905084405325,38.006499999028165,60292.84870000265,2203.6818474332954
1785432966,40,,Aggregated,40.300000,0.400000,230,290,350,390,530,660,840,980,1600,2500,60000,20243,129,230,305.07991019121187,38.006499999028165,60292.84870000265,2203.3968779331126
1785432967,40,,Aggregated,40.200000,0.500000,230,290,350,390,530,660,840,980,1600,2500,60000,20281,129,230,304.92839427546454,38.006499999028165,60292.84870000265,2203.6647601203094
1785432968,40,,Aggregated,40.400000,0.400000,230,290,350,390,530,660,840,980,1600,2500,60000,20320,129,230,304.8298967224746,38.006499999028165,60292.84870000265,2204.0853838582675
1785432969,40,,Aggregated,40.000000,0.400000,230,290,350,390,530,660,830,980,1600,2500,60000,20361,129,230,304.83777699526973,38.006499999028165,60292.84870000265,2205.7442168852217
1785432970,40,,Aggregated,39.900000,0.400000,230,290,350,390,530,660,840,980,1600,2500,60000,20399,129,230,304.8861084171119,38.006499999028165,60292.84870000265,2205.359968625913
1785432971,40,,Aggregated,39.700000,0.400000,230,290,350,390,530,660,840,980,1600,2500,60000,20441,129,230,304.971248950672,38.006499999028165,60292.84870000265,2204.6497725160216
1785432972,40,,Aggregated,39.700000,0.200000,230,290,350,390,530,660,840,980,1600,2500,60000,20476,129,230,305.01395275936005,38.006499999028165,60292.84870000265,2205.0907892166438
1785432973,40,,Aggregated,39.500000,0.200000,230,290,350,390,530,660,840,980,1600,2500,60000,20518,129,230,305.17822957893816,38.006499999028165,60292.84870000265,2205.968905351399
1785432974,40,,Aggregated,39.500000,0.200000,230,290,350,390,530,660,840,980,1600,2500,60000,20563,130,230,305.28718754075993,38.006499999028165,60292.84870000265,2205.6577833973643
1785432975,40,,Aggregated,39.900000,0.100000,230,290,350,390,530,660,840,980,1600,2500,60000,20605,131,230,305.1988325261187,38.006499999028165,60292.84870000265,2205.18374181024
1785432976,40,,Aggregated,39.500000,0.200000,230,290,350,390,530,660,840,980,1600,2500,60000,20642,131,230,305.09171961053363,38.006499999028165,60292.84870000265,2206.1382617963377
1785432977,40,,Aggregated,39.600000,0.200000,230,290,350,390,530,660,840,980,1600,2500,60000,20683,131,230,305.06342310596193,38.006499999028165,60292.84870000265,2207.6385920804523
1785432978,40,,Aggregated,39.400000,0.200000,230,290,350,390,530,660,840,980,1600,2500,60000,20725,131,230,305.0796237491247,38.006499999028165,60292.84870000265,2208.1076477683955
1785432979,40,,Aggregated,39.600000,0.200000,230,290,350,390,530,660,840,980,1600,2500,60000,20767,132,230,304.97384256756595,38.006499999028165,60292.84870000265,2208.9308036789134
1785432980,40,,Aggregated,39.800000,0.200000,230,290,350,390,530,660,840,980,1600,2500,60000,20809,132,230,304.7462143399795,38.006499999028165,60292.84870000265,2209.7382382622905
1785432981,40,,Aggregated,40.100000,0.300000,230,290,350,390,530,660,840,980,1600,2500,60000,20843,132,230,304.71941881210347,38.006499999028165,60292.84870000265,2209.2882982296214
1785432982,40,,Aggregated,40.600000,0.300000,230,290,350,390,530,660,840,980,1600,2500,60000,20886,132,230,304.73555441447223,38.006499999028165,60292.84870000265,2208.382600785215
1785432983,35,,Aggregated,40.100000,0.300000,230,290,350,390,530,660,840,980,1600,2500,60000,20924,132,230,304.74484069970777,38.006499999028165,60292.84870000265,2212.018256547505
1785432984,30,,Aggregated,40.600000,0.300000,230,290,350,390,530,660,840,980,1600,2500,60000,20953,132,230,304.6022248413444,38.006499999028165,60292.84870000265,2213.9705054168853
1785432985,25,,Aggregated,39.900000,0.300000,230,290,350,390,530,660,840,980,1600,2500,60000,20986,132,230,304.4642169303674,38.006499999028165,60292.84870000265,2216.9082721814543
1785432986,20,,Aggregated,39.200000,0.200000,230,290,350,390,530,660,840,980,1600,2500,60000,21007,132,230,304.3629472890316,38.006499999028165,60292.84870000265,2218.661398581425
1785432987,20,,Aggregated,38.100000,0.100000,230,290,350,390,530,660,840,980,1600,2500,60000,21027,132,230,304.2390758976874,38.006499999028165,60292.84870000265,2220.6808864792883
1785432988,20,,Aggregated,36.400000,0.100000,230,290,350,390,520,660,840,980,1600,2500,60000,21047,132,230,304.097407668583,38.006499999028165,60292.84870000265,2222.78020620516
1785432989,20,,Aggregated,34.200000,0.100000,230,290,350,390,520,660,840,980,1600,2500,60000,21066,132,230,303.94481034371364,38.006499999028165,60292.84870000265,2224.3762935535933
1785432990,20,,Aggregated,32.500000,0.100000,230,290,350,390,520,660,840,980,1600,2500,60000,21087,132,230,303.82863516861954,38.006499999028165,60292.84870000265,2226.310617916252
1785432991,20,,Aggregated,30.100000,0.000000,230,290,350,390,520,660,840,980,1600,2500,60000,21104,133,230,303.74369003983475,38.006499999028165,60292.84870000265,2227.0970432145564
1785432992,20,,Aggregated,28.200000,0.000000,230,290,350,390,520,660,840,980,1600,2500,60000,21126,133,230,303.6892775064217,38.006499999028165,60292.84870000265,2228.5384360503645
1785432993,20,,Aggregated,26.200000,0.000000,230,290,350,390,520,660,840,980,1600,2500,60000,21146,133,230,303.59911954509886,38.006499999028165,60292.84870000265,2228.79097701693
1785432994,20,,Aggregated,24.000000,0.100000,230,290,350,390,520,660,830,980,1600,2500,60000,21167,133,230,303.49395732983595,38.006499999028165,60292.84870000265,2230.5767940662354
1785432995,20,,Aggregated,22.600000,0.100000,230,290,350,390,520,660,830,980,1600,2500,60000,21187,133,230,303.3409487563422,38.006499999028165,60292.84870000265,2232.969084816161
1785432996,20,,Aggregated,21.200000,0.100000,230,290,350,390,520,660,830,980,1600,2500,60000,21207,133,230,303.23178702318165,38.006499999028165,60292.84870000265,2234.992596784081
1785432997,20,,Aggregated,20.400000,0.100000,230,290,350,390,520,660,830,980,1600,2500,60000,21226,133,230,303.1289166399993,38.006499999028165,60292.84870000265,2237.202251955149
1785432998,20,,Aggregated,20.200000,0.100000,230,290,350,390,520,660,830,980,1600,2500,60000,21246,133,230,303.09440614236183,38.006499999028165,60292.84870000265,2238.791866704321
1785432999,20,,Aggregated,20.100000,0.100000,230,290,350,390,520,660,830,980,1600,2500,60000,21268,133,230,302.98649642658484,38.006499999028165,60292.84870000265,2240.8072221177354
1785433000,20,,Aggregated,19.900000,0.100000,230,290,350,390,520,660,830,980,1600,2500,60000,21287,133,230,302.8711702400804,38.006499999028165,60292.84870000265,2242.653685347865
1785433001,20,,Aggregated,20.000000,0.100000,230,290,350,390,520,660,830,980,1600,2500,60000,21306,133,230,302.7723448700176,38.006499999028165,60292.84870000265,2245.154275790857
1785433002,20,,Aggregated,19.800000,0.100000,230,290,350,390,520,660,830,980,1600,2500,60000,21328,133,230,302.7117598509282,38.006499999028165,60292.84870000265,2247.047824456114
1785433003,20,,Aggregated,20.200000,0.100000,230,290,350,390,520,660,830,980,1600,2500,60000,21348,133,230,302.5632755293508,38.006499999028165,60292.84870000265,2248.3946037099495
1785433004,20,,Aggregated,19.900000,0.000000,230,290,350,390,520,660,830,980,1600,2500,60000,21366,133,230,302.44563433495244,38.006499999028165,60292.84870000265,2250.398577178695
1785433005,20,,Aggregated,20.200000,0.000000,230,290,350,390,520,660,830,980,1600,2500,60000,21386,133,230,302.36489911627064,38.006499999028165,60292.84870000265,2250.895165061255
1785433006,20,,Aggregated,20.300000,0.000000,230,290,350,390,520,660,830,970,1600,2500,60000,21407,133,230,302.2703842061278,38.006499999028165,60292.84870000265,2252.3922081562105
1785433007,20,,Aggregated,19.600000,0.000000,230,290,350,390,520,660,830,970,1600,2500,60000,21429,133,230,302.14779809139736,38.006499999028165,60292.84870000265,2255.138363899389
1785433008,20,,Aggregated,19.900000,0.000000,230,290,350,390,520,660,830,970,1600,2500,60000,21447,133,230,302.05391019725704,38.006499999028165,60292.84870000265,2257.0148272485662
1785433009,20,,Aggregated,19.900000,0.000000,230,290,350,390,520,660,830,970,1600,2500,60000,21467,133,230,301.97908516795917,38.006499999028165,60292.84870000265,2258.9313364699306
1785433010,20,,Aggregated,19.900000,0.000000,230,290,350,390,520,650,830,970,1600,2500,60000,21489,133,230,301.9024980548444,38.006499999028165,60292.84870000265,2260.1884219833405
1785433011,20,,Aggregated,19.900000,0.000000,230,290,350,390,520,650,830,970,1600,2500,60000,21507,133,230,301.8090857999969,38.006499999028165,60292.84870000265,2261.6615055563307
1785433012,20,,Aggregated,19.900000,0.000000,230,290,350,390,520,650,830,970,1600,2500,60000,21528,133,230,301.7101835516783,38.006499999028165,60292.84870000265,2263.6425585284283
1785433013,20,,Aggregated,20.100000,0.000000,230,290,350,390,520,650,830,970,1600,2500,60000,21549,133,230,301.6007714743387,38.006499999028165,60292.84870000265,2265.363033087382
1785433014,20,,Aggregated,20.200000,0.000000,230,290,350,390,520,650,830,970,1600,2500,60000,21570,133,230,301.4763343301133,38.006499999028165,60292.84870000265,2267.7216968011126
1785433015,20,,Aggregated,19.900000,0.000000,230,290,350,390,520,650,830,970,1600,2500,60000,21590,133,230,301.3417428300389,38.006499999028165,60292.84870000265,2269.4073645206113
1785433016,20,,Aggregated,19.800000,0.000000,230,290,350,390,520,650,830,970,1600,2500,60000,21608,133,230,301.23058336729616,38.006499999028165,60292.84870000265,2270.5290170307294
1785433017,20,,Aggregated,20.100000,0.000000,230,290,350,390,520,650,830,970,1600,2500,60000,21627,133,230,301.14960976559564,38.006499999028165,60292.84870000265,2272.072548203634
1785433018,20,,Aggregated,20.200000,0.000000,230,290,350,390,520,650,830,970,1600,2500,60000,21651,133,230,301.01440950536056,38.006499999028165,60292.84870000265,2274.701815158653
1785433019,20,,Aggregated,20.300000,0.000000,230,290,350,390,520,650,830,970,1600,2500,60000,21669,133,230,300.9271878767169,38.006499999028165,60292.84870000265,2276.9091790114912
1785433020,20,,Aggregated,20.200000,0.000000,230,290,350,390,520,650,830,970,1600,2500,60000,21691,133,230,300.79673972618,38.006499999028165,60292.84870000265,2280.4066202572494
1785433021,20,,Aggregated,20.000000,0.000000,230,290,350,390,520,650,830,970,1600,2500,60000,21709,133,230,300.6980260905876,38.006499999028165,60292.84870000265,2281.923349762771
1785433022,20,,Aggregated,19.900000,0.000000,230,290,350,390,520,650,830,970,1600,2500,60000,21729,133,230,300.6098321137925,38.006499999028165,60292.84870000265,2284.2177274609967
1785433023,20,,Aggregated,19.700000,0.000000,230,290,350,390,520,650,830,970,1600,2500,60000,21751,133,230,300.4734235253821,38.006499999028165,60292.84870000265,2286.198473633396
1785433024,20,,Aggregated,20.100000,0.000000,230,290,350,390,520,650,830,970,1600,2500,60000,21773,133,230,300.35938052177323,38.006499999028165,60292.84870000265,2288.1073347724246
1785433025,20,,Aggregated,20.000000,0.000000,230,290,350,390,520,650,830,970,1600,2500,60000,21792,133,230,300.2430029552391,38.006499999028165,60292.84870000265,2289.647209985316
1785433026,20,,Aggregated,19.700000,0.000000,230,290,350,380,520,650,830,970,1600,2500,60000,21811,133,230,300.1471689102096,38.006499999028165,60292.84870000265,2291.6170739535096
1785433027,20,,Aggregated,19.900000,0.000000,230,290,350,380,520,650,830,970,1600,2500,60000,21833,133,230,299.99099413276144,38.006499999028165,60292.84870000265,2292.9231896670176
1785433028,20,,Aggregated,19.700000,0.000000,230,290,350,380,520,650,830,970,1600,2500,60000,21850,133,230,299.89163424258913,38.006499999028165,60292.84870000265,2293.7840274599544
1785433029,20,,Aggregated,19.700000,0.000000,230,290,350,380,520,650,830,970,1600,2500,60000,21873,133,230,299.7381101678118,38.006499999028165,60292.84870000265,2295.6866456361727
1785433030,20,,Aggregated,20.000000,0.000000,230,290,350,380,520,650,830,970,1600,2500,60000,21890,133,230,299.6321126130893,38.006499999028165,60292.84870000265,2297.053951576062
1785433031,20,,Aggregated,19.900000,0.000000,230,290,350,380,520,650,830,970,1600,2500,60000,21910,133,230,299.5389410680299,38.006499999028165,60292.84870000265,2299.4570059333637
1785433032,20,,Aggregated,20.200000,0.000000,230,290,350,380,520,650,830,970,1600,2500,60000,21930,133,230,299.4465782125187,38.006499999028165,60292.84870000265,2300.85389876881
1785433033,20,,Aggregated,20.200000,0.000000,230,290,350,380,520,650,830,970,1600,2500,60000,21950,133,230,299.3787093986571,38.006499999028165,60292.84870000265,2301.8615034168565
1785433034,20,,Aggregated,20.000000,0.000000,230,290,350,380,520,650,830,970,1600,2500,60000,21969,133,230,299.3478527379722,38.006499999028165,60292.84870000265,2303.488051345077
1785433035,20,,Aggregated,19.900000,0.000000,230,290,350,380,520,650,830,970,1600,2500,60000,21991,133,230,299.22732476015153,38.006499999028165,60292.84870000265,2305.449001864399
1785433036,20,,Aggregated,20.000000,0.000000,230,290,350,380,520,650,830,970,1600,2500,60000,22012,133,230,299.0900381791975,38.006499999028165,60292.84870000265,2306.858895148101
1785433037,20,,Aggregated,20.200000,0.000000,230,290,350,380,520,650,830,970,1600,2500,60000,22031,133,230,298.9517001407329,38.006499999028165,60292.84870000265,2307.8234760110754
1785433038,20,,Aggregated,20.200000,0.000000,230,290,350,380,520,650,830,970,1600,2500,60000,22052,133,230,298.79027488211926,38.006499999028165,60292.84870000265,2310.3766551786684
1785433039,20,,Aggregated,20.100000,0.000000,230,290,350,380,520,650,830,970,1600,2500,60000,22073,133,230,298.63286730849927,38.006499999028165,60292.84870000265,2311.689303674172
1785433040,20,,Aggregated,19.900000,0.000000,230,290,350,380,520,650,830,970,1600,2500,60000,22094,133,230,298.56741067712943,38.006499999028165,60292.84870000265,2313.515886666063
