Timestamp,User Count,Type,Name,Requests/s,Failures/s,50%,66%,75%,80%,90%,95%,98%,99%,99.9%,99.99%,100%,Total Request Count,Total Failure Count,Total Median Response Time,Total Average Response Time,Total Min Response Time,Total Max Response Time,Total Average Content Size
1783090026,0,,Aggregated,0.000000,0.000000,N/A,N/A,N/A,N/A,N/A,N/A,N/A,N/A,N/A,N/A,N/A,0,0,0,0.0,0,0,0
1783090027,2,,Aggregated,0.000000,0.000000,330,330,330,330,330,330,330,330,330,330,330,2,0,170,251.32474999918486,168.4800000002724,334.1694999980973,818.0
1783090028,6,,Aggregated,0.000000,0.000000,330,330,440,440,600,600,600,600,600,600,600,6,0,300,335.90831666636706,168.4800000002724,604.3576000010944,818.0
1783090029,8,,Aggregated,0.000000,0.000000,440,490,600,600,600,760,760,760,760,760,760,11,0,440,411.0042636371376,168.4800000002724,757.1317000038107,818.0
1783090030,10,,Aggregated,3.000000,0.000000,490,500,600,600,910,1000,1000,1000,1000,1000,1000,16,0,440,467.84771250031554,168.4800000002724,1032.3645000025863,766.875
1783090031,10,,Aggregated,3.666667,0.000000,500,610,840,910,1100,1300,1700,1700,1700,1700,1700,22,0,490,604.8565181818875,168.4800000002724,1690.4967999944347,707.3636363636364
1783090032,10,,Aggregated,3.750000,0.000000,600,840,1000,1100,1600,1700,2600,2600,2600,2600,2600,28,0,500,737.9527178571672,168.4800000002724,2613.8777999949525,731.9642857142857
1783090033,10,,Aggregated,4.200000,0.000000,600,840,1100,1200,1600,2200,2600,2600,2600,2600,2600,36,0,600,795.0665666669213,168.4800000002724,2613.8777999949525,751.9166666666666
1783090034,10,,Aggregated,4.500000,0.000000,670,1000,1300,1500,2100,2200,2600,2600,2600,2600,2600,40,0,610,882.8465600001437,168.4800000002724,2613.8777999949525,738.45
1783090035,10,,Aggregated,4.857143,0.000000,750,1100,1400,1500,2100,2200,4300,4300,4300,4300,4300,47,0,750,991.662017021457,168.4800000002724,4273.553999999422,751.1702127659574
1783090036,10,,Aggregated,4.875000,0.000000,770,1100,1400,1600,2100,2600,2600,4300,4300,4300,4300,54,0,760,1020.3370481483742,168.4800000002724,4273.553999999422,760.574074074074
1783090037,10,,Aggregated,5.111111,0.000000,810,1100,1500,1600,2200,2600,4100,4300,4300,4300,4300,60,0,770,1088.3221983334806,168.4800000002724,4273.553999999422,753.1666666666666
1783090038,10,,Aggregated,5.200000,0.000000,810,1200,1500,1600,2200,2600,4300,4300,4300,4300,4300,66,0,770,1132.8823075758312,168.4800000002724,4273.553999999422,734.6515151515151
1783090039,10,,Aggregated,5.600000,0.000000,810,1200,1500,1600,2200,2600,4300,4300,4300,4300,4300,74,0,770,1118.6254486487628,168.4800000002724,4273.553999999422,733.2702702702703
1783090040,10,,Aggregated,5.800000,0.000000,770,1200,1500,1600,2200,2800,4300,4300,4300,4300,4300,80,0,770,1117.1670875000927,168.4800000002724,4273.553999999422,740.0875
1783090041,10,,Aggregated,6.100000,0.000000,810,1200,1500,1600,2300,3100,4300,4300,4300,4300,4300,86,0,770,1156.0445616280979,168.4800000002724,4273.553999999422,736.4186046511628
1783090042,10,,Aggregated,6.400000,0.000000,840,1400,1500,1800,2300,3100,4300,4300,4300,4300,4300,93,0,840,1176.833523656129,168.4800000002724,4273.553999999422,743.0860215053764
1783090043,10,,Aggregated,6.400000,0.000000,910,1400,1600,1900,2300,3700,4300,4300,4300,4300,4300,100,0,850,1205.0863380001101,168.4800000002724,4273.553999999422,748.82
1783090044,10,,Aggregated,6.400000,0.000000,910,1400,1600,1800,2300,3100,4100,4300,4300,4300,4300,106,0,850,1201.7160254718822,168.4800000002724,4273.553999999422,753.0849056603773
1783090045,10,,Aggregated,6.500000,0.000000,910,1400,1600,1800,2300,3100,4100,4300,4300,4300,4300,114,0,850,1199.2283000000864,168.4800000002724,4273.553999999422,750.8508771929825
1783090046,10,,Aggregated,6.600000,0.000000,840,1400,1600,1800,2300,3100,4100,4300,4300,4300,4300,120,0,840,1181.4030475000739,168.4800000002724,4273.553999999422,747.6416666666667
1783090047,10,,Aggregated,6.600000,0.000000,840,1400,1600,1800,2300,3100,4300,4300,4400,4400,4400,127,0,840,1201.7529417324,168.4800000002724,4385.9819000063,751.8661417322835
1783090048,10,,Aggregated,6.600000,0.000000,830,1400,1600,1800,2300,3700,4300,4300,4400,4400,4400,133,0,830,1212.1524323308968,168.4800000002724,4385.9819000063,755.1278195488721
1783090049,10,,Aggregated,6.700000,0.000000,830,1400,1600,1800,2300,3700,4300,4300,4400,4400,4400,139,0,830,1211.355847482167,168.4800000002724,4385.9819000063,752.1726618705036
1783090050,10,,Aggregated,6.700000,0.000000,850,1400,1600,1900,2400,3500,4300,4300,4400,4400,4400,144,0,840,1240.9144840279016,168.4800000002724,4385.9819000063,748.9722222222222
1783090051,10,,Aggregated,6.600000,0.000000,970,1400,1600,1900,2400,3500,4300,4300,4400,4400,4400,150,0,940,1241.3028020000881,168.4800000002724,4385.9819000063,741.0133333333333
1783090052,10,,Aggregated,6.400000,0.000000,970,1300,1600,1800,2300,3500,4100,4300,4400,4400,4400,156,0,960,1231.3251833334689,168.4800000002724,4385.9819000063,733.6666666666666
1783090053,10,,Aggregated,6.300000,0.000000,960,1400,1600,1800,2400,3600,4300,4300,4400,4400,4400,163,0,960,1250.7197509203363,168.4800000002724,4385.9819000063,732.4969325153374
1783090054,10,,Aggregated,6.300000,0.000000,960,1400,1600,1900,2600,3700,4300,4400,5300,5300,5300,170,0,960,1261.287355882429,168.4800000002724,5252.362100000028,736.3058823529411
1783090055,10,,Aggregated,6.200000,0.000000,970,1400,1600,1900,2600,4000,4300,5300,5300,5300,5300,176,0,960,1285.1051823864013,168.4800000002724,5282.115499998326,739.3011363636364
1783090056,10,,Aggregated,6.200000,0.000000,960,1300,1600,1900,2500,3700,4300,5300,5300,5300,5300,183,0,960,1260.0194213115035,168.4800000002724,5282.115499998326,738.0710382513661
1783090057,11,,Aggregated,6.200000,0.000000,960,1400,1600,1900,2700,3700,4300,5300,5300,5300,5300,190,0,960,1281.7956005263688,168.4800000002724,5282.115499998326,737.8052631578947
1783090058,12,,Aggregated,6.200000,0.000000,960,1400,1600,1900,2700,3700,4300,5300,5300,5300,5300,197,0,960,1280.8207208122647,168.4800000002724,5282.115499998326,740.8781725888325
1783090059,13,,Aggregated,6.300000,0.000000,960,1300,1600,1900,2700,3700,4300,4400,5300,5300,5300,203,0,960,1286.0176965518735,168.4800000002724,5282.115499998326,743.3399014778325
1783090060,14,,Aggregated,6.300000,0.000000,970,1400,1600,1900,2700,3700,4300,4400,5300,5300,5300,209,0,970,1296.499257894878,168.4800000002724,5282.115499998326,737.7655502392345
1783090061,15,,Aggregated,6.300000,0.000000,980,1400,1600,1900,2700,3700,4300,4400,5300,5300,5300,215,0,980,1304.8313167443307,168.4800000002724,5282.115499998326,736.3627906976744
1783090062,17,,Aggregated,6.400000,0.000000,970,1400,1600,1900,2700,3600,4300,4400,5300,5300,5300,221,0,970,1304.4778126698463,168.4800000002724,5282.115499998326,732.0769230769231
1783090063,18,,Aggregated,6.500000,0.000000,990,1400,1700,2100,3000,3700,4300,5300,5400,5400,5400,229,0,990,1351.1297196508476,168.4800000002724,5385.500999997021,725.2620087336245
1783090064,19,,Aggregated,6.500000,0.000000,990,1400,1700,2100,2900,3700,4300,5300,5400,5400,5400,235,0,990,1349.6725548938055,168.4800000002724,5385.500999997021,721.5148936170212
1783090065,20,,Aggregated,6.500000,0.000000,1000,1400,1800,2100,3000,3800,4400,5300,5500,5500,5500,242,0,1000,1387.3824380167237,168.4800000002724,5472.603300004266,721.099173553719
1783090066,20,,Aggregated,6.700000,0.000000,1000,1400,1900,2200,3100,4000,4400,5400,5500,5500,5500,251,0,1000,1412.8840665340626,15.82829999824753,5547.493400001258,717.00796812749
1783090067,20,,Aggregated,6.500000,0.000000,1000,1400,1900,2200,3100,4000,4400,5400,5500,5500,5500,257,0,1000,1429.2262299612842,15.82829999824753,5547.493400001258,719.5291828793775
1783090068,20,,Aggregated,6.800000,0.000000,1000,1400,1900,2200,3100,4000,4400,5400,5500,5500,5500,263,0,1000,1440.8217456275659,15.82829999824753,5547.493400001258,718.7794676806084
1783090069,20,,Aggregated,6.600000,0.000000,1100,1500,2100,2200,3200,4100,5300,5500,8500,8500,8500,268,0,1100,1498.5803309703429,15.82829999824753,8526.661500000046,720.7425373134329
1783090070,20,,Aggregated,6.700000,0.000000,1100,1600,2100,2400,3500,4300,5400,6500,8500,8500,8500,278,0,1100,1566.724699280758,15.82829999824753,8526.661500000046,719.136690647482
1783090071,20,,Aggregated,6.500000,0.000000,1100,1600,2100,2400,3500,4300,5400,6500,8500,8500,8500,286,0,1100,1577.908978321887,15.82829999824753,8526.661500000046,716.9090909090909
1783090072,20,,Aggregated,6.700000,0.000000,1100,1600,2100,2400,3500,4300,5500,7900,8500,8500,8500,291,0,1100,1597.8645030929665,15.82829999824753,8526.661500000046,715.9312714776632
1783090073,20,,Aggregated,6.900000,0.000000,1100,1600,2200,2500,3700,4400,5500,7900,8500,8500,8500,299,0,1100,1629.0560879599898,15.82829999824753,8526.661500000046,718.8327759197324
1783090074,20,,Aggregated,7.000000,0.000000,1100,1600,2200,2500,3700,4400,5400,6500,8500,8500,8500,307,0,1100,1633.2966745929427,15.82829999824753,8526.661500000046,716.7817589576547
1783090075,20,,Aggregated,7.000000,0.000000,1100,1600,2200,2500,3700,4400,5500,6500,8500,8500,8500,313,0,1100,1641.1419987221327,15.82829999824753,8526.661500000046,718.8402555910543
1783090076,20,,Aggregated,6.900000,0.000000,1100,1600,2200,2500,3700,4500,5500,7900,8500,8500,8500,318,0,1100,1660.2763037736859,15.82829999824753,8526.661500000046,713.2641509433962
1783090077,20,,Aggregated,7.100000,0.000000,1200,1700,2300,2600,3700,4500,5900,8000,8500,8500,8500,327,0,1200,1710.7754113151377,15.82829999824753,8526.661500000046,714.3241590214067
1783090078,20,,Aggregated,6.900000,0.000000,1200,1700,2300,2600,3800,4600,6500,8000,8500,8500,8500,335,0,1200,1731.3104940300334,15.82829999824753,8526.661500000046,712.5522388059702
1783090079,20,,Aggregated,7.100000,0.000000,1200,1700,2300,2600,3800,4600,6500,8000,8500,8500,8500,340,0,1200,1732.095242647205,15.82829999824753,8526.661500000046,709.3529411764706
1783090080,20,,Aggregated,6.900000,0.000000,1200,1800,2300,2700,3800,4600,6800,8100,10000,10000,10000,346,0,1200,1769.2712231215469,15.82829999824753,10410.876800000551,709.4393063583815
1783090081,20,,Aggregated,7.100000,0.000000,1300,1900,2400,2800,4000,5300,7900,8500,10000,10000,10000,353,0,1300,1834.3591274789114,15.82829999824753,10410.876800000551,709.2946175637394
1783090082,20,,Aggregated,7.000000,0.000000,1300,1900,2400,2800,4000,5300,7900,8500,10000,10000,10000,358,0,1300,1836.428769273874,15.82829999824753,10410.876800000551,706.2569832402235
1783090083,20,,Aggregated,6.600000,0.000000,1300,1900,2400,2800,3900,5300,7900,8500,10000,10000,10000,364,0,1300,1839.2589112638705,15.82829999824753,10410.876800000551,708.1153846153846
1783090084,20,,Aggregated,6.600000,0.000000,1300,1900,2400,2800,4100,5400,8000,9100,10000,10000,10000,369,0,1300,1886.0656948510752,15.82829999824753,10410.876800000551,709.6205962059621
1783090085,20,,Aggregated,6.400000,0.000000,1400,2000,2500,2900,4200,5500,8000,9100,10000,10000,10000,378,0,1300,1922.8534121694593,15.82829999824753,10410.876800000551,712.2142857142857
1783090086,20,,Aggregated,6.200000,0.000000,1400,2100,2500,3000,4200,5500,8100,9100,10000,10000,10000,387,0,1400,1952.1229214471373,15.82829999824753,10410.876800000551,710.8733850129199
1783090087,20,,Aggregated,6.400000,0.000000,1400,2100,2600,3100,4200,5500,8100,9100,10000,10000,10000,393,0,1400,1961.7544068703019,15.82829999824753,10410.876800000551,712.5114503816794
1783090088,20,,Aggregated,6.600000,0.000000,1400,2100,2600,3100,4200,5400,8000,8700,10000,10000,10000,401,0,1400,1971.1545877806182,15.82829999824753,10410.876800000551,710.9750623441397
1783090089,20,,Aggregated,6.400000,0.000000,1400,2100,2700,3100,4300,5500,8000,8700,10000,10000,10000,406,0,1400,1986.4253036946402,15.82829999824753,10410.876800000551,712.3054187192118
1783090090,20,,Aggregated,6.600000,0.000000,1400,2100,2700,3100,4200,5500,8000,8700,10000,10000,10000,415,0,1400,1989.5665539759427,15.82829999824753,10410.876800000551,707.5638554216868
1783090091,20,,Aggregated,6.500000,0.000000,1400,2100,2600,3100,4100,5400,8000,8700,10000,10000,10000,421,0,1400,1981.6838589074105,15.82829999824753,10410.876800000551,709.2351543942993
1783090092,20,,Aggregated,6.500000,0.000000,1400,2100,2700,3100,4300,5500,8000,8700,10000,10000,10000,429,0,1400,1997.8166638695025,15.395899994473439,10410.876800000551,707.9230769230769
1783090093,20,,Aggregated,6.900000,0.000000,1400,2100,2700,3200,4300,5500,8000,8700,10000,10000,10000,434,0,1400,2009.487298156713,15.395899994473439,10410.876800000551,707.3594470046083
1783090094,20,,Aggregated,6.800000,0.000000,1500,2200,2700,3200,4400,5500,8000,8700,10000,10000,10000,440,0,1400,2029.4564143182388,15.395899994473439,10410.876800000551,707.0886363636364
1783090095,20,,Aggregated,7.000000,0.000000,1500,2200,2700,3200,4400,5500,8000,8700,10000,10000,10000,445,0,1500,2048.6582146067885,15.395899994473439,10410.876800000551,704.705617977528
1783090096,20,,Aggregated,7.200000,0.000000,1500,2300,2800,3200,4500,5700,8000,9100,11000,11000,11000,453,0,1500,2099.5970896247686,15.395899994473439,11214.342599996598,706.8300220750552
1783090097,20,,Aggregated,6.800000,0.000000,1500,2300,2900,3200,4400,5600,8000,9100,11000,11000,11000,463,0,1500,2092.4719058315823,15.395899994473439,11214.342599996598,701.9179265658747
1783090098,20,,Aggregated,6.500000,0.000000,1500,2300,2900,3200,4400,5600,8000,9100,11000,11000,11000,471,0,1500,2090.6738261147225,15.395899994473439,11214.342599996598,701.2292993630573
1783090099,20,,Aggregated,7.000000,0.000000,1500,2300,2900,3200,4400,5600,8000,9100,11000,11000,11000,477,0,1500,2098.7923368973447,15.395899994473439,11214.342599996598,701.0461215932914
1783090100,20,,Aggregated,7.000000,0.000000,1500,2300,2900,3200,4400,5500,8000,9100,11000,11000,11000,485,0,1500,2097.465056288698,15.395899994473439,11214.342599996598,701.3814432989691
1783090101,20,,Aggregated,7.100000,0.000000,1600,2300,2900,3200,4400,5600,8000,9100,11000,11000,11000,490,0,1600,2102.6710824490046,15.395899994473439,11214.342599996598,700.9510204081632
1783090102,20,,Aggregated,7.000000,0.000000,1600,2300,2900,3200,4400,5600,8000,9100,11000,11000,11000,498,0,1500,2094.005288554232,14.80460000311723,11214.342599996598,701.5883534136547
1783090103,20,,Aggregated,6.800000,0.000000,1600,2300,2900,3200,4400,5500,7900,8700,11000,11000,11000,504,0,1600,2103.860598214317,14.80460000311723,11214.342599996598,703.0456349206349
1783090104,20,,Aggregated,6.900000,0.000000,1600,2300,2900,3200,4400,5500,7900,8700,11000,11000,11000,510,0,1600,2096.95452235299,14.80460000311723,11214.342599996598,702.843137254902
1783090105,20,,Aggregated,6.900000,0.000000,1600,2300,2900,3200,4400,5600,7900,8700,11000,11000,11000,517,0,1600,2104.6461760155053,14.80460000311723,11214.342599996598,704.4738878143133
1783090106,20,,Aggregated,6.900000,0.000000,1600,2300,3000,3300,4500,5700,8100,9900,12000,12000,12000,524,0,1600,2148.7910146947065,14.80460000311723,11744.492900004843,704.4904580152672
1783090107,20,,Aggregated,6.900000,0.000000,1600,2300,3000,3300,4600,5900,8700,10000,12000,12000,12000,547,0,1600,2181.5589149908988,14.80460000311723,11744.492900004843,683.3217550274223
1783090108,20,,Aggregated,7.100000,0.000000,1600,2300,2900,3200,4500,5900,8500,10000,12000,12000,12000,559,0,1600,2147.553843291653,14.80460000311723,11744.492900004843,679.5831842576029
1783090109,20,,Aggregated,6.700000,0.000000,1600,2300,2800,3200,4500,5900,8500,10000,12000,12000,12000,570,0,1500,2127.7557284211125,14.80460000311723,11744.492900004843,681.2
1783090110,20,,Aggregated,8.500000,0.000000,1500,2200,2700,3200,4400,5700,8500,10000,12000,12000,12000,585,0,1500,2101.2084521368283,14.80460000311723,11744.492900004843,678.6683760683761
1783090111,20,,Aggregated,8.800000,0.000000,1500,2200,2700,3200,4400,5700,8500,10000,12000,12000,12000,600,0,1500,2080.893739000056,14.80460000311723,11744.492900004843,680.1
1783090112,20,,Aggregated,9.400000,0.000000,1500,2200,2700,3200,4400,5600,8200,10000,12000,12000,12000,614,0,1500,2060.498142508202,14.80460000311723,11744.492900004843,680.9495114006514
1783090113,20,,Aggregated,10.300000,0.000000,1500,2100,2700,3200,4400,5500,8200,10000,12000,12000,12000,628,0,1400,2045.1131401274358,14.80460000311723,11744.492900004843,683.1114649681529
1783090114,20,,Aggregated,11.000000,0.000000,1400,2100,2600,3100,4300,5500,8200,10000,12000,12000,12000,644,0,1400,2018.3011181677728,14.80460000311723,11744.492900004843,682.0
1783090115,20,,Aggregated,11.600000,0.000000,1400,2100,2600,3100,4300,5500,8100,10000,12000,12000,12000,656,0,1400,2002.5884481708138,14.80460000311723,11744.492900004843,681.2942073170732
1783090116,20,,Aggregated,12.500000,0.000000,1400,2100,2600,3100,4300,5500,8100,10000,12000,12000,12000,669,0,1400,1986.7997674141334,14.80460000311723,11744.492900004843,679.5814648729447
1783090117,20,,Aggregated,13.300000,0.000000,1400,2000,2600,3000,4200,5500,8100,10000,12000,12000,12000,684,0,1400,1970.8171467836844,14.80460000311723,11744.492900004843,680.6081871345029
1783090118,20,,Aggregated,13.900000,0.000000,1400,2000,2600,3000,4200,5500,8100,10000,12000,12000,12000,695,0,1400,1963.2396243166202,14.80460000311723,11744.492900004843,678.1453237410072
1783090119,20,,Aggregated,14.600000,0.000000,1400,2000,2500,3000,4100,5400,8000,10000,12000,12000,12000,710,0,1400,1942.4803053521696,14.80460000311723,11744.492900004843,678.8985915492958
1783090120,20,,Aggregated,13.500000,0.000000,1400,1900,2500,3000,4100,5400,8000,10000,12000,12000,12000,725,0,1400,1929.009189241442,14.80460000311723,11744.492900004843,677.7558620689655
1783090121,20,,Aggregated,13.900000,0.000000,1300,1900,2500,3000,4100,5400,8000,10000,12000,12000,12000,738,0,1300,1911.477260162658,14.80460000311723,11744.492900004843,677.2249322493225
1783090122,20,,Aggregated,14.000000,0.000000,1300,1900,2500,3000,4100,5300,7900,10000,12000,12000,12000,753,0,1300,1903.4884867198653,14.80460000311723,11744.492900004843,678.1739707835326
1783090123,20,,Aggregated,13.900000,0.000000,1300,1900,2500,2900,4100,5300,7900,10000,12000,12000,12000,770,0,1300,1878.3388838961807,14.80460000311723,11744.492900004843,678.8597402597403
1783090124,20,,Aggregated,13.800000,0.000000,1300,1900,2400,2900,4100,5300,7900,10000,12000,12000,12000,786,0,1300,1864.9207326973,14.80460000311723,11744.492900004843,679.1030534351145
1783090125,20,,Aggregated,13.900000,0.000000,1300,1900,2400,2800,4000,5300,7900,10000,12000,12000,12000,799,0,1300,1852.9659201502595,14.80460000311723,11744.492900004843,680.6458072590739
1783090126,20,,Aggregated,14.200000,0.000000,1200,1800,2400,2800,4000,5200,7800,9900,12000,12000,12000,811,0,1200,1837.6056293465688,14.80460000311723,11744.492900004843,682.7694204685573
1783090127,20,,Aggregated,14.200000,0.000000,1200,1800,2400,2800,4000,5100,7800,9900,12000,12000,12000,826,0,1200,1829.0645073850683,14.80460000311723,11744.492900004843,681.7251815980629
1783090128,20,,Aggregated,14.300000,0.000000,1200,1800,2400,2800,4000,5100,7800,9900,12000,12000,12000,840,0,1200,1815.3751159524659,14.80460000311723,11744.492900004843,680.722619047619
1783090129,20,,Aggregated,14.200000,0.000000,1200,1800,2400,2700,4000,5100,7300,9900,12000,12000,12000,856,0,1200,1805.6497808411966,14.80460000311723,11744.492900004843,679.1331775700935
1783090130,20,,Aggregated,14.200000,0.000000,1200,1800,2300,2700,4000,5000,7300,9900,12000,12000,12000,867,0,1200,1798.0359198385947,14.80460000311723,11744.492900004843,680.0219146482123
1783090131,20,,Aggregated,14.100000,0.000000,1200,1800,2300,2700,3900,5000,7300,9900,12000,12000,12000,880,0,1200,1789.1680850000798,14.80460000311723,11744.492900004843,678.7579545454546
1783090132,20,,Aggregated,14.300000,0.000000,1200,1800,2300,2700,3900,5000,7300,9900,12000,12000,12000,894,0,1200,1781.4817260627349,14.80460000311723,11744.492900004843,677.5413870246085
1783090133,20,,Aggregated,14.200000,0.000000,1200,1800,2300,2600,3900,5000,7200,9100,12000,12000,12000,909,0,1200,1768.99386820693,14.80460000311723,11744.492900004843,679.974697469747
1783090135,20,,Aggregated,14.000000,0.000000,1200,1800,2300,2600,3800,4900,7200,9100,12000,12000,12000,922,0,1200,1757.744840781001,14.80460000311723,11744.492900004843,678.7754880694143
1783090136,20,,Aggregated,14.000000,0.000000,1200,1700,2300,2600,3800,5000,7200,9100,12000,12000,12000,938,0,1200,1751.2453058636388,14.80460000311723,11744.492900004843,677.185501066098
1783090137,20,,Aggregated,13.600000,0.000000,1200,1700,2300,2600,3800,4900,6800,9100,12000,12000,12000,953,0,1200,1736.2167043022973,14.80460000311723,11744.492900004843,677.2109129066107
1783090138,20,,Aggregated,13.600000,0.000000,1200,1700,2200,2600,3800,4900,6800,9100,12000,12000,12000,967,0,1200,1732.9091751810688,14.80460000311723,11744.492900004843,677.1189245087901
1783090139,20,,Aggregated,13.800000,0.000000,1200,1700,2200,2600,3800,4900,6800,9100,12000,12000,12000,981,0,1200,1727.8741224261994,14.80460000311723,11744.492900004843,675.1916411824669
1783090140,20,,Aggregated,13.900000,0.000000,1200,1700,2200,2500,3700,4900,6800,9100,12000,12000,12000,997,0,1200,1715.995588365179,14.80460000311723,11744.492900004843,675.4302908726179
1783090141,20,,Aggregated,13.900000,0.000000,1100,1700,2200,2500,3700,4900,6700,8700,11000,12000,12000,1013,0,1100,1705.227522013902,14.80460000311723,11744.492900004843,674.9269496544916
1783090142,20,,Aggregated,13.900000,0.000000,1100,1700,2200,2500,3700,4800,6700,8700,11000,12000,12000,1026,0,1100,1694.467348343154,14.80460000311723,11744.492900004843,674.6734892787524
1783090143,20,,Aggregated,14.300000,0.000000,1100,1700,2200,2500,3700,4800,6700,8700,11000,12000,12000,1044,0,1100,1682.0148350575432,14.80460000311723,11744.492900004843,674.4846743295019
1783090144,20,,Aggregated,14.300000,0.000000,1100,1700,2200,2500,3700,4800,6600,8700,11000,12000,12000,1059,0,1100,1672.1032151086645,14.80460000311723,11744.492900004843,675.1303116147309
1783090145,20,,Aggregated,14.900000,0.000000,1100,1700,2100,2500,3700,4700,6600,8700,11000,12000,12000,1074,0,1100,1658.9528472998882,14.80460000311723,11744.492900004843,675.7551210428305
1783090146,20,,Aggregated,14.900000,0.000000,1100,1700,2100,2500,3600,4700,6600,8700,11000,12000,12000,1086,0,1100,1651.1113108656386,14.80460000311723,11744.492900004843,676.7154696132596
1783090147,20,,Aggregated,15.000000,0.000000,1100,1600,2100,2400,3600,4700,6600,8700,11000,12000,12000,1100,0,1100,1641.323074454603,14.80460000311723,11744.492900004843,677.7736363636363
1783090148,21,,Aggregated,14.800000,0.000000,1100,1600,2100,2400,3600,4700,6600,8500,11000,12000,12000,1118,0,1100,1633.8027374776893,14.80460000311723,11744.492900004843,675.9293381037567
1783090149,23,,Aggregated,14.600000,0.000000,1100,1600,2100,2400,3600,4700,6600,8500,11000,12000,12000,1139,0,1100,1618.0214128183063,14.80460000311723,11744.492900004843,671.1782265144864
1783090150,24,,Aggregated,14.600000,0.000000,1100,1600,2100,2400,3600,4700,6600,8500,11000,12000,12000,1154,0,1100,1606.0494995667627,14.80460000311723,11744.492900004843,668.4315424610052
1783090151,25,,Aggregated,15.700000,0.000000,1000,1600,2100,2400,3500,4700,6600,8500,11000,12000,12000,1181,0,1000,1582.7473968670995,14.80460000311723,11744.492900004843,664.4403048264182
1783090152,26,,Aggregated,15.900000,0.000000,1000,1600,2000,2400,3500,4600,6600,8200,11000,12000,12000,1204,0,1000,1560.0824485880776,14.80460000311723,11744.492900004843,661.3862126245847
1783090153,27,,Aggregated,16.500000,0.000000,1000,1600,2000,2300,3400,4600,6600,8200,11000,12000,12000,1230,0,990,1533.6129693496134,14.80460000311723,11744.492900004843,656.5268292682927
1783090154,28,,Aggregated,17.500000,0.000000,990,1600,1900,2300,3400,4600,6600,8200,11000,12000,12000,1250,0,980,1518.5245307200219,14.80460000311723,11744.492900004843,653.1128
1783090155,29,,Aggregated,18.300000,0.000000,970,1500,1900,2300,3300,4500,6600,8200,11000,12000,12000,1284,0,970,1489.4594781152825,14.80460000311723,11744.492900004843,647.1752336448598
1783090156,30,,Aggregated,18.800000,0.000000,950,1500,1900,2300,3300,4500,6500,8100,11000,12000,12000,1313,0,950,1462.8098389185302,14.80460000311723,11744.492900004843,642.8499619192688
1783090157,31,,Aggregated,20.600000,0.000000,940,1500,1800,2200,3300,4500,6500,8100,11000,12000,12000,1341,0,940,1437.7751365399254,14.80460000311723,11744.492900004843,636.903803131991
1783090158,32,,Aggregated,22.000000,0.000000,920,1500,1800,2200,3300,4400,6100,8100,11000,12000,12000,1370,0,920,1414.7174208759388,14.80460000311723,11744.492900004843,633.4401459854015
1783090159,33,,Aggregated,23.800000,0.000000,910,1400,1800,2100,3200,4400,6100,8100,11000,12000,12000,1399,0,910,1392.1097573266925,14.80460000311723,11744.492900004843,628.7069335239456
1783090160,34,,Aggregated,24.900000,0.000000,900,1400,1800,2100,3200,4400,6000,8000,11000,12000,12000,1422,0,890,1377.5993296062404,14.80460000311723,11744.492900004843,627.6603375527426
1783090161,35,,Aggregated,25.500000,0.000000,890,1400,1700,2100,3200,4400,6000,8000,11000,12000,12000,1445,0,890,1366.404086851263,14.80460000311723,11744.492900004843,626.1647058823529
1783090162,36,,Aggregated,26.300000,0.000000,880,1400,1700,2100,3200,4300,5900,8000,11000,12000,12000,1469,0,880,1356.1936002042535,14.80460000311723,11744.492900004843,623.4356705241661
1783090163,37,,Aggregated,26.400000,0.000000,880,1400,1700,2100,3200,4300,5900,8000,11000,12000,12000,1495,0,880,1344.7217317057164,14.80460000311723,11744.492900004843,621.5939799331104
1783090164,38,,Aggregated,26.300000,0.000000,870,1400,1700,2100,3200,4300,5900,7900,11000,12000,12000,1520,0,870,1335.2256853947697,14.80460000311723,11744.492900004843,618.3282894736842
1783090165,39,,Aggregated,26.200000,0.000000,870,1300,1700,2100,3200,4200,5900,7900,11000,12000,12000,1547,0,870,1324.5548479638378,14.80460000311723,11744.492900004843,614.7983193277311
1783090166,40,,Aggregated,26.800000,0.000000,860,1300,1700,2100,3200,4300,5900,7900,11000,12000,12000,1575,0,860,1319.2654271746333,14.80460000311723,11744.492900004843,611.6742857142857
1783090167,40,,Aggregated,26.400000,0.000000,850,1300,1700,2100,3200,4300,5900,7800,11000,12000,12000,1602,0,850,1313.056123408273,14.80460000311723,11744.492900004843,609.8302122347067
1783090168,40,,Aggregated,26.100000,0.000000,850,1300,1700,2100,3100,4200,5900,7800,11000,12000,12000,1626,0,850,1303.4636950799877,14.80460000311723,11744.492900004843,608.0633456334564
1783090169,40,,Aggregated,25.800000,0.000000,850,1300,1700,2100,3100,4200,5900,7800,11000,12000,12000,1649,0,850,1301.1299160703816,14.80460000311723,11744.492900004843,606.0485142510613
1783090170,40,,Aggregated,25.400000,0.000000,840,1300,1700,2000,3100,4200,5800,7800,11000,12000,12000,1670,0,840,1295.2905861078254,14.80460000311723,11744.492900004843,604.7209580838323
1783090171,40,,Aggregated,25.000000,0.000000,840,1300,1700,2000,3100,4200,5800,7800,11000,12000,12000,1693,0,840,1293.786303484979,14.80460000311723,11744.492900004843,603.6709982279976
1783090172,40,,Aggregated,24.400000,0.000000,840,1300,1700,2100,3200,4300,5900,7900,11000,12000,12000,1721,0,840,1298.331889366693,14.80460000311723,11744.492900004843,600.3968622893666
1783090173,40,,Aggregated,24.200000,0.000000,830,1300,1700,2100,3200,4300,5800,7900,11000,12000,12000,1751,0,830,1296.8352483723982,14.80460000311723,11744.492900004843,597.5842375785265
1783090174,40,,Aggregated,25.100000,0.000000,830,1300,1700,2100,3200,4300,5800,7900,11000,12000,12000,1775,0,830,1293.3364810704666,14.80460000311723,11744.492900004843,595.694647887324
1783090175,40,,Aggregated,25.200000,0.000000,830,1300,1700,2100,3200,4300,5800,7900,11000,12000,12000,1799,0,830,1290.5499523624665,14.80460000311723,11744.492900004843,594.2745969983324
1783090176,40,,Aggregated,24.900000,0.000000,830,1300,1700,2100,3200,4300,5800,7800,11000,12000,12000,1818,0,820,1289.6431113861847,14.80460000311723,11744.492900004843,594.0566556655666
1783090177,40,,Aggregated,24.800000,0.000000,820,1300,1700,2100,3200,4200,5800,7800,11000,12000,12000,1844,0,820,1286.840264642125,14.80460000311723,11744.492900004843,592.5959869848156
1783090178,40,,Aggregated,24.600000,0.000000,820,1300,1700,2100,3200,4200,5700,7800,11000,12000,12000,1873,0,820,1282.7533812066604,14.80460000311723,11744.492900004843,590.854244527496
1783090179,40,,Aggregated,24.300000,0.000000,820,1300,1700,2100,3100,4200,5600,7300,11000,12000,12000,1904,0,820,1274.288583193325,14.80460000311723,11744.492900004843,587.2226890756302
1783090180,40,,Aggregated,24.700000,0.000000,810,1300,1700,2100,3100,4200,5600,7300,11000,12000,12000,1928,0,810,1269.737143464767,14.80460000311723,11744.492900004843,585.2510373443984
1783090181,40,,Aggregated,25.200000,0.000000,810,1300,1700,2100,3100,4100,5500,7300,11000,12000,12000,1954,0,800,1262.7308332651276,14.80460000311723,11744.492900004843,584.1914022517911
1783090182,40,,Aggregated,26.100000,0.000000,800,1300,1700,2000,3100,4100,5700,7400,11000,12000,12000,1983,0,800,1258.928305244603,14.80460000311723,11744.492900004843,581.6152294503278
1783090183,40,,Aggregated,26.400000,0.000000,790,1300,1700,2000,3100,4200,5800,7400,11000,12000,12000,2017,0,790,1255.0372643034323,14.80460000311723,11744.492900004843,578.6851760039663
1783090184,40,,Aggregated,26.200000,0.000000,790,1300,1700,2000,3100,4200,5800,7400,11000,12000,12000,2040,0,790,1254.2528652451076,14.80460000311723,11744.492900004843,577.3612745098039
1783090185,40,,Aggregated,26.600000,0.000000,790,1300,1700,2000,3100,4200,5800,7400,11000,12000,12000,2063,0,790,1250.4995686379136,14.80460000311723,11744.492900004843,575.3795443528842
1783090186,40,,Aggregated,26.800000,0.000000,790,1300,1700,2000,3100,4200,5800,7400,11000,12000,12000,2093,0,790,1244.0500833253764,14.80460000311723,11744.492900004843,573.842331581462
1783090187,40,,Aggregated,26.500000,0.000000,790,1300,1700,2000,3100,4100,5700,7300,11000,12000,12000,2120,0,780,1239.9323651415257,14.80460000311723,11744.492900004843,572.327358490566
1783090188,40,,Aggregated,26.900000,0.000000,780,1300,1700,2000,3100,4100,5700,7300,11000,12000,12000,2144,0,780,1236.4103519589682,14.80460000311723,11744.492900004843,570.6590485074627
1783090189,40,,Aggregated,27.500000,0.000000,780,1300,1700,2000,3100,4200,5600,7300,11000,12000,12000,2169,0,780,1238.6761445827685,14.80460000311723,11744.492900004843,569.2037805440295
1783090190,40,,Aggregated,26.700000,0.000000,780,1300,1700,2000,3100,4200,5600,7300,11000,12000,12000,2192,0,780,1237.473510903297,14.80460000311723,11744.492900004843,568.4338503649635
1783090191,40,,Aggregated,26.500000,0.000000,780,1300,1700,2000,3100,4200,5600,7200,11000,12000,12000,2217,0,780,1233.634767027522,14.80460000311723,11744.492900004843,567.3283716734326
1783090192,40,,Aggregated,26.100000,0.000000,780,1300,1700,2000,3100,4200,5600,7200,11000,12000,12000,2247,0,780,1231.6198222073933,14.80460000311723,11744.492900004843,565.8651535380508
1783090193,40,,Aggregated,25.900000,0.000000,770,1300,1700,2000,3100,4200,5500,7200,11000,12000,12000,2276,0,770,1227.8863304042188,14.80460000311723,11744.492900004843,563.4376098418278
1783090194,40,,Aggregated,25.700000,0.000000,770,1200,1700,2000,3100,4200,5500,7100,11000,12000,12000,2308,0,770,1219.4946994800557,14.80460000311723,11744.492900004843,560.9189774696707
1783090195,40,,Aggregated,25.700000,0.000000,770,1200,1700,2000,3100,4200,5500,7100,11000,12000,12000,2334,0,770,1215.1514332476263,14.80460000311723,11744.492900004843,559.5167095115681
1783090196,40,,Aggregated,26.000000,0.000000,760,1200,1700,2000,3100,4200,5500,7100,11000,12000,12000,2362,0,750,1211.6658514394358,14.80460000311723,11744.492900004843,558.3391193903472
1783090197,40,,Aggregated,27.000000,0.000000,750,1200,1700,2000,3100,4300,5500,7200,11000,12000,12000,2391,0,750,1206.5986858636327,14.80460000311723,11744.492900004843,556.422835633626
1783090198,40,,Aggregated,26.800000,0.000000,750,1200,1700,2000,3100,4300,5500,7100,11000,12000,12000,2414,0,750,1202.3952219138225,14.80460000311723,11744.492900004843,555.3094449047225
1783090199,40,,Aggregated,26.400000,0.000000,740,1200,1700,2000,3100,4300,5500,7100,11000,12000,12000,2441,0,740,1201.3175174108942,14.80460000311723,11744.492900004843,554.4547316673494
1783090200,40,,Aggregated,27.000000,0.000000,740,1200,1700,2000,3100,4300,5500,7100,11000,12000,12000,2467,0,740,1198.1130337251675,14.80460000311723,11744.492900004843,553.2286177543575
1783090201,40,,Aggregated,26.900000,0.000000,730,1200,1700,2000,3100,4300,5500,7100,11000,12000,12000,2496,0,730,1195.5508005208226,14.80460000311723,11744.492900004843,551.7544070512821
1783090202,40,,Aggregated,27.300000,0.000000,730,1200,1700,2000,3100,4200,5500,7100,11000,12000,12000,2523,0,730,1194.5773755449632,14.80460000311723,11744.492900004843,550.3472057074911
1783090203,40,,Aggregated,27.700000,0.000000,730,1200,1700,2000,3100,4200,5500,7100,11000,12000,12000,2542,0,730,1193.0114667584328,14.80460000311723,11744.492900004843,549.0428796223446
1783090204,40,,Aggregated,27.900000,0.000000,730,1200,1700,2000,3100,4200,5500,7100,11000,12000,12000,2560,0,730,1192.338993593721,14.80460000311723,11744.492900004843,548.56484375
1783090205,40,,Aggregated,26.800000,0.000000,730,1200,1700,2000,3100,4300,5500,7100,11000,12000,12000,2580,0,730,1194.4945693798177,14.80460000311723,11744.492900004843,547.2038759689923
1783090206,40,,Aggregated,25.700000,0.000000,740,1200,1700,2000,3100,4300,5500,7100,11000,12000,12000,2594,0,740,1202.4996641865635,14.80460000311723,11744.492900004843,548.6692367000771
1783090207,40,,Aggregated,24.500000,0.000000,750,1300,1700,2000,3200,4300,5500,6800,11000,12000,12000,2619,0,750,1212.6135687285087,14.80460000311723,11744.492900004843,546.8342878961436
1783090208,40,,Aggregated,23.600000,0.000000,750,1300,1700,2000,3100,4300,5500,6800,11000,12000,12000,2631,0,750,1212.5864833903308,14.80460000311723,11744.492900004843,546.5917901938426
1783090209,40,,Aggregated,22.500000,0.000000,750,1300,1700,2000,3100,4300,5500,6800,11000,12000,12000,2642,0,750,1213.0708406510103,14.80460000311723,11744.492900004843,546.4912944738834
1783090210,40,,Aggregated,22.100000,0.000000,750,1300,1700,2000,3200,4300,5500,6800,11000,12000,12000,2653,0,750,1215.3437049377922,14.522400000714697,11744.492900004843,546.3984168865435
1783090211,40,,Aggregated,20.700000,0.000000,750,1300,1700,2000,3200,4300,5500,6800,11000,12000,12000,2664,0,750,1221.36538554803,14.522400000714697,11744.492900004843,545.5183933933934
1783090212,40,,Aggregated,19.100000,0.000000,750,1300,1700,2000,3200,4300,5500,6800,11000,12000,12000,2675,0,750,1222.4367127850317,14.522400000714697,11744.492900004843,545.1293457943925
1783090213,40,,Aggregated,17.500000,0.000000,760,1300,1700,2000,3200,4300,5500,6800,11000,12000,12000,2679,0,760,1224.758410526302,14.522400000714697,11744.492900004843,545.2381485628966
1783090214,40,,Aggregated,15.700000,0.000000,760,1300,1700,2100,3200,4400,5600,7200,11000,12000,12000,2689,0,760,1233.4664529936617,14.522400000714697,11744.492900004843,545.2993677947193
1783090215,40,,Aggregated,14.700000,0.000000,760,1300,1700,2100,3300,4400,5900,7800,11000,12000,12000,2704,0,760,1255.7298928994023,14.522400000714697,11744.492900004843,544.8435650887574
1783090216,40,,Aggregated,13.300000,0.000000,770,1300,1700,2100,3300,4400,5900,7800,11000,12000,12000,2713,0,770,1258.8831718024296,14.522400000714697,11744.492900004843,544.560633984519
1783090217,40,,Aggregated,12.700000,0.000000,770,1300,1700,2100,3300,4400,5900,7900,11000,12000,12000,2727,0,770,1265.8976914558098,14.510699998936616,11744.492900004843,544.074074074074
1783090218,40,,Aggregated,12.000000,0.000000,770,1300,1700,2100,3300,4500,6000,8000,12000,12000,12000,2739,0,770,1276.5367003650922,14.510699998936616,12237.231199993403,543.860533041256
1783090219,40,,Aggregated,11.700000,0.000000,770,1300,1700,2100,3300,4500,6000,8000,12000,12000,12000,2749,0,770,1276.2703286285869,14.510699998936616,12237.231199993403,543.6227719170607
1783090220,40,,Aggregated,10.700000,0.000000,770,1300,1700,2100,3300,4500,6100,8100,12000,12000,12000,2759,0,770,1282.2530336716147,14.510699998936616,12237.231199993403,543.4425516491482
1783090221,40,,Aggregated,10.700000,0.000000,770,1300,1700,2100,3300,4500,6400,8100,12000,12000,12000,2769,0,770,1286.923085084861,14.510699998936616,12237.231199993403,543.2127121704586
1783090222,40,,Aggregated,10.700000,0.000000,770,1300,1700,2100,3400,4500,6500,8100,12000,12000,12000,2779,0,770,1291.3001658510213,14.510699998936616,12237.231199993403,543.2828355523569
1783090223,40,,Aggregated,10.500000,0.000000,770,1300,1700,2100,3400,4600,6500,8200,12000,13000,13000,2792,0,770,1300.4266599570096,14.510699998936616,13319.189999994705,542.3638968481375
1783090224,40,,Aggregated,10.200000,0.000000,770,1300,1700,2100,3400,4600,6600,8200,13000,14000,14000,2802,0,770,1309.338816452522,14.510699998936616,13693.607399996836,541.9054246966452
1783090225,40,,Aggregated,10.400000,0.000000,780,1300,1700,2200,3400,4700,6600,8200,13000,14000,14000,2811,0,780,1314.6189057274912,14.510699998936616,13693.607399996836,541.5233013162575
1783090226,40,,Aggregated,11.300000,0.000000,780,1400,1800,2200,3400,4700,6600,8300,13000,14000,14000,2819,0,780,1323.4416027314553,14.510699998936616,13693.607399996836,541.3941113870167
1783090227,40,,Aggregated,10.800000,0.000000,780,1400,1800,2200,3400,4700,6600,8400,14000,14000,14000,2829,0,780,1330.0390563449885,14.510699998936616,13768.851100001484,541.462707670555
1783090228,40,,Aggregated,10.800000,0.000000,780,1400,1800,2200,3400,4700,6600,8500,14000,14000,14000,2840,0,780,1338.2904694014017,14.510699998936616,13768.851100001484,541.4021126760564
1783090229,40,,Aggregated,10.400000,0.000000,780,1400,1800,2200,3500,4700,6800,8700,14000,17000,17000,2849,0,780,1352.8215049490964,14.510699998936616,16616.75899999682,541.5440505440505
1783090230,40,,Aggregated,10.100000,0.000000,780,1400,1800,2200,3500,4700,6800,8700,14000,17000,17000,2858,0,780,1358.0520177046794,14.510699998936616,16616.75899999682,541.7498250524843
1783090231,40,,Aggregated,10.000000,0.000000,780,1400,1800,2200,3500,4800,7000,8800,15000,18000,18000,2874,0,780,1376.3220191022822,14.491100002487656,17505.50569999905,540.749478079332
1783090232,40,,Aggregated,9.600000,0.000000,780,1400,1800,2200,3500,4800,7000,9100,15000,18000,18000,2889,0,780,1379.126888681188,14.209499997377861,17505.50569999905,540.6351678781585
1783090233,40,,Aggregated,9.700000,0.000000,790,1400,1800,2200,3600,4900,7200,9500,15000,18000,18000,2903,0,790,1387.7462131243412,14.209499997377861,17505.50569999905,539.9114708921805
1783090234,40,,Aggregated,10.400000,0.000000,790,1400,1800,2200,3600,4900,7200,9500,15000,18000,18000,2915,0,790,1386.954522469969,14.209499997377861,17505.50569999905,539.4548885077187
1783090235,40,,Aggregated,10.900000,0.000000,790,1400,1800,2200,3600,4900,7200,9500,15000,18000,18000,2927,0,790,1386.8355184489133,14.209499997377861,17505.50569999905,538.7140416809019
1783090236,40,,Aggregated,11.000000,0.000000,790,1400,1800,2200,3600,4900,7200,9500,15000,18000,18000,2941,0,790,1386.9211337980148,14.209499997377861,17505.50569999905,538.2873172390343
1783090237,40,,Aggregated,11.200000,0.000000,790,1400,1800,2200,3600,4900,7200,9700,15000,18000,18000,2956,0,790,1392.9904090662958,14.209499997377861,17505.50569999905,537.4560216508796
1783090238,40,,Aggregated,11.500000,0.000000,790,1400,1800,2200,3600,4900,7200,9700,15000,18000,18000,2972,0,790,1391.606338088825,14.209499997377861,17505.50569999905,536.7849932705249
1783090239,40,,Aggregated,12.000000,0.000000,790,1400,1800,2300,3600,4900,7800,9800,16000,18000,18000,2985,0,790,1403.5312850586242,14.209499997377861,17505.50569999905,536.500837520938
1783090240,40,,Aggregated,12.700000,0.000000,790,1400,1800,2300,3600,5000,7900,9900,16000,31000,31000,3003,0,790,1416.281551381949,14.209499997377861,31420.50119999476,535.3359973359974
1783090241,40,,Aggregated,13.200000,0.000000,790,1400,1800,2300,3700,5000,8000,10000,16000,31000,31000,3013,0,790,1428.2027160637183,14.209499997377861,31420.50119999476,535.6428808496515
1783090242,40,,Aggregated,13.800000,0.000000,790,1400,1800,2300,3700,5000,8000,10000,16000,31000,31000,3024,0,790,1436.3538709986692,14.209499997377861,31420.50119999476,535.3330026455027
1783090243,40,,Aggregated,14.500000,0.000000,790,1400,1800,2300,3700,5100,8100,10000,17000,31000,31000,3037,0,790,1440.9961593348617,14.209499997377861,31420.50119999476,535.0605861047086
1783090244,40,,Aggregated,14.000000,0.000000,790,1400,1800,2300,3700,5000,8100,10000,17000,31000,31000,3047,0,790,1443.1384588119363,14.209499997377861,31420.50119999476,534.6583524778471
1783090245,40,,Aggregated,13.500000,0.000000,790,1400,1800,2300,3700,5100,8200,10000,17000,31000,31000,3055,0,790,1446.4467338461413,14.209499997377861,31420.50119999476,534.5063829787234
1783090246,40,,Aggregated,13.400000,0.000000,790,1400,1800,2300,3700,5100,8300,11000,18000,31000,31000,3068,0,790,1464.0107321055925,14.209499997377861,31420.50119999476,534.2447848761408
1783090247,40,,Aggregated,13.400000,0.000000,790,1400,1800,2300,3700,5200,8300,11000,18000,31000,31000,3076,0,790,1470.3537668725448,14.209499997377861,31420.50119999476,534.574122236671
1783090248,40,,Aggregated,12.800000,0.000000,800,1400,1900,2400,3800,5200,8300,11000,18000,31000,31000,3085,0,800,1477.242802431103,14.209499997377861,31420.50119999476,534.5160453808752
1783090249,40,,Aggregated,12.700000,0.000000,800,1400,1900,2400,3800,5300,8400,11000,18000,31000,31000,3095,0,800,1483.9956726978853,14.209499997377861,31420.50119999476,534.5492730210016
1783090250,40,,Aggregated,11.800000,0.000000,800,1400,1900,2400,3800,5300,8400,10000,18000,31000,31000,3106,0,800,1486.7954207984335,14.209499997377861,31420.50119999476,534.311010946555
1783090251,40,,Aggregated,11.300000,0.000000,800,1400,1900,2400,3800,5300,8400,11000,18000,31000,31000,3116,0,800,1493.3598559370832,14.209499997377861,31420.50119999476,534.397946084724
1783090252,40,,Aggregated,10.700000,0.000000,800,1400,1900,2400,3900,5300,8400,11000,18000,31000,31000,3127,0,800,1496.7083565397986,14.209499997377861,31420.50119999476,533.8947873361049
1783090253,40,,Aggregated,10.400000,0.000000,810,1400,1900,2400,3900,5400,8500,11000,18000,31000,31000,3136,0,800,1501.6754649872307,14.209499997377861,31420.50119999476,533.8938137755102
1783090254,40,,Aggregated,10.400000,0.000000,810,1400,1900,2400,3900,5400,8400,11000,18000,31000,31000,3151,0,810,1504.349207330985,14.209499997377861,31420.50119999476,533.5585528403682
1783090255,40,,Aggregated,10.200000,0.000000,810,1400,1900,2400,3900,5400,8500,11000,18000,31000,31000,3165,0,810,1511.3237144075654,14.209499997377861,31420.50119999476,533.596840442338
1783090256,40,,Aggregated,10.000000,0.000000,810,1400,1900,2400,4000,5500,8500,11000,18000,31000,31000,3177,0,810,1520.113448882579,14.209499997377861,31420.50119999476,533.2502360717658
1783090257,40,,Aggregated,10.300000,0.000000,810,1500,1900,2500,4000,5500,8500,11000,18000,31000,31000,3188,0,810,1531.0843140213185,14.209499997377861,31420.50119999476,532.9676913425345
1783090258,40,,Aggregated,11.000000,0.000000,810,1500,1900,2500,4000,5500,8600,11000,18000,31000,31000,3203,0,810,1538.2656704963993,14.209499997377861,31420.50119999476,531.8735560412114
1783090259,40,,Aggregated,10.900000,0.000000,810,1500,1900,2500,4000,5500,8600,11000,18000,31000,31000,3217,0,810,1539.5838860739773,14.209499997377861,31420.50119999476,531.7183711532483
1783090260,40,,Aggregated,11.200000,0.000000,820,1500,2000,2500,4000,5600,8700,11000,18000,31000,31000,3232,0,810,1548.2671611386104,14.209499997377861,31420.50119999476,531.0448638613861
1783090261,40,,Aggregated,11.800000,0.000000,810,1500,2000,2500,4000,5600,8700,11000,18000,31000,31000,3243,0,810,1551.031888744985,14.209499997377861,31420.50119999476,530.8156028368794
1783090262,40,,Aggregated,12.200000,0.000000,820,1500,2000,2500,4000,5600,8700,11000,18000,31000,31000,3256,0,820,1551.120921652333,14.209499997377861,31420.50119999476,530.3101965601966
1783090263,40,,Aggregated,12.300000,0.000000,820,1500,2000,2500,4100,5700,8700,11000,18000,31000,31000,3272,0,820,1554.6994867053797,14.209499997377861,31420.50119999476,529.9361246943765
1783090264,40,,Aggregated,12.500000,0.000000,820,1500,2000,2500,4100,5700,8700,11000,18000,31000,31000,3287,0,820,1557.8494414055392,14.209499997377861,31420.50119999476,528.8311530270763
1783090265,40,,Aggregated,12.800000,0.000000,820,1500,2000,2500,4100,5700,8700,11000,18000,31000,31000,3296,0,820,1561.8510650182084,14.209499997377861,31420.50119999476,528.3850121359224
1783090266,40,,Aggregated,13.300000,0.000000,820,1500,2000,2500,4100,5700,8700,11000,18000,31000,31000,3313,0,820,1570.933927256268,14.209499997377861,31420.50119999476,527.6136432236643
1783090267,40,,Aggregated,13.300000,0.000000,820,1500,2000,2600,4100,5900,8800,11000,18000,31000,31000,3330,0,820,1587.0894614114175,14.209499997377861,31420.50119999476,527.539039039039
1783090268,40,,Aggregated,12.900000,0.000000,820,1500,2000,2600,4100,5900,8800,11000,18000,31000,31000,3343,0,820,1586.9182496859137,14.209499997377861,31420.50119999476,527.3090038887227
1783090269,40,,Aggregated,13.500000,0.000000,820,1500,2000,2600,4100,5900,8700,11000,18000,31000,31000,3356,0,820,1586.1881171632872,14.209499997377861,31420.50119999476,527.0783671036949
1783090270,40,,Aggregated,14.100000,0.000000,820,1500,2000,2600,4200,5900,8800,11000,18000,31000,31000,3371,0,820,1591.1105883120683,14.209499997377861,31420.50119999476,526.210916641946
1783090272,40,,Aggregated,13.800000,0.000000,820,1500,2000,2600,4200,5900,8800,11000,18000,31000,31000,3388,0,820,1591.613734622187,14.209499997377861,31420.50119999476,525.5805785123966
1783090273,40,,Aggregated,13.900000,0.000000,820,1500,2000,2600,4200,5900,8700,11000,18000,31000,31000,3403,0,820,1593.3895011166546,13.90959999844199,31420.50119999476,524.9233029679694
1783090274,40,,Aggregated,13.900000,0.000000,820,1500,2100,2600,4200,5900,8800,11000,18000,31000,31000,3415,0,820,1596.277328111264,13.90959999844199,31420.50119999476,524.8240117130307
1783090275,40,,Aggregated,14.400000,0.000000,820,1500,2100,2600,4200,5900,9000,11000,18000,31000,31000,3430,0,820,1598.9827259475112,13.90959999844199,31420.50119999476,524.4116618075802
1783090276,40,,Aggregated,14.300000,0.000000,820,1500,2100,2600,4200,5900,9000,11000,18000,31000,31000,3444,0,820,1602.961962311254,13.90959999844199,31420.50119999476,524.2984901277584
1783090277,40,,Aggregated,14.300000,0.000000,820,1500,2100,2600,4200,5900,8800,11000,18000,31000,31000,3457,0,820,1602.7836095458376,13.90959999844199,31420.50119999476,524.0989297078391
1783090278,40,,Aggregated,14.300000,0.000000,820,1500,2100,2600,4300,5900,8800,11000,18000,31000,31000,3470,0,820,1605.391060316987,13.90959999844199,31420.50119999476,523.478674351585
1783090279,40,,Aggregated,14.700000,0.000000,820,1500,2100,2600,4300,5900,9000,11000,18000,31000,31000,3480,0,820,1610.7359688218241,13.90959999844199,31420.50119999476,523.7813218390804
1783090280,40,,Aggregated,14.000000,0.000000,820,1500,2100,2600,4300,6000,9100,12000,18000,31000,31000,3492,0,820,1616.4278927548607,13.90959999844199,31420.50119999476,523.6849942726232
1783090281,40,,Aggregated,13.700000,0.000000,820,1500,2100,2600,4300,6000,9100,12000,18000,31000,31000,3509,0,820,1621.5950396124183,13.90959999844199,31420.50119999476,523.0854944428612
1783090282,40,,Aggregated,13.700000,0.000000,820,1500,2100,2600,4300,6000,9100,12000,18000,31000,31000,3523,0,820,1622.6758703661562,13.90959999844199,31420.50119999476,522.7485097927903
1783090283,40,,Aggregated,13.600000,0.000000,820,1500,2100,2600,4300,6100,9100,12000,18000,31000,31000,3534,0,820,1624.1612639784819,13.90959999844199,31420.50119999476,522.713921901528
1783090284,40,,Aggregated,13.500000,0.000000,830,1500,2100,2600,4300,6100,9100,12000,18000,31000,31000,3544,0,820,1626.55900279344,13.90959999844199,31420.50119999476,522.8256207674943
1783090285,40,,Aggregated,13.000000,0.000000,830,1500,2100,2600,4300,6100,9000,12000,18000,31000,31000,3556,0,830,1629.0960298087575,13.90959999844199,31420.50119999476,522.5098425196851
1783090286,40,,Aggregated,12.700000,0.000000,830,1500,2100,2600,4300,6200,9100,12000,18000,31000,31000,3567,0,830,1633.255384805144,13.90959999844199,31420.50119999476,522.5197645079899
1783090287,40,,Aggregated,12.400000,0.000000,830,1500,2100,2600,4300,6200,9200,12000,19000,31000,31000,3579,0,830,1641.206311120417,13.90959999844199,31420.50119999476,522.19418832076
1783090288,40,,Aggregated,12.300000,0.000000,830,1500,2100,2600,4300,6200,9200,12000,19000,31000,31000,3593,0,830,1646.0535829947044,13.90959999844199,31420.50119999476,521.5006957973839
1783090289,40,,Aggregated,12.300000,0.000000,830,1500,2100,2700,4300,6200,9200,12000,19000,31000,31000,3602,0,830,1646.844692476392,13.90959999844199,31420.50119999476,521.1193781232648
1783090290,40,,Aggregated,12.100000,0.000000,830,1500,2100,2700,4300,6200,9200,12000,19000,31000,31000,3608,0,830,1647.1301443736038,13.90959999844199,31420.50119999476,521.2621951219512
1783090291,40,,Aggregated,12.200000,0.000000,830,1500,2200,2700,4300,6300,9200,12000,19000,31000,31000,3618,0,830,1653.2669242398972,13.90959999844199,31420.50119999476,521.5580431177447
1783090292,40,,Aggregated,11.700000,0.000000,840,1500,2200,2700,4300,6400,9400,12000,19000,31000,31000,3626,0,840,1660.3791202702619,13.90959999844199,31420.50119999476,521.4089906232763
1783090293,40,,Aggregated,11.000000,0.000000,840,1500,2200,2700,4300,6500,9600,12000,19000,31000,31000,3638,0,840,1669.1077409015827,13.90959999844199,31420.50119999476,521.1492578339747
1783090294,40,,Aggregated,10.200000,0.000000,840,1500,2200,2700,4300,6500,9600,12000,19000,31000,31000,3651,0,840,1674.4751601752891,13.90959999844199,31420.50119999476,520.9728841413312
1783090295,40,,Aggregated,10.300000,0.000000,840,1500,2200,2700,4400,6600,9700,12000,19000,31000,31000,3668,0,840,1684.6073345692416,13.90959999844199,31420.50119999476,520.3617775354417
1783090296,40,,Aggregated,10.300000,0.000000,840,1500,2200,2700,4400,6600,9700,12000,19000,31000,31000,3678,0,840,1687.360623436645,13.90959999844199,31420.50119999476,520.2993474714518
1783090297,40,,Aggregated,11.100000,0.000000,840,1500,2200,2700,4400,6600,9700,12000,19000,31000,31000,3692,0,840,1692.1031132177638,13.90959999844199,31420.50119999476,520.2088299024919
1783090298,40,,Aggregated,11.200000,0.000000,840,1500,2200,2700,4400,6600,9700,12000,19000,31000,31000,3707,0,840,1695.946477286212,13.90959999844199,31420.50119999476,519.6231454005934
1783090299,40,,Aggregated,11.400000,0.000000,850,1500,2200,2700,4400,6600,9800,12000,19000,31000,31000,3715,0,850,1702.3172797038997,13.90959999844199,31420.50119999476,519.7025572005383
1783090300,40,,Aggregated,11.400000,0.000000,850,1500,2200,2800,4400,6600,9800,12000,19000,31000,31000,3726,0,850,1704.3452584004249,13.90959999844199,31420.50119999476,519.2799248523886
1783090301,40,,Aggregated,11.400000,0.000000,850,1500,2200,2800,4400,6600,9800,12000,19000,31000,31000,3736,0,850,1705.1519645342548,13.90959999844199,31420.50119999476,518.8254817987153
1783090302,40,,Aggregated,11.700000,0.000000,850,1500,2200,2800,4400,6600,9800,12000,19000,31000,31000,3746,0,850,1707.3259725306912,13.90959999844199,31420.50119999476,518.6732514682328
1783090303,40,,Aggregated,11.900000,0.000000,850,1500,2300,2800,4400,6600,9800,12000,19000,31000,31000,3756,0,850,1716.9041267039297,13.90959999844199,31420.50119999476,518.7838125665602
1783090304,40,,Aggregated,11.900000,0.000000,850,1500,2300,2800,4500,6600,9800,12000,19000,31000,31000,3768,0,850,1720.4552805732403,13.90959999844199,31420.50119999476,518.8837579617834
1783090305,40,,Aggregated,11.800000,0.000000,850,1500,2300,2800,4500,6600,9800,12000,19000,31000,31000,3779,0,850,1721.6871430007866,13.90959999844199,31420.50119999476,518.8528711299285
1783090306,40,,Aggregated,11.600000,0.000000,860,1500,2300,2800,4500,6600,9900,13000,19000,31000,31000,3793,0,860,1728.6240316108563,13.70879999740282,31420.50119999476,518.5968890060637
1783090307,40,,Aggregated,11.000000,0.000000,860,1500,2300,2800,4500,6700,9900,13000,19000,31000,31000,3807,0,860,1733.9517106645603,13.70879999740282,31420.50119999476,518.3020751247701
1783090308,40,,Aggregated,11.100000,0.000000,860,1500,2300,2800,4500,6700,9900,13000,19000,31000,31000,3819,0,860,1737.0257073317596,13.70879999740282,31420.50119999476,518.0117831893166
1783090309,40,,Aggregated,11.400000,0.000000,860,1500,2300,2800,4500,6700,9900,13000,19000,31000,31000,3831,0,860,1736.2706062385744,13.70879999740282,31420.50119999476,517.9451840250588
1783090310,40,,Aggregated,11.100000,0.000000,870,1500,2300,2800,4500,6700,9900,13000,19000,31000,31000,3840,0,870,1736.4719964062472,13.70879999740282,31420.50119999476,517.93515625
1783090311,40,,Aggregated,11.300000,0.000000,870,1500,2300,2800,4500,6700,9900,13000,19000,31000,31000,3848,0,870,1736.9238707640336,13.70879999740282,31420.50119999476,518.0192307692307
1783090312,40,,Aggregated,11.300000,0.000000,870,1500,2300,2800,4500,6700,9900,13000,19000,31000,31000,3857,0,870,1738.8070289344032,13.70879999740282,31420.50119999476,518.0103707544724
1783090313,40,,Aggregated,10.900000,0.000000,870,1500,2300,2800,4500,6800,9900,13000,19000,31000,31000,3870,0,870,1746.7264016537436,13.70879999740282,31420.50119999476,518.0237726098192
1783090314,40,,Aggregated,11.000000,0.000000,870,1500,2300,2800,4500,6800,9900,13000,19000,31000,31000,3880,0,870,1747.3500344072143,13.70879999740282,31420.50119999476,517.7997422680412
1783090315,40,,Aggregated,11.200000,0.000000,870,1500,2300,2800,4500,6800,9900,13000,19000,31000,31000,3892,0,870,1749.5282802158274,13.70879999740282,31420.50119999476,517.5213257965056
1783090316,40,,Aggregated,11.200000,0.000000,870,1500,2300,2800,4600,6800,10000,13000,26000,31000,31000,3902,0,870,1764.339118349566,13.70879999740282,31420.50119999476,517.6373654536135
1783090317,40,,Aggregated,11.200000,0.000000,870,1500,2300,2800,4600,6900,10000,13000,26000,31000,31000,3913,0,870,1770.2599700741102,13.70879999740282,31420.50119999476,517.1142346026066
1783090318,40,,Aggregated,11.200000,0.000000,870,1500,2300,2800,4600,6900,10000,13000,26000,31000,31000,3927,0,870,1777.6275091927625,13.70879999740282,31420.50119999476,516.4525082760376
1783090319,40,,Aggregated,10.600000,0.000000,880,1500,2300,2800,4600,6900,10000,13000,26000,31000,31000,3939,0,880,1778.3079813404383,13.70879999740282,31420.50119999476,516.3907083015994
1783090320,40,,Aggregated,10.600000,0.000000,880,1500,2300,2800,4700,6900,10000,13000,26000,31000,31000,3946,0,880,1782.4950911302533,13.70879999740282,31420.50119999476,516.7686264571718
1783090321,40,,Aggregated,10.800000,0.000000,880,1500,2300,2800,4700,6900,10000,13000,26000,31000,31000,3955,0,880,1781.1654258659896,13.70879999740282,31420.50119999476,516.9658659924147
1783090322,40,,Aggregated,10.600000,0.000000,880,1600,2300,2900,4700,6900,10000,13000,26000,31000,31000,3969,0,880,1786.5093729654827,13.70879999740282,31420.50119999476,517.0506424792139
1783090323,40,,Aggregated,10.700000,0.000000,880,1600,2300,2900,4700,7000,10000,14000,26000,31000,31000,3982,0,880,1790.4622198141624,13.70879999740282,31420.50119999476,516.5670517327976
1783090324,40,,Aggregated,11.100000,0.000000,880,1600,2400,2900,4700,7000,10000,14000,25000,31000,31000,4001,0,880,1801.765898475379,13.70879999740282,31420.50119999476,516.2126968257935
1783090325,40,,Aggregated,10.900000,0.000000,880,1600,2400,2900,4700,7100,10000,14000,25000,31000,31000,4014,0,880,1802.8307469108106,13.70879999740282,31420.50119999476,515.8552566018934
1783090326,40,,Aggregated,11.600000,0.000000,880,1600,2400,2900,4700,7100,10000,14000,25000,31000,31000,4024,0,880,1801.8372346669935,13.70879999740282,31420.50119999476,515.9619781312127
1783090327,40,,Aggregated,12.200000,0.000000,880,1600,2400,2900,4700,7100,10000,14000,25000,31000,31000,4035,0,880,1805.4044552168461,13.70879999740282,31420.50119999476,515.6175960346964
1783090328,40,,Aggregated,11.900000,0.000000,880,1600,2400,2900,4700,7100,10000,14000,25000,31000,31000,4048,0,880,1808.204473270746,13.70879999740282,31420.50119999476,515.2695158102766
1783090329,40,,Aggregated,11.800000,0.000000,880,1600,2400,2900,4800,7100,10000,14000,25000,31000,31000,4066,0,880,1816.1262436792877,13.70879999740282,31420.50119999476,514.977127397934
1783090330,40,,Aggregated,12.100000,0.000000,880,1600,2400,2900,4800,7100,10000,14000,25000,31000,31000,4078,0,880,1817.4474247425214,13.70879999740282,31420.50119999476,514.7577243746935
1783090331,40,,Aggregated,12.500000,0.000000,890,1600,2400,2900,4800,7200,11000,14000,25000,31000,31000,4088,0,890,1826.3646427592962,13.70879999740282,31420.50119999476,514.9948630136986
1783090332,40,,Aggregated,12.900000,0.000000,890,1600,2400,2900,4800,7200,11000,14000,25000,31000,31000,4097,0,890,1825.7829744691296,13.70879999740282,31420.50119999476,515.0324627776422
1783090333,40,,Aggregated,13.100000,0.000000,890,1600,2400,2900,4800,7200,10000,14000,25000,31000,31000,4104,0,890,1827.003260307025,13.70879999740282,31420.50119999476,515.2385477582847
1783090334,40,,Aggregated,12.900000,0.000000,890,1600,2400,2900,4900,7200,10000,14000,25000,31000,31000,4115,0,890,1831.0820167193237,13.70879999740282,31420.50119999476,515.3868772782503
1783090335,40,,Aggregated,12.400000,0.000000,900,1600,2400,2900,4800,7200,10000,14000,25000,31000,31000,4121,0,900,1833.488852026215,13.70879999740282,31420.50119999476,515.8364474642077
1783090336,40,,Aggregated,11.700000,0.000000,900,1600,2400,2900,4900,7200,11000,14000,25000,31000,31000,4127,0,900,1842.4902683062815,13.70879999740282,31420.50119999476,516.2847104434213
1783090337,40,,Aggregated,10.900000,0.000000,900,1600,2500,3000,4900,7300,11000,14000,26000,35000,35000,4134,0,900,1856.2151308901855,13.70879999740282,35442.16790000064,516.8050314465409
1783090338,40,,Aggregated,10.300000,0.000000,910,1600,2500,3000,4900,7400,11000,14000,26000,35000,35000,4145,0,910,1872.2809874547725,13.70879999740282,35442.16790000064,517.6193003618818
1783090339,40,,Aggregated,10.200000,0.000000,910,1600,2500,3000,4900,7400,11000,14000,26000,35000,35000,4176,0,910,1877.0951980364073,13.70879999740282,35442.16790000064,515.6163793103449
1783090340,40,,Aggregated,9.600000,0.000000,920,1600,2500,3000,4900,7400,11000,14000,26000,35000,35000,4185,0,920,1876.9435475985729,13.70879999740282,35442.16790000064,515.8069295101553
1783090341,40,,Aggregated,11.100000,0.000000,920,1600,2500,3000,4900,7400,11000,14000,26000,35000,35000,4195,0,920,1877.1635841478028,13.70879999740282,35442.16790000064,515.7220500595947
1783090342,40,,Aggregated,10.800000,0.000000,920,1600,2500,3000,4900,7400,11000,14000,26000,35000,35000,4205,0,920,1879.0218042806284,13.70879999740282,35442.16790000064,515.8316290130797
1783090343,40,,Aggregated,10.600000,0.000000,920,1600,2500,3000,4900,7400,11000,14000,26000,35000,35000,4217,0,920,1877.6314585250304,13.70879999740282,35442.16790000064,515.2321555608253
1783090344,40,,Aggregated,10.600000,0.000000,920,1600,2500,3000,4900,7400,11000,14000,26000,35000,35000,4228,0,920,1879.8361258987852,13.70879999740282,35442.16790000064,514.9110690633869
1783090345,40,,Aggregated,11.200000,0.000000,930,1600,2500,3000,4900,7400,11000,14000,26000,35000,35000,4236,0,930,1881.8451250708376,13.70879999740282,35442.16790000064,515.0311614730878
1783090346,40,,Aggregated,11.100000,0.000000,930,1600,2500,3000,5000,7400,11000,14000,26000,35000,35000,4248,0,930,1886.6777884887128,13.70879999740282,35442.16790000064,515.0943973634652
1783090347,40,,Aggregated,11.300000,0.000000,930,1600,2500,3000,5000,7400,11000,14000,26000,35000,35000,4254,0,930,1890.045874870724,13.70879999740282,35442.16790000064,515.375411377527
1783090348,40,,Aggregated,11.600000,0.000000,930,1600,2500,3000,5000,7400,11000,14000,26000,35000,35000,4262,0,930,1893.8522979117943,13.70879999740282,35442.16790000064,515.5694509619897
1783090349,40,,Aggregated,12.000000,0.000000,940,1600,2500,3000,5000,7400,11000,14000,26000,35000,35000,4267,0,940,1898.5967307007404,13.70879999740282,35442.16790000064,515.7386922896649
1783090350,40,,Aggregated,11.900000,0.000000,940,1600,2600,3000,5000,7500,11000,14000,26000,35000,35000,4275,0,940,1910.4628989473833,13.70879999740282,35442.16790000064,515.9314619883041
1783090351,40,,Aggregated,9.300000,0.000000,940,1600,2600,3000,5000,7600,11000,14000,26000,35000,35000,4281,0,940,1919.7564391497472,13.70879999740282,35442.16790000064,516.3634664797944
1783090352,40,,Aggregated,8.800000,0.000000,950,1600,2600,3100,5100,7800,11000,14000,26000,35000,35000,4317,0,950,1933.6283452629348,13.70879999740282,35442.16790000064,514.4883020616169
1783090353,40,,Aggregated,8.900000,0.000000,950,1600,2600,3100,5000,7600,11000,14000,26000,35000,35000,4346,0,950,1928.8108391394603,13.70879999740282,35442.16790000064,514.3163828808099
1783090354,40,,Aggregated,8.400000,0.000000,950,1600,2600,3100,5000,7600,11000,14000,26000,35000,35000,4363,0,950,1927.6876257391937,13.70879999740282,35442.16790000064,514.9585147834059
1783090355,40,,Aggregated,11.100000,0.000000,960,1600,2600,3100,5000,7600,11000,14000,26000,35000,35000,4405,0,960,1924.8591185017176,13.70879999740282,35442.16790000064,514.2199772985244
1783090356,40,,Aggregated,13.000000,0.000000,950,1600,2600,3000,5000,7600,11000,14000,26000,35000,35000,4424,0,950,1919.9781724005566,13.70879999740282,35442.16790000064,515.1794755877035
1783090357,40,,Aggregated,13.600000,0.000000,960,1600,2500,3000,5000,7500,11000,14000,26000,35000,35000,4463,0,960,1916.571335155739,13.70879999740282,35442.16790000064,513.8099932780641
1783090358,40,,Aggregated,16.900000,0.000000,940,1600,2500,3000,5000,7500,11000,14000,26000,35000,35000,4514,0,940,1899.9732504652286,13.70879999740282,35442.16790000064,512.0863978732831
1783090359,40,,Aggregated,17.900000,0.000000,930,1600,2500,3000,5000,7400,11000,14000,26000,35000,35000,4545,0,930,1890.1908818482004,13.70879999740282,35442.16790000064,511.7975797579758
1783090360,40,,Aggregated,23.200000,0.000000,920,1600,2500,3000,4900,7400,11000,14000,26000,35000,35000,4582,0,920,1878.1628176342388,13.70879999740282,35442.16790000064,511.1156700130947
1783090361,40,,Aggregated,26.300000,0.000000,910,1600,2400,3000,4900,7400,11000,14000,26000,35000,35000,4625,1,910,1865.9356086270413,13.70879999740282,35442.16790000064,509.8090810810811
1783090362,40,,Aggregated,29.400000,0.000000,890,1600,2400,2900,4900,7400,11000,14000,26000,35000,35000,4661,1,890,1855.094713108785,13.70879999740282,35442.16790000064,509.46856897661445
1783090363,40,,Aggregated,31.500000,0.000000,890,1600,2400,2900,4900,7400,11000,14000,26000,35000,35000,4695,2,890,1845.607474909496,13.70879999740282,35442.16790000064,509.1784877529287
1783090364,40,,Aggregated,35.200000,0.100000,880,1500,2400,2900,4800,7400,11000,14000,26000,35000,35000,4731,2,880,1836.1539801099368,13.70879999740282,35442.16790000064,508.715282181357
1783090365,40,,Aggregated,34.500000,0.100000,870,1500,2300,2900,4800,7300,10000,14000,26000,35000,35000,4772,2,870,1825.2165897527493,13.70879999740282,35442.16790000064,508.4541072925398
1783090366,40,,Aggregated,34.900000,0.200000,860,1500,2300,2900,4800,7200,10000,14000,26000,35000,35000,4814,2,850,1813.4221268384113,13.70879999740282,35442.16790000064,508.0018695471541
1783090367,40,,Aggregated,37.500000,0.200000,840,1500,2300,2900,4700,7200,10000,14000,26000,35000,35000,4849,2,840,1802.9798904104098,13.70879999740282,35442.16790000064,508.22540730047433
1783090368,40,,Aggregated,37.000000,0.200000,830,1500,2300,2800,4700,7200,10000,14000,26000,35000,35000,4889,2,830,1791.4506220904202,13.70879999740282,35442.16790000064,507.61259971364285
1783090369,40,,Aggregated,39.200000,0.200000,830,1500,2300,2800,4700,7100,10000,14000,26000,35000,35000,4926,2,830,1781.7249408242135,13.70879999740282,35442.16790000064,507.5452699959399
1783090370,40,,Aggregated,36.700000,0.200000,820,1500,2200,2800,4700,7100,10000,14000,26000,35000,35000,4959,3,820,1772.8220054043315,13.70879999740282,35442.16790000064,507.61181689856824
1783090371,40,,Aggregated,36.900000,0.200000,810,1500,2200,2800,4600,7100,10000,14000,26000,35000,35000,4994,3,810,1763.5464611333744,13.70879999740282,35442.16790000064,506.9639567480977
1783090372,40,,Aggregated,36.600000,0.200000,800,1500,2200,2800,4600,7100,10000,13000,25000,35000,35000,5024,3,800,1756.8647240445957,13.70879999740282,35442.16790000064,506.6811305732484
1783090373,40,,Aggregated,37.600000,0.300000,790,1500,2200,2800,4600,7100,10000,13000,25000,35000,35000,5057,3,790,1748.9402937907973,13.70879999740282,35442.16790000064,506.6406960648606
1783090374,40,,Aggregated,36.600000,0.200000,790,1500,2200,2800,4600,7000,10000,13000,25000,35000,35000,5100,3,790,1739.5329039215837,13.70879999740282,35442.16790000064,506.12450980392157
1783090375,40,,Aggregated,36.200000,0.200000,780,1500,2100,2800,4600,7000,10000,13000,25000,35000,35000,5133,3,780,1731.446240151977,13.70879999740282,35442.16790000064,505.84083382037795
1783090376,40,,Aggregated,36.400000,0.100000,780,1500,2100,2700,4500,7000,10000,13000,25000,35000,35000,5168,3,780,1722.4765188467718,13.70879999740282,35442.16790000064,506.06753095975233
1783090377,40,,Aggregated,36.600000,0.100000,770,1400,2100,2700,4500,7000,10000,13000,25000,35000,35000,5205,3,770,1713.918431796374,13.70879999740282,35442.16790000064,505.86993275696443
1783090378,40,,Aggregated,36.600000,0.100000,760,1400,2100,2700,4500,6900,10000,13000,25000,35000,35000,5244,3,760,1704.1411684592194,13.70879999740282,35442.16790000064,505.5570175438597
1783090379,40,,Aggregated,35.400000,0.100000,750,1400,2100,2700,4500,6900,10000,13000,25000,35000,35000,5289,3,750,1693.0589136320912,13.70879999740282,35442.16790000064,504.83021365097375
1783090380,40,,Aggregated,35.500000,0.100000,750,1400,2000,2700,4400,6900,10000,13000,25000,35000,35000,5320,3,750,1685.5359873872474,13.70879999740282,35442.16790000064,504.3687969924812
1783090381,40,,Aggregated,35.100000,0.100000,740,1400,2000,2600,4400,6900,10000,13000,25000,35000,35000,5359,3,740,1675.8631982086506,13.70879999740282,35442.16790000064,504.323381227841
1783090382,40,,Aggregated,36.500000,0.100000,730,1400,2000,2600,4400,6800,10000,13000,25000,35000,35000,5399,3,730,1665.5508483608346,13.70879999740282,35442.16790000064,503.6338210779774
1783090383,40,,Aggregated,35.900000,0.000000,720,1400,2000,2600,4400,6800,10000,13000,25000,35000,35000,5431,3,720,1658.076788731384,13.70879999740282,35442.16790000064,503.6652550174922
1783090384,40,,Aggregated,36.900000,0.000000,710,1400,1900,2600,4400,6800,9900,13000,25000,35000,35000,5478,3,710,1647.5524255750493,13.70879999740282,35442.16790000064,503.35998539612996
1783090385,40,,Aggregated,37.500000,0.000000,700,1400,1900,2600,4400,6800,9900,13000,25000,35000,35000,5520,3,700,1637.2225946377073,13.70879999740282,35442.16790000064,502.1856884057971
1783090386,40,,Aggregated,37.100000,0.000000,690,1400,1900,2600,4400,6800,9900,13000,25000,35000,35000,5558,3,680,1627.7287270241354,13.70879999740282,35442.16790000064,501.86559913638
1783090387,40,,Aggregated,37.500000,0.000000,680,1400,1900,2600,4400,6700,9900,13000,25000,35000,35000,5592,3,680,1619.6993632153265,13.70879999740282,35442.16790000064,501.49606580829754
1783090388,40,,Aggregated,37.900000,0.000000,670,1400,1900,2500,4400,6700,9900,13000,25000,35000,35000,5628,3,670,1611.1978352700976,13.70879999740282,35442.16790000064,500.58777540867095
1783090389,40,,Aggregated,38.600000,0.000000,670,1400,1800,2500,4300,6700,9900,13000,25000,35000,35000,5662,3,670,1604.3067087601753,13.70879999740282,35442.16790000064,500.9653832567997
1783090390,40,,Aggregated,38.200000,0.000000,660,1400,1800,2500,4300,6700,9900,13000,25000,35000,35000,5700,3,660,1595.9766635614205,13.70879999740282,35442.16790000064,500.74701754385967
1783090391,40,,Aggregated,38.400000,0.000000,650,1400,1800,2500,4300,6600,9900,13000,25000,35000,35000,5733,3,650,1589.2538223443414,13.70879999740282,35442.16790000064,500.8576661433804
1783090392,40,,Aggregated,37.200000,0.000000,650,1400,1800,2500,4300,6600,9900,13000,25000,35000,35000,5769,3,650,1582.3887920610323,13.70879999740282,35442.16790000064,500.75715028601144
1783090393,40,,Aggregated,37.600000,0.000000,640,1300,1800,2500,4300,6600,9800,13000,25000,35000,35000,5808,3,640,1575.9912072658547,13.70879999740282,35442.16790000064,500.3653581267218
1783090394,40,,Aggregated,36.200000,0.000000,640,1300,1800,2500,4300,6600,9800,13000,25000,35000,35000,5848,3,640,1568.5822380814081,13.70879999740282,35442.16790000064,500.3707250341997
1783090395,40,,Aggregated,36.800000,0.000000,630,1300,1800,2400,4300,6600,9800,13000,25000,35000,35000,5883,3,630,1561.2538369199478,13.70879999740282,35442.16790000064,500.3659697433282
1783090396,40,,Aggregated,37.800000,0.000000,630,1300,1700,2400,4300,6600,9700,13000,25000,35000,35000,5921,3,630,1554.1764919777152,13.70879999740282,35442.16790000064,499.7471710859652
1783090397,40,,Aggregated,36.500000,0.000000,620,1300,1700,2400,4300,6600,9700,13000,25000,35000,35000,5956,3,620,1547.2510903962454,13.70879999740282,35442.16790000064,499.11366689053057
1783090398,40,,Aggregated,36.000000,0.000000,620,1300,1700,2400,4300,6600,9700,13000,25000,35000,35000,5990,3,620,1541.4097402170369,13.70879999740282,35442.16790000064,498.8744574290484
1783090399,40,,Aggregated,36.000000,0.000000,620,1300,1700,2400,4200,6500,9700,12000,20000,35000,35000,6020,3,620,1536.5450682724322,13.70879999740282,35442.16790000064,498.5672757475083
1783090400,40,,Aggregated,36.200000,0.000000,620,1300,1700,2400,4200,6500,9700,12000,20000,35000,35000,6061,3,620,1529.7204028873166,13.70879999740282,35442.16790000064,498.32271902326346
1783090401,40,,Aggregated,36.000000,0.000000,620,1300,1700,2300,4200,6500,9700,12000,20000,35000,35000,6098,4,620,1523.6418109216206,13.70879999740282,35442.16790000064,497.8693014102985
1783090402,40,,Aggregated,35.400000,0.000000,610,1300,1700,2300,4200,6500,9700,12000,20000,35000,35000,6135,4,610,1516.2421649388812,13.70879999740282,35442.16790000064,497.65802770986147
1783090404,40,,Aggregated,35.700000,0.000000,600,1300,1700,2300,4200,6500,9700,12000,20000,35000,35000,6176,4,600,1509.287670110111,13.70879999740282,35442.16790000064,497.2660297927461
1783090405,40,,Aggregated,36.500000,0.100000,600,1300,1700,2300,4200,6400,9700,12000,20000,35000,35000,6210,4,600,1502.4721858293158,13.70879999740282,35442.16790000064,496.99822866344607
1783090406,40,,Aggregated,36.300000,0.100000,590,1300,1700,2300,4200,6400,9700,12000,20000,35000,35000,6244,4,590,1497.0100715086562,13.70879999740282,35442.16790000064,496.94026265214603
1783090407,40,,Aggregated,36.300000,0.100000,590,1300,1700,2300,4200,6400,9700,12000,20000,35000,35000,6282,4,590,1490.71306482013,13.70879999740282,35442.16790000064,496.5119388729704
1783090408,40,,Aggregated,35.900000,0.100000,580,1200,1700,2300,4100,6300,9600,12000,20000,35000,35000,6318,4,580,1484.4630025641093,13.70879999740282,35442.16790000064,496.36625514403295
1783090409,40,,Aggregated,35.900000,0.100000,580,1200,1700,2200,4100,6300,9600,12000,20000,35000,35000,6351,4,580,1479.541515383409,13.70879999740282,35442.16790000064,496.3369548102661
1783090410,40,,Aggregated,36.100000,0.100000,570,1200,1600,2200,4100,6200,9600,12000,20000,35000,35000,6389,4,570,1472.8995696353147,13.70879999740282,35442.16790000064,496.04413836281105
1783090411,40,,Aggregated,36.000000,0.100000,570,1200,1600,2200,4100,6200,9500,12000,20000,35000,35000,6425,4,570,1468.080037042803,13.70879999740282,35442.16790000064,496.0782879377432
1783090412,40,,Aggregated,36.700000,0.100000,570,1200,1600,2200,4100,6200,9500,12000,20000,35000,35000,6463,4,570,1462.1923639486326,13.70879999740282,35442.16790000064,496.1559647222652
1783090413,40,,Aggregated,36.000000,0.100000,570,1200,1600,2200,4100,6100,9500,12000,20000,35000,35000,6492,4,570,1457.5498777418331,13.70879999740282,35442.16790000064,496.4674984596426
1783090414,40,,Aggregated,36.300000,0.000000,560,1200,1600,2200,4100,6100,9500,12000,20000,35000,35000,6529,4,560,1452.0841313983742,13.70879999740282,35442.16790000064,495.88711900750496
1783090415,40,,Aggregated,35.600000,0.000000,550,1200,1600,2200,4100,6100,9500,12000,20000,35000,35000,6568,4,550,1446.3380466961057,13.70879999740282,35442.16790000064,495.69929963459197
1783090416,40,,Aggregated,34.900000,0.000000,550,1200,1600,2100,4000,6000,9400,12000,20000,35000,35000,6601,4,550,1441.6013876079385,13.70879999740282,35442.16790000064,495.58688077564005
1783090417,40,,Aggregated,35.300000,0.000000,550,1200,1600,2100,4000,6000,9400,12000,20000,35000,35000,6640,4,540,1435.7070015361437,13.70879999740282,35442.16790000064,495.53704819277107
1783090418,40,,Aggregated,35.700000,0.000000,540,1200,1600,2100,4000,6000,9400,12000,20000,35000,35000,6682,4,540,1428.9432310386114,13.70879999740282,35442.16790000064,495.1631248129303
1783090419,40,,Aggregated,35.700000,0.000000,530,1200,1600,2100,4000,6000,9300,12000,20000,35000,35000,6720,4,530,1423.1097842559543,13.70879999740282,35442.16790000064,494.6565476190476
1783090420,40,,Aggregated,36.300000,0.000000,530,1200,1600,2100,4000,5900,9300,12000,20000,35000,35000,6762,4,530,1416.0548542590964,13.70879999740282,35442.16790000064,494.16001183081926
1783090421,40,,Aggregated,36.700000,0.000000,520,1100,1600,2100,4000,5900,9300,12000,20000,35000,35000,6803,4,520,1409.2393197412914,13.70879999740282,35442.16790000064,493.69528149345876
1783090422,40,,Aggregated,36.900000,0.000000,510,1100,1600,2000,3900,5900,9300,12000,20000,35000,35000,6838,4,510,1403.3031568879776,13.70879999740282,35442.16790000064,493.2386662766891
1783090423,40,,Aggregated,37.700000,0.000000,510,1100,1600,2000,3900,5900,9200,12000,20000,35000,35000,6878,4,510,1396.823700392554,13.70879999740282,35442.16790000064,493.10555394009884
1783090424,40,,Aggregated,37.400000,0.000000,510,1100,1500,2000,3900,5900,9200,12000,20000,35000,35000,6918,4,510,1390.2063919196264,13.70879999740282,35442.16790000064,492.8675917895346
1783090425,40,,Aggregated,38.400000,0.000000,500,1100,1500,2000,3900,5800,9200,12000,20000,35000,35000,6960,4,500,1383.7388417816044,13.70879999740282,35442.16790000064,492.41896551724136
1783090426,40,,Aggregated,38.900000,0.000000,500,1100,1500,2000,3900,5800,9200,12000,20000,35000,35000,6994,4,500,1378.220793151267,13.70879999740282,35442.16790000064,492.16814412353443
1783090427,40,,Aggregated,38.900000,0.000000,490,1100,1500,2000,3900,5800,9200,12000,19000,35000,35000,7025,4,490,1374.0092240569354,13.70879999740282,35442.16790000064,491.7370818505338
1783090428,40,,Aggregated,38.900000,0.000000,490,1100,1500,1900,3900,5700,9200,12000,19000,35000,35000,7069,4,490,1368.4527948790478,13.70879999740282,35442.16790000064,491.7020795020512
1783090429,40,,Aggregated,38.300000,0.000000,490,1100,1500,1900,3800,5700,9100,12000,19000,35000,35000,7108,4,490,1363.0682925154745,13.70879999740282,35442.16790000064,491.6384355655599
1783090430,40,,Aggregated,38.300000,0.000000,490,1100,1500,1900,3800,5700,9100,12000,19000,35000,35000,7144,4,490,1358.0100319568837,13.70879999740282,35442.16790000064,491.4010358342665
1783090431,40,,Aggregated,38.100000,0.000000,490,1100,1500,1900,3800,5600,9100,12000,19000,35000,35000,7185,4,490,1352.4280899373691,13.70879999740282,35442.16790000064,491.1599164926931
1783090432,40,,Aggregated,38.000000,0.000000,490,1000,1500,1900,3800,5600,9100,12000,19000,35000,35000,7225,4,490,1346.8825146712866,13.70879999740282,35442.16790000064,491.24470588235295
1783090433,40,,Aggregated,38.400000,0.000000,480,1000,1500,1900,3800,5600,9000,12000,19000,35000,35000,7268,4,480,1340.6502941111705,13.70879999740282,35442.16790000064,490.6518987341772
1783090434,40,,Aggregated,38.200000,0.000000,480,1000,1500,1900,3800,5600,9000,11000,19000,35000,35000,7303,4,480,1335.4337232917974,13.70879999740282,35442.16790000064,490.6953306860194
1783090435,40,,Aggregated,38.400000,0.000000,470,1000,1500,1800,3700,5600,9000,11000,19000,35000,35000,7342,4,470,1329.8369611549906,13.70879999740282,35442.16790000064,490.27839825660584
1783090436,40,,Aggregated,38.300000,0.000000,470,1000,1500,1800,3700,5500,9000,11000,19000,35000,35000,7387,4,470,1323.2799573033683,13.70879999740282,35442.16790000064,489.80208474346824
1783090437,40,,Aggregated,38.800000,0.000000,460,1000,1500,1800,3700,5500,8800,11000,19000,35000,35000,7423,4,460,1317.7558616597075,13.70879999740282,35442.16790000064,489.62063855583995
1783090438,40,,Aggregated,39.300000,0.000000,460,1000,1500,1800,3700,5500,8800,11000,19000,35000,35000,7466,4,460,1311.6161512724382,13.70879999740282,35442.16790000064,488.90262523439594
1783090439,40,,Aggregated,39.400000,0.000000,450,990,1500,1800,3700,5500,8800,11000,19000,35000,35000,7499,4,450,1306.6538640485455,13.70879999740282,35442.16790000064,488.66488865182026
1783090440,40,,Aggregated,39.800000,0.000000,450,990,1500,1800,3700,5500,8800,11000,19000,35000,35000,7530,4,450,1302.7730198008055,13.70879999740282,35442.16790000064,488.937583001328
1783090441,40,,Aggregated,39.400000,0.000000,450,980,1500,1800,3700,5500,8800,11000,19000,35000,35000,7568,4,450,1298.2290167019087,13.70879999740282,35442.16790000064,488.66477272727275
1783090442,40,,Aggregated,38.700000,0.000000,450,980,1400,1800,3700,5500,8700,11000,19000,35000,35000,7602,4,450,1294.7863807682302,13.70879999740282,35442.16790000064,488.5213101815312
1783090443,40,,Aggregated,37.800000,0.000000,450,980,1400,1800,3700,5500,8700,11000,19000,35000,35000,7636,4,450,1291.313018779478,13.70879999740282,35442.16790000064,488.19002095337873
1783090444,40,,Aggregated,37.800000,0.000000,450,970,1400,1700,3600,5400,8700,11000,19000,35000,35000,7673,4,450,1287.6106343803046,13.70879999740282,35442.16790000064,488.04378991268084
1783090445,40,,Aggregated,37.000000,0.000000,440,970,1400,1700,3600,5400,8700,11000,19000,35000,35000,7714,4,440,1283.5194598911187,13.70879999740282,35442.16790000064,487.8208452164895
1783090446,40,,Aggregated,36.800000,0.000000,440,970,1400,1700,3600,5400,8700,11000,19000,35000,35000,7752,4,440,1279.2133474200282,13.70879999740282,35442.16790000064,487.4388544891641
1783090447,40,,Aggregated,36.400000,0.000000,440,960,1400,1700,3600,5400,8700,11000,19000,35000,35000,7788,4,440,1275.1529983436167,13.70879999740282,35442.16790000064,486.7526964560863
1783090448,40,,Aggregated,36.400000,0.000000,440,960,1400,1700,3600,5400,8700,11000,19000,35000,35000,7832,4,440,1269.876827694086,13.70879999740282,35442.16790000064,486.85776302349336
1783090449,40,,Aggregated,36.500000,0.000000,430,950,1400,1700,3600,5400,8700,11000,19000,35000,35000,7869,4,430,1265.4169279451137,13.70879999740282,35442.16790000064,486.73274876096076
1783090450,40,,Aggregated,35.900000,0.000000,430,940,1400,1700,3600,5400,8700,11000,19000,35000,35000,7906,4,430,1261.1195519352518,13.70879999740282,35442.16790000064,486.5820895522388
1783090451,40,,Aggregated,36.900000,0.000000,430,940,1400,1700,3500,5400,8700,11000,19000,35000,35000,7943,4,430,1257.0119101724943,13.70879999740282,35442.16790000064,486.18078811532166
1783090452,40,,Aggregated,36.900000,0.000000,430,940,1400,1700,3500,5300,8700,11000,19000,35000,35000,7983,4,430,1252.7177872980258,13.70879999740282,35442.16790000064,485.8132281097332
1783090453,40,,Aggregated,36.700000,0.000000,430,930,1400,1700,3500,5300,8700,11000,19000,35000,35000,8021,4,430,1248.897400498706,13.70879999740282,35442.16790000064,485.6449320533599
1783090454,40,,Aggregated,37.700000,0.000000,430,930,1400,1700,3500,5300,8600,11000,19000,35000,35000,8055,4,430,1245.0144567846248,13.70879999740282,35442.16790000064,485.64183736809434
1783090455,40,,Aggregated,38.100000,0.000000,430,930,1400,1700,3500,5300,8600,11000,19000,35000,35000,8088,4,430,1241.556247502496,13.70879999740282,35442.16790000064,485.59285361028685
1783090456,40,,Aggregated,37.900000,0.000000,430,920,1400,1700,3500,5300,8600,11000,19000,35000,35000,8125,4,430,1237.8672448861794,13.70879999740282,35442.16790000064,485.5250461538462
1783090457,40,,Aggregated,37.700000,0.000000,430,920,1400,1700,3400,5300,8600,11000,19000,35000,35000,8158,4,430,1235.855286430525,13.70879999740282,35442.16790000064,485.197474871292
1783090458,40,,Aggregated,36.500000,0.000000,430,910,1400,1700,3400,5300,8600,11000,19000,35000,35000,8195,4,430,1232.4991187309631,13.70879999740282,35442.16790000064,484.97376449054303
1783090459,40,,Aggregated,36.700000,0.000000,430,910,1400,1700,3400,5200,8500,11000,19000,35000,35000,8217,4,430,1231.406298271904,13.70879999740282,35442.16790000064,485.35548253620544
1783090460,40,,Aggregated,36.300000,0.000000,430,910,1400,1700,3400,5200,8500,11000,19000,35000,35000,8247,4,430,1229.4603157148326,13.70879999740282,35442.16790000064,485.0744513156299
1783090461,40,,Aggregated,35.200000,0.000000,430,920,1400,1700,3400,5200,8500,11000,19000,35000,35000,8258,4,430,1229.5200073989124,13.70879999740282,35442.16790000064,485.42564785662387
1783090462,40,,Aggregated,35.000000,0.000000,430,920,1400,1700,3400,5200,8500,11000,19000,35000,35000,8270,4,430,1230.8201014752376,13.70879999740282,35442.16790000064,485.7180169286578
1783090463,40,,Aggregated,32.700000,0.000000,430,930,1400,1700,3400,5200,8500,11000,19000,35000,35000,8312,4,430,1233.0324793311108,13.70879999740282,35442.16790000064,485.0741097208855
1783090464,40,,Aggregated,29.300000,0.000000,430,930,1400,1700,3400,5200,8500,11000,19000,35000,35000,8327,4,430,1234.2676271286412,13.70879999740282,35442.16790000064,485.3872943437012
1783090465,40,,Aggregated,28.400000,0.000000,440,930,1400,1700,3400,5200,8500,11000,19000,35000,35000,8340,4,440,1234.64050905278,13.70879999740282,35442.16790000064,485.91450839328536
1783090466,40,,Aggregated,27.800000,0.000000,440,940,1400,1700,3400,5200,8500,11000,19000,35000,35000,8368,4,440,1237.754385695529,13.70879999740282,35442.16790000064,485.55724187380497
1783090467,40,,Aggregated,25.200000,0.000000,440,940,1400,1700,3400,5200,8500,11000,19000,35000,35000,8410,4,440,1236.031634708705,13.70879999740282,35442.16790000064,484.67277051129605
1783090468,40,,Aggregated,23.800000,0.000000,440,940,1400,1700,3300,5200,8500,11000,19000,35000,35000,8439,4,440,1234.162869605428,13.70879999740282,35442.16790000064,484.5356084844176
1783090469,40,,Aggregated,25.400000,0.000000,440,940,1400,1700,3300,5200,8500,11000,19000,35000,35000,8467,4,440,1233.5400449510098,13.70879999740282,35442.16790000064,484.28534309672847
1783090470,40,,Aggregated,24.500000,0.000000,440,940,1400,1700,3300,5200,8500,11000,19000,35000,35000,8493,4,440,1232.373125479831,13.70879999740282,35442.16790000064,484.28458730719416
1783090471,40,,Aggregated,23.600000,0.000000,440,940,1400,1700,3300,5200,8500,11000,19000,35000,35000,8520,4,440,1231.0856956103546,13.70879999740282,35442.16790000064,484.09272300469485
1783090472,40,,Aggregated,23.800000,0.000000,440,940,1400,1700,3300,5100,8500,11000,19000,35000,35000,8546,4,440,1229.9236758717768,13.70879999740282,35442.16790000064,484.0299555347531
1783090473,40,,Aggregated,25.400000,0.000000,440,940,1400,1700,3300,5100,8500,11000,19000,35000,35000,8575,4,440,1229.250871755127,13.70879999740282,35442.16790000064,483.73795918367347
1783090474,40,,Aggregated,27.100000,0.000000,440,940,1400,1700,3300,5100,8400,11000,19000,35000,35000,8603,4,440,1227.7675531559,13.70879999740282,35442.16790000064,483.75578286644196
1783090475,40,,Aggregated,26.500000,0.000000,440,940,1400,1700,3300,5100,8400,11000,19000,35000,35000,8626,4,440,1226.386183028077,13.70879999740282,35442.16790000064,483.7316253188036
1783090476,40,,Aggregated,26.700000,0.000000,440,940,1400,1700,3300,5100,8400,11000,19000,35000,35000,8649,4,440,1226.5119304312848,13.70879999740282,35442.16790000064,483.5157821713493
1783090477,40,,Aggregated,28.000000,0.000000,440,940,1400,1700,3300,5100,8400,11000,19000,35000,35000,8678,4,440,1225.5878703849019,13.70879999740282,35442.16790000064,483.2100714450334
1783090478,40,,Aggregated,29.400000,0.000000,440,940,1400,1700,3300,5100,8400,11000,19000,35000,35000,8706,4,440,1224.5364077418062,13.70879999740282,35442.16790000064,483.1565586951528
1783090479,40,,Aggregated,26.400000,0.000000,440,940,1400,1700,3300,5100,8400,11000,19000,35000,35000,8730,4,440,1223.8877390492735,13.70879999740282,35442.16790000064,482.97835051546394
1783090480,40,,Aggregated,26.400000,0.000000,440,940,1400,1700,3300,5100,8400,11000,19000,35000,35000,8753,4,440,1224.3605268365297,13.70879999740282,35442.16790000064,482.84793784988005
1783090481,40,,Aggregated,26.800000,0.000000,440,940,1400,1700,3300,5100,8400,11000,19000,35000,35000,8775,4,440,1224.0636485698171,13.70879999740282,35442.16790000064,482.8494586894587
1783090482,40,,Aggregated,26.200000,0.000000,440,940,1400,1700,3300,5100,8400,11000,19000,35000,35000,8803,4,440,1222.9608858230288,13.70879999740282,35442.16790000064,482.5971827785982
1783090483,40,,Aggregated,25.800000,0.000000,440,940,1400,1700,3300,5100,8400,11000,19000,35000,35000,8829,4,440,1222.3141695322379,13.70879999740282,35442.16790000064,482.3736550005663
1783090484,40,,Aggregated,25.500000,0.000000,440,930,1400,1700,3300,5100,8400,11000,19000,35000,35000,8854,4,440,1220.8796462728867,13.70879999740282,35442.16790000064,482.0983736164445
1783090485,40,,Aggregated,26.000000,0.000000,440,940,1400,1700,3300,5100,8400,11000,19000,35000,35000,8880,4,440,1220.4307682883032,13.70879999740282,35442.16790000064,481.9304054054054
1783090486,40,,Aggregated,25.300000,0.000000,440,930,1400,1700,3300,5100,8300,11000,19000,35000,35000,8909,4,440,1218.559879391644,13.70879999740282,35442.16790000064,481.56572005836796
1783090487,40,,Aggregated,25.400000,0.000000,440,930,1400,1700,3300,5100,8300,11000,19000,35000,35000,8935,4,440,1217.4159584219544,13.70879999740282,35442.16790000064,481.5170677112479
1783090488,40,,Aggregated,24.900000,0.000000,440,930,1400,1700,3300,5100,8300,11000,19000,35000,35000,8961,4,440,1216.8731338578466,13.70879999740282,35442.16790000064,481.3398058252427
1783090489,40,,Aggregated,25.600000,0.000000,440,930,1400,1700,3300,5100,8400,11000,19000,35000,35000,8983,4,440,1217.3028716798576,13.70879999740282,35442.16790000064,481.08438160970724
1783090490,40,,Aggregated,25.300000,0.000000,440,930,1400,1700,3300,5100,8400,11000,19000,35000,35000,9010,4,440,1217.356779300797,13.70879999740282,35442.16790000064,480.9625971143174
1783090491,40,,Aggregated,25.200000,0.000000,440,930,1400,1700,3300,5100,8400,11000,19000,35000,35000,9038,4,440,1216.1168723058404,13.70879999740282,35442.16790000064,480.8966585527772
1783090492,40,,Aggregated,25.400000,0.000000,440,930,1400,1700,3300,5100,8400,11000,19000,35000,35000,9064,4,440,1216.9227843115818,13.70879999740282,35442.16790000064,480.79986760812005
1783090493,40,,Aggregated,25.900000,0.000000,440,930,1400,1700,3300,5100,8400,11000,19000,35000,35000,9094,4,440,1215.6542002639267,13.70879999740282,35442.16790000064,480.60897294919727
1783090494,40,,Aggregated,25.900000,0.000000,440,930,1400,1700,3300,5100,8400,11000,19000,35000,35000,9119,4,440,1215.1474571773385,13.70879999740282,35442.16790000064,480.6107029279526
1783090495,40,,Aggregated,25.800000,0.000000,440,930,1400,1700,3300,5100,8400,11000,19000,35000,35000,9142,4,440,1214.7544726537028,13.70879999740282,35442.16790000064,480.57536644060383
1783090496,40,,Aggregated,26.300000,0.000000,440,930,1400,1700,3300,5100,8300,11000,19000,35000,35000,9166,4,440,1215.1149931376997,13.70879999740282,35442.16790000064,480.577241981235
1783090497,40,,Aggregated,26.000000,0.000000,440,940,1400,1700,3300,5100,8300,11000,19000,35000,35000,9193,4,440,1214.8291806918448,13.70879999740282,35442.16790000064,480.3898618514087
1783090498,40,,Aggregated,26.100000,0.000000,440,930,1400,1700,3300,5100,8300,11000,19000,35000,35000,9209,5,440,1213.8507970572414,13.70879999740282,35442.16790000064,480.3200130307308
1783090499,40,,Aggregated,25.500000,0.000000,440,930,1400,1700,3300,5100,8300,11000,19000,35000,35000,9237,5,440,1213.655298289503,13.70879999740282,35442.16790000064,480.1006820396233
1783090500,40,,Aggregated,25.600000,0.100000,440,940,1400,1700,3300,5100,8300,11000,19000,35000,35000,9264,5,440,1213.1049747193601,13.70879999740282,35442.16790000064,480.08560017271157
1783090501,40,,Aggregated,25.200000,0.100000,440,940,1400,1700,3300,5100,8300,11000,19000,35000,35000,9289,5,440,1212.933024480586,13.70879999740282,35442.16790000064,480.21487781246634
1783090502,40,,Aggregated,25.100000,0.100000,440,940,1400,1700,3200,5100,8300,11000,19000,35000,35000,9316,5,440,1211.8146962001017,13.70879999740282,35442.16790000064,479.9366680978961
1783090503,40,,Aggregated,25.100000,0.100000,440,940,1400,1700,3200,5100,8300,11000,19000,35000,35000,9343,5,440,1211.85014924544,13.70879999740282,35442.16790000064,479.74462164187094
1783090504,40,,Aggregated,25.100000,0.100000,440,940,1400,1700,3200,5100,8300,11000,19000,35000,35000,9364,5,440,1211.4493266339364,13.70879999740282,35442.16790000064,479.6952157197779
1783090505,40,,Aggregated,24.700000,0.100000,440,940,1400,1700,3200,5100,8300,11000,19000,35000,35000,9386,5,440,1210.5894368527781,13.70879999740282,35442.16790000064,479.7877690176859
1783090506,40,,Aggregated,24.500000,0.100000,440,930,1400,1700,3200,5100,8300,11000,19000,35000,35000,9412,5,440,1209.875117010221,13.70879999740282,35442.16790000064,479.7252443688908
1783090507,40,,Aggregated,24.000000,0.100000,440,940,1400,1700,3200,5100,8300,11000,19000,35000,35000,9437,5,440,1209.969282685196,13.70879999740282,35442.16790000064,479.5969057963336
1783090508,40,,Aggregated,24.100000,0.100000,440,940,1400,1700,3200,5100,8300,11000,19000,35000,35000,9462,5,440,1210.2924940921769,13.70879999740282,35442.16790000064,479.57958148383005
1783090509,40,,Aggregated,24.300000,0.100000,440,940,1400,1700,3200,5100,8300,11000,19000,35000,35000,9483,5,440,1211.7773003374643,13.70879999740282,35442.16790000064,479.60297374248654
1783090510,40,,Aggregated,24.400000,0.000000,440,940,1400,1700,3200,5100,8200,11000,19000,35000,35000,9503,5,440,1211.1668625907803,13.70879999740282,35442.16790000064,479.7466063348416
1783090511,40,,Aggregated,25.000000,0.000000,440,940,1400,1700,3200,5100,8200,11000,19000,35000,35000,9522,5,440,1210.450406836818,13.70879999740282,35442.16790000064,479.8004620877967
1783090512,40,,Aggregated,24.200000,0.000000,440,940,1400,1700,3200,5100,8200,11000,19000,35000,35000,9545,5,440,1210.4844543426082,13.70879999740282,35442.16790000064,479.6984808800419
1783090513,40,,Aggregated,23.300000,0.000000,440,940,1400,1700,3200,5100,8200,11000,19000,35000,35000,9576,5,440,1211.1009815476418,13.70879999740282,35442.16790000064,479.7628446115288
1783090514,40,,Aggregated,22.900000,0.000000,440,940,1400,1700,3300,5100,8200,11000,19000,35000,35000,9603,5,440,1212.1798739769029,13.70879999740282,35442.16790000064,479.805893991461
1783090515,40,,Aggregated,23.200000,0.000000,440,940,1400,1700,3200,5100,8200,11000,19000,35000,35000,9625,5,440,1212.4227698285913,13.70879999740282,35442.16790000064,479.7266493506493
1783090516,40,,Aggregated,23.600000,0.000000,440,940,1400,1700,3200,5100,8200,11000,19000,35000,35000,9647,5,440,1211.829578729156,13.70879999740282,35442.16790000064,479.6446563698559
1783090517,40,,Aggregated,24.300000,0.000000,440,940,1400,1700,3200,5100,8200,11000,19000,35000,35000,9673,5,440,1211.4376214514803,13.70879999740282,35442.16790000064,479.4785485371653
1783090518,40,,Aggregated,23.700000,0.000000,440,940,1400,1700,3200,5100,8200,11000,19000,35000,35000,9691,5,440,1210.9332960582155,13.70879999740282,35442.16790000064,479.4056340934888
1783090519,40,,Aggregated,23.500000,0.000000,440,950,1400,1700,3300,5100,8200,11000,19000,35000,35000,9719,5,440,1212.7118624447112,13.70879999740282,35442.16790000064,479.3786397777549
1783090520,40,,Aggregated,23.300000,0.000000,440,950,1400,1700,3200,5100,8200,11000,19000,35000,35000,9744,5,440,1212.3297018986177,13.70879999740282,35442.16790000064,479.41492200328406
1783090521,40,,Aggregated,22.500000,0.000000,440,940,1400,1700,3200,5100,8200,11000,19000,35000,35000,9772,5,440,1211.5585743655486,13.70879999740282,35442.16790000064,479.43471142038476
1783090522,40,,Aggregated,23.400000,0.000000,440,950,1400,1700,3300,5100,8200,11000,19000,35000,35000,9799,5,440,1211.8120907745822,13.70879999740282,35442.16790000064,479.2398203898357
1783090523,40,,Aggregated,23.900000,0.000000,440,940,1400,1700,3200,5000,8200,10000,19000,35000,35000,9825,5,440,1210.487090402049,13.70879999740282,35442.16790000064,479.05811704834605
1783090524,40,,Aggregated,24.400000,0.000000,440,950,1400,1700,3200,5000,8200,10000,19000,35000,35000,9851,5,440,1210.2604158461204,13.70879999740282,35442.16790000064,479.14495990254795
1783090525,40,,Aggregated,24.400000,0.000000,440,950,1400,1700,3300,5000,8200,10000,19000,35000,35000,9874,5,440,1210.7206651205336,13.70879999740282,35442.16790000064,479.2644318411991
1783090526,40,,Aggregated,24.100000,0.000000,440,950,1400,1700,3200,5000,8200,10000,19000,35000,35000,9898,5,440,1209.7667602950276,13.70879999740282,35442.16790000064,478.96706405334413
1783090527,40,,Aggregated,24.200000,0.000000,440,950,1400,1700,3200,5000,8200,10000,19000,35000,35000,9919,5,440,1210.3404323722334,13.70879999740282,35442.16790000064,479.153644520617
1783090528,40,,Aggregated,24.600000,0.000000,440,950,1400,1700,3200,5000,8200,10000,19000,35000,35000,9943,5,440,1209.50707286535,13.70879999740282,35442.16790000064,479.0803580408327
1783090529,40,,Aggregated,24.400000,0.000000,440,950,1400,1700,3200,5000,8200,10000,19000,35000,35000,9967,5,440,1208.7743191030584,13.70879999740282,35442.16790000064,479.09952844386476
1783090530,40,,Aggregated,24.200000,0.000000,440,950,1400,1700,3200,5000,8200,10000,19000,35000,35000,9987,5,440,1209.405317983397,13.70879999740282,35442.16790000064,479.1531991589066
1783090531,40,,Aggregated,24.700000,0.000000,440,950,1400,1700,3200,5000,8200,10000,19000,31000,35000,10010,5,440,1209.5841713386824,13.70879999740282,35442.16790000064,478.96383616383616
1783090533,40,,Aggregated,24.400000,0.000000,440,950,1400,1700,3200,5000,8200,10000,19000,31000,35000,10038,5,440,1209.5367543534785,13.70879999740282,35442.16790000064,478.84010759115364
1783090534,40,,Aggregated,23.600000,0.000000,440,950,1400,1700,3200,5000,8100,10000,19000,31000,35000,10064,5,440,1209.8279840322166,13.70879999740282,35442.16790000064,478.9278616852146
1783090535,40,,Aggregated,23.600000,0.000000,440,950,1400,1700,3200,5000,8200,10000,19000,31000,35000,10081,5,440,1210.710168663846,13.70879999740282,35442.16790000064,478.64914195020333
1783090536,40,,Aggregated,23.800000,0.000000,450,950,1400,1700,3200,5000,8100,10000,19000,31000,35000,10101,5,450,1210.725896218219,13.70879999740282,35442.16790000064,478.85724185724183
1783090537,40,,Aggregated,23.600000,0.000000,450,950,1400,1700,3200,5000,8100,10000,19000,31000,35000,10119,5,450,1210.317571311415,13.70879999740282,35442.16790000064,478.9908093685147
1783090538,40,,Aggregated,22.500000,0.000000,450,960,1400,1700,3300,5000,8100,10000,19000,31000,35000,10139,5,450,1212.0788865470179,13.70879999740282,35442.16790000064,478.7464246967157
1783090539,40,,Aggregated,22.000000,0.000000,450,960,1400,1700,3300,5000,8100,10000,19000,31000,35000,10158,5,450,1212.3179610356592,13.70879999740282,35442.16790000064,478.8480015751132
1783090540,40,,Aggregated,21.800000,0.000000,450,960,1400,1700,3300,5000,8100,10000,19000,31000,35000,10183,5,450,1212.9299081606835,13.70879999740282,35442.16790000064,479.0341746047334
1783090541,40,,Aggregated,21.200000,0.000000,450,960,1400,1700,3300,5000,8100,10000,19000,31000,35000,10210,5,450,1212.9042179040396,13.70879999740282,35442.16790000064,478.78011753183154
1783090542,40,,Aggregated,21.300000,0.000000,450,960,1400,1700,3300,5000,8100,10000,19000,31000,35000,10235,5,450,1212.538329145113,13.70879999740282,35442.16790000064,478.52799218368347
1783090543,40,,Aggregated,22.200000,0.000000,450,960,1400,1700,3300,5100,8100,10000,19000,31000,35000,10257,5,450,1213.8029313347224,13.70879999740282,35442.16790000064,478.61236228916835
1783090544,40,,Aggregated,22.400000,0.000000,450,960,1400,1700,3300,5000,8100,10000,19000,31000,35000,10281,5,450,1214.3901294135044,13.70879999740282,35442.16790000064,478.6152125279642
1783090545,40,,Aggregated,21.800000,0.000000,450,960,1400,1700,3300,5000,8100,10000,19000,31000,35000,10306,5,450,1214.140178653236,13.70879999740282,35442.16790000064,478.4287793518339
1783090546,40,,Aggregated,21.500000,0.000000,450,960,1400,1700,3300,5000,8100,10000,19000,31000,35000,10322,5,450,1214.4079630207564,13.70879999740282,35442.16790000064,478.3608796744817
1783090547,40,,Aggregated,22.200000,0.000000,450,970,1400,1800,3300,5000,8100,10000,19000,31000,35000,10348,5,450,1215.3076691341562,13.70879999740282,35442.16790000064,478.5623308851952
1783090548,40,,Aggregated,21.900000,0.000000,450,970,1400,1800,3300,5000,8100,10000,19000,31000,35000,10372,5,450,1215.033179550737,13.70879999740282,35442.16790000064,478.4317392981103
1783090549,40,,Aggregated,22.500000,0.000000,450,970,1400,1800,3300,5000,8100,10000,19000,31000,35000,10392,5,450,1214.8232469207321,13.70879999740282,35442.16790000064,478.502117013087
1783090550,40,,Aggregated,22.600000,0.000000,450,970,1400,1800,3300,5000,8100,10000,19000,31000,35000,10416,5,450,1214.956351603325,13.70879999740282,35442.16790000064,478.4434523809524
1783090551,40,,Aggregated,23.200000,0.000000,450,970,1400,1800,3300,5000,8100,10000,19000,31000,35000,10439,5,450,1215.228714522487,13.70879999740282,35442.16790000064,478.4931506849315
1783090552,40,,Aggregated,23.300000,0.000000,450,970,1400,1800,3300,5000,8100,10000,19000,31000,35000,10468,5,450,1214.9833190676604,13.70879999740282,35442.16790000064,478.10613297669084
1783090553,40,,Aggregated,22.700000,0.000000,450,970,1400,1800,3300,5000,8100,10000,19000,31000,35000,10491,5,450,1214.1943703650973,13.70879999740282,35442.16790000064,478.0022876751501
1783090554,40,,Aggregated,23.100000,0.000000,450,970,1400,1800,3300,5000,8100,10000,19000,31000,35000,10519,5,450,1214.034909002782,13.70879999740282,35442.16790000064,477.5722977469341
1783090555,40,,Aggregated,23.100000,0.000000,450,970,1400,1800,3300,5000,8100,10000,19000,31000,35000,10544,5,450,1213.9894526460794,13.70879999740282,35442.16790000064,477.4055386949924
1783090556,40,,Aggregated,23.700000,0.000000,450,970,1400,1800,3300,5000,8000,10000,19000,31000,35000,10571,5,450,1213.1656841453287,13.70879999740282,35442.16790000064,477.16772301579795
1783090557,40,,Aggregated,23.700000,0.000000,450,970,1400,1800,3300,5000,8000,10000,19000,31000,35000,10599,5,450,1212.8764312482558,13.70879999740282,35442.16790000064,476.90970846306254
1783090558,40,,Aggregated,24.800000,0.000000,450,970,1400,1800,3300,5000,8000,10000,19000,31000,35000,10626,5,450,1211.7241743647921,13.70879999740282,35442.16790000064,476.9032561641257
1783090559,40,,Aggregated,25.000000,0.000000,450,970,1400,1800,3300,5000,8000,10000,19000,31000,35000,10652,5,450,1210.7283825666823,13.70879999740282,35442.16790000064,476.78726999624485
1783090560,40,,Aggregated,25.700000,0.000000,450,970,1400,1800,3300,5000,8000,10000,19000,31000,35000,10675,5,450,1210.9987111663022,13.70879999740282,35442.16790000064,476.90548009367683
1783090561,40,,Aggregated,25.800000,0.000000,450,970,1400,1800,3300,5000,8000,10000,19000,31000,35000,10697,5,450,1210.3485324951191,13.70879999740282,35442.16790000064,477.0505749275498
1783090562,40,,Aggregated,25.600000,0.000000,450,970,1400,1800,3300,5000,8000,10000,19000,31000,35000,10719,5,450,1211.0880809124244,13.70879999740282,35442.16790000064,477.1164287713406
1783090563,40,,Aggregated,25.200000,0.000000,450,970,1400,1800,3300,5000,8000,10000,19000,31000,35000,10740,5,450,1211.0053236313101,13.70879999740282,35442.16790000064,477.00931098696464
1783090564,40,,Aggregated,24.600000,0.000000,450,970,1400,1800,3300,5000,8000,10000,19000,31000,35000,10768,5,450,1210.1229737277388,13.70879999740282,35442.16790000064,476.95022288261515
1783090565,40,,Aggregated,24.600000,0.000000,450,970,1400,1800,3300,5000,8000,10000,19000,31000,35000,10791,5,450,1211.6984910110564,13.70879999740282,35442.16790000064,477.043554814197
1783090566,40,,Aggregated,24.500000,0.000000,450,970,1400,1800,3300,5000,8000,10000,19000,31000,35000,10814,5,450,1210.6281793693659,13.70879999740282,35442.16790000064,477.01516552616977
1783090567,40,,Aggregated,24.500000,0.000000,450,970,1400,1800,3300,5000,8000,10000,19000,31000,35000,10844,5,450,1210.314364929945,13.70879999740282,35442.16790000064,476.68747694577644
1783090568,40,,Aggregated,23.900000,0.000000,450,970,1400,1800,3300,5000,8000,10000,19000,31000,35000,10875,5,450,1208.916008560948,13.70879999740282,35442.16790000064,476.5435402298851
1783090569,40,,Aggregated,24.200000,0.000000,450,970,1400,1800,3300,5000,8000,10000,19000,31000,35000,10897,5,450,1209.2369050105808,13.70879999740282,35442.16790000064,476.4257134991282
1783090570,40,,Aggregated,24.300000,0.000000,450,970,1400,1800,3300,5000,8000,10000,19000,31000,35000,10916,5,450,1208.804555524026,13.70879999740282,35442.16790000064,476.59371564675706
1783090571,40,,Aggregated,24.500000,0.000000,450,970,1400,1800,3300,5000,8000,10000,19000,31000,35000,10937,5,450,1209.34996702023,13.70879999740282,35442.16790000064,476.82847215872727
1783090572,40,,Aggregated,24.000000,0.000000,450,970,1400,1800,3300,5000,8000,10000,19000,31000,35000,10958,5,450,1209.0316075926492,13.70879999740282,35442.16790000064,476.87999634969884
1783090573,40,,Aggregated,23.700000,0.000000,450,970,1400,1800,3300,5000,8000,10000,19000,31000,35000,10980,5,450,1209.5626970492017,13.70879999740282,35442.16790000064,476.7220400728597
1783090574,40,,Aggregated,23.700000,0.000000,450,970,1400,1800,3300,5000,8000,10000,19000,31000,35000,10999,5,450,1210.7942693335965,13.70879999740282,35442.16790000064,476.83080280025456
1783090575,40,,Aggregated,23.800000,0.000000,450,970,1400,1800,3300,5000,8000,10000,18000,31000,35000,11026,5,450,1210.4924504897742,13.70879999740282,35442.16790000064,476.82786141846543
1783090576,40,,Aggregated,23.100000,0.000000,450,970,1400,1800,3300,5000,8000,10000,18000,31000,35000,11051,5,450,1209.8174255723698,13.70879999740282,35442.16790000064,476.81865894489187
1783090577,40,,Aggregated,23.000000,0.000000,450,970,1400,1800,3300,5000,8000,10000,18000,31000,35000,11077,5,450,1210.0836560169964,13.70879999740282,35442.16790000064,476.84445246908007
1783090578,40,,Aggregated,23.500000,0.000000,450,970,1400,1800,3300,5000,8000,10000,18000,31000,35000,11104,5,450,1209.5711030079501,13.70879999740282,35442.16790000064,476.825288184438
1783090579,40,,Aggregated,23.200000,0.000000,460,970,1500,1800,3300,5000,8000,10000,18000,31000,35000,11117,5,460,1211.8494087523875,13.70879999740282,35442.16790000064,477.0821264729693
1783090580,40,,Aggregated,22.700000,0.000000,460,980,1500,1800,3300,5000,8000,10000,18000,31000,35000,11126,5,460,1213.7781957936625,13.70879999740282,35442.16790000064,477.28824375337047
1783090581,40,,Aggregated,22.000000,0.000000,460,980,1500,1800,3300,5000,8000,10000,18000,31000,35000,11134,5,460,1214.3848450242772,13.70879999740282,35442.16790000064,477.2720495778696
1783090582,40,,Aggregated,21.600000,0.000000,460,980,1500,1800,3300,5000,8000,10000,18000,31000,35000,11145,5,460,1215.2977447106591,13.70879999740282,35442.16790000064,477.2622700762674
1783090583,40,,Aggregated,20.400000,0.000000,460,980,1500,1800,3300,5000,8000,10000,18000,31000,35000,11153,5,460,1216.9228623688957,13.70879999740282,35442.16790000064,477.33363220658117
1783090584,40,,Aggregated,19.400000,0.000000,460,990,1500,1800,3300,5000,8000,10000,18000,31000,35000,11161,5,460,1218.1314490637296,13.70879999740282,35442.16790000064,477.2589373712033
1783090585,40,,Aggregated,17.900000,0.000000,460,990,1500,1800,3300,5000,8000,10000,18000,31000,35000,11171,5,460,1220.120723104494,13.70879999740282,35442.16790000064,477.20329424402473
1783090586,40,,Aggregated,16.700000,0.000000,460,990,1500,1800,3300,5000,8000,10000,18000,31000,35000,11181,5,460,1221.9332493694928,13.70879999740282,35442.16790000064,477.2206421608085
1783090587,40,,Aggregated,15.000000,0.000000,460,990,1500,1800,3300,5100,8000,10000,18000,31000,35000,11195,5,460,1224.5037221617067,13.70879999740282,35442.16790000064,477.0541313086199
1783090588,40,,Aggregated,13.400000,0.000000,460,990,1500,1800,3300,5100,8000,10000,18000,31000,35000,11210,5,460,1225.6956850312504,13.70879999740282,35442.16790000064,476.87546833184655
1783090589,40,,Aggregated,11.800000,0.000000,460,990,1500,1800,3400,5100,8000,10000,18000,31000,35000,11223,5,460,1227.1742080192735,13.70879999740282,35442.16790000064,476.75229439543796
1783090590,40,,Aggregated,11.000000,0.000000,460,990,1500,1800,3300,5100,8000,10000,18000,31000,35000,11233,5,460,1226.987855141129,13.70879999740282,35442.16790000064,476.6225407282115
1783090591,40,,Aggregated,10.300000,0.000000,460,990,1500,1800,3400,5100,8000,10000,18000,31000,35000,11243,5,460,1229.7941378991654,13.70879999740282,35442.16790000064,476.582584719381
1783090592,40,,Aggregated,10.100000,0.000000,460,1000,1500,1800,3400,5100,8000,10000,18000,31000,35000,11256,5,460,1231.7235118070644,13.70879999740282,35442.16790000064,476.57604832977967
1783090593,40,,Aggregated,11.000000,0.000000,460,1000,1500,1800,3400,5100,8100,10000,18000,31000,35000,11269,5,460,1234.3061273227727,13.70879999740282,35442.16790000064,476.42434998668915
1783090594,40,,Aggregated,10.700000,0.000000,470,1000,1500,1800,3400,5100,8100,10000,18000,31000,35000,11281,5,470,1239.0805734155065,13.70879999740282,35442.16790000064,476.50447655349706
1783090595,40,,Aggregated,11.000000,0.000000,470,1000,1500,1800,3400,5200,8100,10000,18000,31000,35000,11292,5,470,1240.540261556884,13.70879999740282,35442.16790000064,476.37982642578817
1783090596,40,,Aggregated,11.400000,0.000000,470,1000,1500,1900,3400,5200,8100,10000,18000,31000,35000,11304,5,470,1242.1328244073186,13.70879999740282,35442.16790000064,476.34288747346073
1783090597,40,,Aggregated,12.200000,0.000000,470,1000,1500,1900,3400,5200,8200,10000,18000,31000,35000,11319,5,470,1243.863100432929,13.70879999740282,35442.16790000064,476.2849191624702
1783090598,40,,Aggregated,11.800000,0.000000,470,1000,1500,1900,3400,5200,8200,10000,18000,31000,35000,11333,5,470,1245.6865087973472,13.70879999740282,35442.16790000064,476.30936204006
1783090599,40,,Aggregated,12.000000,0.000000,470,1000,1500,1900,3500,5200,8200,10000,18000,31000,35000,11350,5,470,1247.9834777973883,13.70879999740282,35442.16790000064,476.1393832599119
1783090600,40,,Aggregated,12.200000,0.000000,470,1000,1500,1900,3500,5200,8200,10000,18000,31000,35000,11363,5,470,1248.2713714864335,13.70879999740282,35442.16790000064,476.0605473906539
1783090601,40,,Aggregated,12.800000,0.000000,470,1000,1500,1900,3500,5200,8200,10000,18000,31000,35000,11376,5,470,1250.2296551072736,13.70879999740282,35442.16790000064,476.1131329113924
1783090602,40,,Aggregated,12.900000,0.000000,470,1000,1500,1900,3500,5200,8200,10000,18000,31000,35000,11388,5,470,1250.3948182385273,13.70879999740282,35442.16790000064,476.0775377590446
1783090603,40,,Aggregated,12.900000,0.000000,470,1000,1500,1900,3500,5200,8200,10000,18000,31000,35000,11400,5,470,1250.787488657924,13.70879999740282,35442.16790000064,476.0282456140351
1783090604,40,,Aggregated,13.200000,0.000000,470,1000,1500,1900,3500,5200,8200,10000,18000,31000,35000,11412,5,470,1252.139981922567,13.70879999740282,35442.16790000064,476.0505608131791
1783090605,40,,Aggregated,13.300000,0.000000,470,1000,1500,1900,3500,5200,8200,10000,18000,31000,35000,11421,5,470,1254.6958360914396,13.70879999740282,35442.16790000064,476.08064092461257
1783090606,40,,Aggregated,13.500000,0.000000,470,1000,1500,1900,3500,5300,8200,10000,18000,31000,35000,11432,5,470,1255.4983101119951,13.70879999740282,35442.16790000064,476.0719034289713
1783090607,40,,Aggregated,12.600000,0.000000,470,1000,1500,1900,3500,5300,8200,10000,18000,31000,35000,11446,5,470,1258.1548320898428,13.70879999740282,35442.16790000064,476.0959287087192
1783090608,40,,Aggregated,13.100000,0.000000,470,1000,1500,1900,3500,5300,8200,10000,18000,31000,35000,11462,5,470,1260.0869262868916,13.70879999740282,35442.16790000064,476.00872448089336
1783090609,40,,Aggregated,12.800000,0.000000,470,1000,1500,1900,3500,5300,8300,10000,18000,31000,35000,11472,5,470,1262.0073610791806,13.70879999740282,35442.16790000064,476.08289748953973
1783090610,40,,Aggregated,12.700000,0.000000,470,1000,1500,1900,3500,5300,8300,10000,18000,31000,35000,11480,5,470,1263.1206268292992,13.70879999740282,35442.16790000064,476.26785714285717
1783090611,40,,Aggregated,12.300000,0.000000,470,1000,1500,1900,3500,5300,8300,10000,18000,31000,35000,11490,5,470,1264.1277072062994,13.70879999740282,35442.16790000064,476.3432550043516
1783090612,40,,Aggregated,11.900000,0.000000,470,1000,1500,1900,3500,5300,8300,10000,18000,31000,35000,11499,5,470,1266.3915487694928,13.70879999740282,35442.16790000064,476.4455170014784
1783090613,40,,Aggregated,11.400000,0.000000,470,1000,1500,1900,3500,5300,8300,10000,18000,31000,35000,11507,5,470,1267.2419334753108,13.70879999740282,35442.16790000064,476.5737377248631
1783090614,40,,Aggregated,11.100000,0.000000,470,1000,1500,1900,3600,5300,8300,10000,18000,31000,35000,11520,5,470,1270.2014546701737,13.70879999740282,35442.16790000064,476.62543402777777
1783090615,40,,Aggregated,10.900000,0.000000,470,1000,1500,1900,3600,5300,8300,10000,18000,31000,35000,11533,5,470,1271.1870780369711,13.70879999740282,35442.16790000064,476.620740483829
1783090616,40,,Aggregated,10.400000,0.000000,470,1000,1500,1900,3600,5300,8300,11000,18000,31000,35000,11547,5,470,1272.951175517483,13.70879999740282,35442.16790000064,476.64458300857365
1783090617,40,,Aggregated,11.100000,0.000000,470,1000,1500,1900,3600,5300,8300,11000,18000,31000,35000,11562,5,470,1273.7980573949453,13.70879999740282,35442.16790000064,476.40044974917834
1783090618,40,,Aggregated,11.000000,0.000000,470,1000,1500,1900,3600,5400,8300,11000,19000,31000,35000,11575,5,470,1277.0032987386912,13.70879999740282,35442.16790000064,476.13995680345573
1783090619,40,,Aggregated,11.700000,0.000000,470,1000,1500,1900,3600,5400,8300,11000,19000,31000,35000,11588,5,470,1278.2143031153205,13.70879999740282,35442.16790000064,476.077839143942
1783090620,40,,Aggregated,11.500000,0.000000,470,1000,1500,1900,3600,5400,8300,11000,19000,31000,35000,11601,5,470,1279.1924474269733,13.70879999740282,35442.16790000064,476.07137315748645
1783090621,40,,Aggregated,11.100000,0.000000,470,1000,1500,1900,3600,5400,8300,11000,19000,31000,35000,11615,5,470,1281.7269402324853,13.70879999740282,35442.16790000064,476.03796814464056
1783090622,40,,Aggregated,11.500000,0.000000,470,1000,1500,1900,3600,5400,8300,11000,19000,31000,35000,11627,5,470,1282.1604434850199,13.70879999740282,35442.16790000064,475.93067859293024
1783090623,40,,Aggregated,12.000000,0.000000,470,1000,1500,1900,3600,5400,8300,11000,19000,33000,35000,11640,5,470,1286.2307423969373,13.70879999740282,35442.16790000064,475.78290378006875
1783090624,40,,Aggregated,12.500000,0.000000,470,1000,1500,1900,3600,5400,8400,11000,19000,33000,35000,11656,5,470,1288.8810613246692,13.70879999740282,35442.16790000064,475.5
1783090625,40,,Aggregated,12.500000,0.000000,470,1000,1500,1900,3600,5400,8400,11000,19000,33000,35000,11671,5,470,1290.1148546825764,13.70879999740282,35442.16790000064,475.4387798817582
1783090626,40,,Aggregated,13.000000,0.000000,470,1000,1500,1900,3600,5400,8400,11000,19000,33000,35000,11686,5,470,1293.333677331881,13.70879999740282,35442.16790000064,475.43393804552454
1783090627,35,,Aggregated,13.200000,0.000000,470,1000,1500,1900,3700,5400,8400,11000,19000,33000,35000,11697,5,470,1294.6333568265684,13.70879999740282,35442.16790000064,475.47918269641787
1783090628,30,,Aggregated,13.700000,0.000000,470,1100,1500,1900,3700,5400,8400,11000,19000,33000,35000,11700,5,470,1295.1773322906306,13.70879999740282,35442.16790000064,475.4974358974359
1783090629,25,,Aggregated,13.700000,0.000000,470,1100,1500,1900,3700,5400,8400,11000,19000,33000,35000,11708,5,470,1296.23591351216,13.70879999740282,35442.16790000064,475.5098223436966
1783090630,20,,Aggregated,13.200000,0.000000,470,1100,1500,1900,3700,5400,8400,11000,19000,33000,35000,11711,5,470,1297.1252545384996,13.70879999740282,35442.16790000064,475.543506105371
1783090631,20,,Aggregated,12.500000,0.000000,470,1100,1500,1900,3700,5400,8400,11000,19000,33000,35000,11716,5,470,1298.3031131359144,13.70879999740282,35442.16790000064,475.5656367360874
1783090632,20,,Aggregated,11.900000,0.000000,470,1100,1500,2000,3700,5400,8400,11000,19000,33000,35000,11718,5,470,1298.8532717102212,13.70879999740282,35442.16790000064,475.5548728451954
1783090633,20,,Aggregated,11.000000,0.000000,480,1100,1500,2000,3700,5400,8400,11000,19000,33000,35000,11724,5,480,1299.8279731576572,13.70879999740282,35442.16790000064,475.73370863186625
1783090634,20,,Aggregated,9.900000,0.000000,480,1100,1500,2000,3700,5400,8500,11000,19000,33000,35000,11735,5,480,1303.4722557051873,13.70879999740282,35442.16790000064,475.8930549637835
1783090635,20,,Aggregated,9.100000,0.000000,480,1100,1500,2000,3700,5400,8500,11000,19000,33000,35000,11743,5,480,1303.771078804425,13.70879999740282,35442.16790000064,475.9488205739589
1783090637,20,,Aggregated,8.500000,0.000000,480,1100,1500,2000,3700,5400,8500,11000,19000,33000,35000,11749,5,480,1303.905677793886,13.70879999740282,35442.16790000064,476.05685590263
1783090638,20,,Aggregated,8.000000,0.000000,480,1100,1500,2000,3700,5400,8500,11000,19000,33000,35000,11756,5,480,1304.9026656516132,13.70879999740282,35442.16790000064,476.1376318475672
1783090639,20,,Aggregated,7.200000,0.000000,480,1100,1500,2000,3700,5400,8500,11000,19000,33000,35000,11765,5,480,1306.2515996175393,13.70879999740282,35442.16790000064,476.2921376965576
1783090640,20,,Aggregated,6.100000,0.000000,480,1100,1500,2000,3700,5400,8500,11000,19000,33000,35000,11769,5,480,1307.1361802957215,13.70879999740282,35442.16790000064,476.34013085223893
1783090641,20,,Aggregated,6.400000,0.000000,480,1100,1500,2000,3700,5400,8500,11000,19000,33000,35000,11777,5,480,1308.1080018256214,13.70879999740282,35442.16790000064,476.31052050607116
1783090642,20,,Aggregated,6.400000,0.000000,480,1100,1500,2000,3700,5400,8500,11000,19000,33000,35000,11783,5,480,1308.1731629551348,13.70879999740282,35442.16790000064,476.3480437919036
1783090643,20,,Aggregated,6.400000,0.000000,480,1100,1500,2000,3700,5400,8500,11000,19000,33000,35000,11790,5,480,1309.4227718490542,13.70879999740282,35442.16790000064,476.5537743850721
1783090644,20,,Aggregated,6.400000,0.000000,480,1100,1500,2000,3700,5400,8500,11000,19000,33000,35000,11796,5,480,1309.665612885753,13.70879999740282,35442.16790000064,476.59113258731776
1783090645,20,,Aggregated,7.100000,0.000000,480,1100,1500,2000,3700,5400,8500,11000,19000,33000,35000,11802,5,480,1309.6992909252965,13.70879999740282,35442.16790000064,476.71208269784785
1783090646,20,,Aggregated,7.000000,0.000000,490,1100,1500,2000,3700,5400,8500,11000,19000,33000,35000,11808,5,490,1310.041030758838,13.70879999740282,35442.16790000064,476.8191903794038
1783090647,20,,Aggregated,6.500000,0.000000,490,1100,1500,2000,3700,5400,8500,11000,19000,33000,35000,11820,5,490,1313.6796655499459,13.70879999740282,35442.16790000064,477.00592216582066
1783090648,20,,Aggregated,6.300000,0.000000,490,1100,1500,2000,3700,5400,8500,11000,19000,33000,35000,11830,5,490,1313.9265594590345,13.70879999740282,35442.16790000064,477.06289095519867
1783090649,20,,Aggregated,7.000000,0.000000,490,1100,1500,2000,3700,5400,8500,11000,19000,33000,35000,11842,5,490,1313.7353421128519,13.70879999740282,35442.16790000064,477.0288802567134
1783090650,20,,Aggregated,7.200000,0.000000,490,1100,1500,2000,3700,5400,8500,11000,19000,33000,35000,11851,5,490,1313.6506237364258,13.70879999740282,35442.16790000064,477.05678845667035
1783090651,20,,Aggregated,7.600000,0.000000,490,1100,1500,2000,3700,5400,8500,11000,19000,33000,35000,11860,5,490,1314.1358965177387,13.70879999740282,35442.16790000064,477.21011804384483
1783090652,20,,Aggregated,8.100000,0.000000,490,1100,1500,2000,3700,5400,8500,11000,19000,33000,35000,11867,5,490,1315.0703717789158,13.70879999740282,35442.16790000064,477.2894581612876
1783090653,20,,Aggregated,8.200000,0.000000,490,1100,1500,2000,3700,5500,8500,11000,19000,33000,35000,11875,5,490,1315.787699713718,13.70879999740282,35442.16790000064,477.27385263157896
1783090654,20,,Aggregated,8.200000,0.000000,490,1100,1500,2000,3700,5500,8500,11000,19000,33000,35000,11887,5,490,1317.181834348481,13.70879999740282,35442.16790000064,477.3904265163624
1783090655,20,,Aggregated,8.400000,0.000000,490,1100,1500,2000,3700,5500,8500,11000,19000,33000,35000,11895,5,490,1317.6093590080202,13.70879999740282,35442.16790000064,477.430096679277
1783090656,20,,Aggregated,8.800000,0.000000,490,1100,1500,2000,3700,5500,8500,11000,19000,33000,35000,11903,5,490,1318.4707899857515,13.70879999740282,35442.16790000064,477.60833403343696
1783090657,20,,Aggregated,9.100000,0.000000,490,1100,1500,2000,3700,5500,8500,11000,19000,33000,35000,11909,5,490,1318.9693684776557,13.70879999740282,35442.16790000064,477.5898899991603
1783090658,20,,Aggregated,9.100000,0.000000,490,1100,1500,2000,3700,5500,8500,11000,19000,33000,35000,11913,5,490,1319.0575908419712,13.70879999740282,35442.16790000064,477.5823889868211
1783090659,20,,Aggregated,8.900000,0.000000,490,1100,1500,2000,3700,5500,8500,11000,19000,33000,35000,11924,5,490,1320.5878106005032,13.70879999740282,35442.16790000064,477.65481382086546
1783090660,20,,Aggregated,8.500000,0.000000,490,1100,1500,2000,3700,5500,8500,11000,19000,33000,35000,11934,5,490,1320.9537172867765,13.70879999740282,35442.16790000064,477.72590916708566
1783090661,20,,Aggregated,8.000000,0.000000,490,1100,1600,2000,3700,5500,8500,11000,19000,33000,35000,11944,5,490,1322.486034017111,13.70879999740282,35442.16790000064,477.8369055592766
1783090662,20,,Aggregated,8.000000,0.000000,490,1100,1600,2000,3700,5500,8500,11000,19000,33000,35000,11952,5,490,1322.6729109772741,13.70879999740282,35442.16790000064,477.8760876840696
1783090663,20,,Aggregated,8.400000,0.000000,500,1100,1600,2000,3700,5500,8500,11000,19000,33000,35000,11958,5,490,1323.226008563336,13.70879999740282,35442.16790000064,478.0498411105536
1783090664,20,,Aggregated,8.500000,0.000000,500,1100,1600,2000,3700,5500,8500,11000,19000,33000,35000,11964,5,500,1323.9052159060836,13.70879999740282,35442.16790000064,478.1687562688064
1783090665,20,,Aggregated,8.300000,0.000000,500,1100,1600,2000,3700,5500,8500,11000,19000,33000,35000,11973,5,500,1324.2626539631165,13.70879999740282,35442.16790000064,478.31938528355465
1783090666,20,,Aggregated,7.800000,0.000000,500,1100,1600,2000,3700,5500,8500,11000,19000,33000,35000,11982,5,500,1325.2305265648804,13.70879999740282,35442.16790000064,478.46912034718747
1783090667,20,,Aggregated,7.700000,0.000000,500,1100,1600,2000,3700,5500,8500,11000,19000,33000,35000,11989,5,500,1325.416327316741,13.70879999740282,35442.16790000064,478.4388189173409
1783090668,20,,Aggregated,7.800000,0.000000,500,1100,1600,2000,3700,5500,8500,11000,19000,33000,35000,11995,5,500,1326.1093270779827,13.70879999740282,35442.16790000064,478.55648186744475
1783090669,20,,Aggregated,8.000000,0.000000,500,1100,1600,2000,3700,5500,8500,11000,19000,33000,35000,12003,5,500,1326.580300149996,13.70879999740282,35442.16790000064,478.6775806048488
1783090670,20,,Aggregated,8.000000,0.000000,500,1100,1600,2000,3700,5500,8500,11000,19000,33000,35000,12012,5,500,1328.2462266900102,13.70879999740282,35442.16790000064,478.758991008991
1783090671,20,,Aggregated,7.800000,0.000000,500,1100,1600,2000,3700,5500,8500,11000,19000,33000,35000,12023,5,500,1327.9628006820594,13.70879999740282,35442.16790000064,478.8564418198453
1783090672,20,,Aggregated,7.800000,0.000000,500,1100,1600,2000,3700,5500,8500,11000,19000,33000,35000,12034,5,500,1328.7477681569223,13.70879999740282,35442.16790000064,478.9406681070301
1783090673,20,,Aggregated,7.800000,0.000000,500,1100,1600,2000,3700,5500,8500,11000,19000,33000,35000,12044,5,500,1329.2500497841588,13.70879999740282,35442.16790000064,479.0638492195284
1783090674,20,,Aggregated,8.000000,0.000000,500,1100,1600,2000,3700,5500,8500,11000,19000,33000,35000,12054,5,500,1329.6076799734878,13.70879999740282,35442.16790000064,479.18591338974613
1783090675,20,,Aggregated,8.400000,0.000000,500,1100,1600,2000,3700,5500,8500,11000,19000,33000,35000,12060,5,500,1329.679494510815,13.70879999740282,35442.16790000064,479.23457711442785
1783090676,20,,Aggregated,8.800000,0.000000,500,1100,1600,2000,3700,5500,8500,11000,19000,33000,35000,12073,5,500,1329.5555431790303,13.70879999740282,35442.16790000064,479.21262320881306
1783090677,20,,Aggregated,8.800000,0.000000,500,1100,1600,2000,3700,5500,8500,11000,19000,33000,35000,12081,5,500,1330.2669657892925,13.70879999740282,35442.16790000064,479.26371989073755
1783090678,20,,Aggregated,8.700000,0.000000,500,1100,1600,2100,3700,5500,8500,11000,19000,33000,35000,12088,5,500,1331.4726737839549,13.70879999740282,35442.16790000064,479.3952680344143
1783090679,20,,Aggregated,8.900000,0.000000,510,1100,1600,2100,3700,5500,8500,11000,19000,33000,35000,12094,5,510,1331.7371431867405,13.70879999740282,35442.16790000064,479.5663138746486
1783090680,20,,Aggregated,9.200000,0.000000,510,1100,1600,2100,3700,5500,8500,11000,19000,33000,35000,12104,5,510,1331.5157188698315,13.70879999740282,35442.16790000064,479.6202081956378
1783090681,20,,Aggregated,9.200000,0.000000,510,1100,1600,2100,3700,5500,8500,11000,19000,33000,35000,12111,5,510,1332.2256562464247,13.70879999740282,35442.16790000064,479.7628602097267
1783090682,20,,Aggregated,9.100000,0.000000,510,1100,1600,2100,3700,5500,8500,11000,19000,33000,35000,12119,5,510,1333.0894605990954,13.70879999740282,35442.16790000064,479.8255631652777
1783090683,20,,Aggregated,8.700000,0.000000,510,1100,1600,2100,3700,5500,8500,11000,19000,33000,35000,12126,5,510,1333.0060116774227,13.70879999740282,35442.16790000064,479.96841497608443
1783090684,20,,Aggregated,8.500000,0.000000,510,1100,1600,2100,3700,5500,8500,11000,19000,33000,35000,12137,5,510,1334.2419261432337,13.70879999740282,35442.16790000064,480.0613001565461
1783090685,20,,Aggregated,8.200000,0.000000,510,1100,1600,2100,3800,5500,8500,11000,19000,33000,35000,12146,5,510,1335.1608246089604,13.70879999740282,35442.16790000064,480.08414292771283
1783090686,20,,Aggregated,8.100000,0.000000,510,1100,1600,2100,3800,5500,8500,11000,19000,33000,35000,12155,5,510,1335.622545059681,13.70879999740282,35442.16790000064,480.2278897573015
